Publication_year,NPmaterials,NPshape,Coated,Charge,Pegylation,Uptakepathway,Toxicity,Immuneresponse,Otherbiologicaleffect,PCmethods,Incubationcondition,PCprotein
2015,Micelles,Nanotubes,Coated,Negative charge,Pegylated,Phagocytosis,Cytotoxicity,Complement,Stability,Fluorescence,Serum,Albumin
2018,Lipoplexes,Nanotubes,Coated,Negative charge,Pegylated,Unknown,Cytotoxicity,Complement,Antipeg,Proteomics,Serum,Lipoprotein
2015,Others,Nanotubes,Coated,Positive charge,Pegylated,Phagocytosis,Cytotoxicity,Immune response,Biodistribution,Fluorescence,Serum,Albumin
2018,Peptide,Spherical,Unknown,Negative charge,Pegylated,Unknown,Cytotoxicity,Macrophages,Biodistribution,Fluorescence,Serum,Lipoprotein
2016,Magnetic,Others,Coated,Positive charge,Pegylated,Endocytosis,Cytotoxicity,Immune response,Biodistribution,Spectrum,Medium,Transferrin
2021,Lipoplexes,Others,Coated,Negative charge,Pegylated,Phagocytosis,Cytotoxicity,Complement,Release,Fluorescence,Plasma,Lipoprotein
2016,Gold,Others,Coated,Negative charge,Pegylated,Unknown,Unknown,Macrophages,Biodistribution,Spectrum,Serum,Albumin
2017,Others,Nanotubes,Coated,Negative charge,Pegylated,Phagocytosis,Cytotoxicity,Complement,Therapy,Spectrum,Serum,Fibrinogen
2019,Micelles,Nanorods,Coated,Positive charge,Pegylated,Unknown,Unknown,Macrophages,Release,Fluorescence,Serum,Albumin
2022,Others,Spherical,Coated,Positive charge,Pegylated,Endocytosis,Cytotoxicity,Immune response,Targeting,Fluorescence,Serum,Albumin
2018,Peptide,Spherical,Uncoated,Positive charge,Pegylated,Phagocytosis,Cytotoxicity,Complement,Biodistribution,Proteomics,Serum,Lipoprotein
2021,Micelles,Spherical,Coated,Positive charge,Pegylated,Phagocytosis,Cytotoxicity,Immune response,Biodistribution,Fluorescence,Medium,Albumin
2018,Agglomerates,Nanosheets,Coated,Negative charge,Pegylated,Endocytosis,Cytotoxicity,Macrophages,Stability,Icpms,Medium,Lipoprotein
2017,Others,Nanostars,Coated,Negative charge,Pegylated,Endocytosis,Cytotoxicity,Macrophages,Anticancer,Microscope,Medium,Others
2023,Agglomerates,Nanosheets,Unknown,Positive charge,Pegylated,Unknown,Cytotoxicity,Others,Release,Microscope,Serum,Others
2014,Quantum,Nanorods,Coated,Positive charge,Pegylated,Phagocytosis,Cytotoxicity,Macrophages,Biodistribution,Spectrum,Serum,Albumin
2014,Micelles,Nanorods,Coated,Positive charge,Pegylated,Phagocytosis,Cytotoxicity,Macrophages,Stability,Microscope,Medium,Others
2017,Micelles,Others,Coated,Positive charge,Pegylated,Phagocytosis,Cytotoxicity,Complement,Anticancer,Microscope,Serum,Albumin
2017,Others,Others,Coated,Negative charge,Pegylated,Phagocytosis,Cytotoxicity,Complement,Targeting,Sdspage,Serum,Lipoprotein
2021,Agglomerates,Others,Coated,Positive charge,Pegylated,Phagocytosis,Cytotoxicity,Others,Biodistribution,Fluorescence,Plasma,Albumin
2023,Magnetic,Nanosheets,Coated,Negative charge,Pegylated,Phagocytosis,Cytotoxicity,Macrophages,Biodistribution,Microscope,Serum,Lipoprotein
2024,Others,Spherical,Coated,Positive charge,Pegylated,Phagocytosis,Cytotoxicity,Complement,Biodistribution,Spectrum,Serum,Lipoprotein
2014,Lipoplexes,Others,Coated,Positive charge,Pegylated,Phagocytosis,Unknown,Macrophages,Anticancer,Sdspage,Plasma,Albumin
2014,Lipoplexes,Others,Unknown,Unknown,Pegylated,Unknown,Unknown,Complement,Release,Sdspage,Serum,Transferrin
2018,Magnetic,Amorphous,Coated,Negative charge,Pegylated,Phagocytosis,Cytotoxicity,Immune response,Targeting,Sdspage,Serum,Fibrinogen
2023,Others,Spherical,Coated,Positive charge,Pegylated,Phagocytosis,Unknown,Macrophages,Antipeg,Fluorescence,Plasma,Others
2018,Micelles,Others,Coated,Unknown,Pegylated,Phagocytosis,Unknown,Macrophages,Biodistribution,Fluorescence,Plasma,Lipoprotein
2019,Micelles,Spherical,Coated,Negative charge,Pegylated,Phagocytosis,Cytotoxicity,Complement,Biodistribution,Proteomics,Serum,Lipoprotein
2021,Others,Spherical,Coated,Positive charge,Pegylated,Phagocytosis,Unknown,Macrophages,Biodistribution,Spectrum,Serum,Albumin
2023,Virus,Nanorods,Coated,Negative charge,Pegylated,Phagocytosis,Cytotoxicity,Macrophages,Biodistribution,Microscope,Serum,Albumin
2019,Lipoplexes,Others,Coated,Positive charge,Pegylated,Endocytosis,Cytotoxicity,Others,Anticancer,Microscope,Medium,Others
2019,Micelles,Spherical,Coated,Negative charge,Pegylated,Endocytosis,Cytotoxicity,Macrophages,Biodistribution,Fluorescence,Medium,Albumin
2019,Micelles,Others,Coated,Negative charge,Pegylated,Phagocytosis,Cytotoxicity,Others,Antibacterial,Fluorescence,Serum,Transferrin
2021,Others,Nanorods,Coated,Negative charge,Pegylated,Phagocytosis,Cytotoxicity,Immune response,Biodistribution,Fluorescence,Plasma,Lipoprotein
2016,Polystyrene,Spherical,Coated,Negative charge,Pegylated,Unknown,Cytotoxicity,Macrophages,Biodistribution,Spectrum,Serum,Albumin
2019,Lipoplexes,Spherical,Coated,Positive charge,Pegylated,Phagocytosis,Cytotoxicity,Macrophages,Targeting,Proteomics,Serum,Albumin
2020,Micelles,Spherical,Coated,Negative charge,Pegylated,Endocytosis,Cytotoxicity,Immune response,Anticancer,Microscope,Medium,Albumin
2020,Others,Nanorods,Coated,Negative charge,Pegylated,Unknown,Cytotoxicity,Macrophages,Biodistribution,Fluorescence,Serum,Albumin
2014,Lipoplexes,Others,Coated,Positive charge,Pegylated,Phagocytosis,Cytotoxicity,Macrophages,Biodistribution,Microscope,Plasma,Lipoprotein
2020,Others,Others,Coated,Negative charge,Pegylated,Phagocytosis,Cytotoxicity,Complement,Anticancer,Fluorescence,Plasma,Fibrinogen
2022,Unknown,Others,Coated,Negative charge,Pegylated,Phagocytosis,Unknown,Macrophages,Anticancer,Spectrum,Serum,Others
2012,Others,Others,Coated,Negative charge,Pegylated,Phagocytosis,Unknown,Macrophages,Biodistribution,Fluorescence,Medium,Albumin
2016,Lipoplexes,Spherical,Coated,Positive charge,Pegylated,Unknown,Unknown,Others,Biodistribution,Fluorescence,Plasma,Albumin
2016,Gold,Nanotubes,Coated,Positive charge,Pegylated,Endocytosis,Cytotoxicity,Inflammation,Release,Icpms,Plasma,Albumin
2016,Lipoplexes,Spherical,Coated,Positive charge,Pegylated,Endocytosis,Cytotoxicity,Dendritic cells,Targeting,Fluorescence,Serum,Others
2017,Micelles,Nanorods,Coated,Positive charge,Pegylated,Unknown,Cytotoxicity,Others,Stability,Fluorescence,Serum,Albumin
2019,Micelles,Others,Coated,Unknown,Pegylated,Phagocytosis,Unknown,Dendritic cells,Release,Fluorescence,Serum,Albumin
2021,Micelles,Others,Coated,Negative charge,Pegylated,Phagocytosis,Cytotoxicity,Macrophages,Stability,Fluorescence,Serum,Others
2023,Carbon,Nanotubes,Coated,Negative charge,Pegylated,Phagocytosis,Cytotoxicity,Immune response,Anticancer,Spectrum,Plasma,Albumin
2016,Colloids,Nanorods,Coated,Negative charge,Pegylated,Endocytosis,Cytotoxicity,Immune response,Stability,Fluorescence,Medium,Albumin
2018,Lipoplexes,Spherical,Coated,Negative charge,Pegylated,Phagocytosis,Cytotoxicity,Macrophages,Anticancer,Proteomics,Plasma,Albumin
2019,Carbon,Nanotubes,Coated,Negative charge,Pegylated,Phagocytosis,Cytotoxicity,Inflammation,Release,Spectrum,Serum,Albumin
2021,Micelles,Others,Coated,Negative charge,Pegylated,Unknown,Cytotoxicity,Immune response,Anticancer,Fluorescence,Serum,Albumin
2014,Micelles,Spherical,Coated,Positive charge,Pegylated,Unknown,Cytotoxicity,Others,Biodistribution,Fluorescence,Medium,Others
2018,Micelles,Others,Coated,Positive charge,Pegylated,Phagocytosis,Cytotoxicity,Immune response,Stability,Sdspage,Serum,Albumin
2022,Lipoplexes,Nanotubes,Coated,Positive charge,Pegylated,Unknown,Unknown,Complement,Antipeg,Sdspage,Plasma,Lipoprotein
2013,Silicon,Amorphous,Coated,Positive charge,Pegylated,Unknown,Cytotoxicity,Immune response,Stability,Spectrum,Serum,Albumin
2015,Lipoplexes,Others,Coated,Negative charge,Pegylated,Unknown,Unknown,Macrophages,Targeting,Microscope,Plasma,Transferrin
2017,Micelles,Others,Coated,Negative charge,Pegylated,Phagocytosis,Cytotoxicity,Complement,Biodistribution,Proteomics,Plasma,Lipoprotein
2021,Silicon,Others,Unknown,Positive charge,Pegylated,Unknown,Cytotoxicity,Others,Stability,Spectrum,Serum,Others
2021,Lipoplexes,Others,Coated,Negative charge,Pegylated,Phagocytosis,Cytotoxicity,Macrophages,Biodistribution,Microscope,Medium,Others
2013,Silicon,Spherical,Coated,Unknown,Pegylated,Unknown,Cytotoxicity,Macrophages,Anticancer,Fluorescence,Medium,Albumin
2015,Micelles,Others,Coated,Negative charge,Pegylated,Phagocytosis,Cytotoxicity,Inflammation,Targeting,Sdspage,Plasma,Lipoprotein
2016,Carbon,Nanotubes,Coated,Negative charge,Pegylated,Phagocytosis,Cytotoxicity,Inflammation,Enzymes,Sdspage,Serum,Albumin
2022,Lipoplexes,Spherical,Coated,Positive charge,Pegylated,Phagocytosis,Unknown,Immune response,Biodistribution,Fluorescence,Plasma,Fibrinogen
2022,Lipoplexes,Amorphous,Coated,Neutral,Pegylated,Unknown,Cytotoxicity,Macrophages,Targeting,Spectrum,Serum,Lipoprotein
2024,Micelles,Others,Coated,Positive charge,Pegylated,Phagocytosis,Cytotoxicity,Macrophages,Anticancer,Fluorescence,Serum,Albumin
2016,Lipoplexes,Nanorods,Coated,Unknown,Pegylated,Endocytosis,Cytotoxicity,Others,Targeting,Spectrum,Serum,Albumin
2015,Oxidative,Others,Coated,Negative charge,Pegylated,Unknown,Unknown,Macrophages,Biodistribution,Sdspage,Plasma,Transferrin
2016,Micelles,Spherical,Coated,Positive charge,Pegylated,Phagocytosis,Cytotoxicity,Complement,Biodistribution,Sdspage,Serum,Lipoprotein
2018,Others,Spherical,Coated,Negative charge,Pegylated,Endocytosis,Cytotoxicity,Macrophages,Targeting,Spectrum,Medium,Fibrinogen
2019,Quantum,Nanorods,Coated,Positive charge,Pegylated,Unknown,Cytotoxicity,Macrophages,Stability,Sdspage,Serum,Albumin
2019,Oxidative,Spherical,Coated,Negative charge,Pegylated,Phagocytosis,Cytotoxicity,Macrophages,Biodistribution,Sdspage,Plasma,Albumin
2020,Magnetic,Others,Coated,Negative charge,Pegylated,Endocytosis,Cytotoxicity,Immune response,Biodistribution,Sdspage,Plasma,Fibrinogen
2020,Lipoplexes,Others,Coated,Negative charge,Pegylated,Phagocytosis,Cytotoxicity,Complement,Anticancer,Proteomics,Plasma,Lipoprotein
2023,Others,Others,Coated,Negative charge,Pegylated,Macropinocytosis,Cytotoxicity,Dendritic cells,Anticancer,Fluorescence,Serum,Transferrin
2024,Lipoplexes,Others,Coated,Negative charge,Pegylated,Phagocytosis,Hemotoxicity,Complement,Biodistribution,Fluorescence,Serum,Lipoprotein
2015,Magnetic,Others,Coated,Positive charge,Pegylated,Unknown,Cytotoxicity,Others,Release,Microscope,Plasma,Albumin
2019,Micelles,Nanorods,Coated,Positive charge,Pegylated,Phagocytosis,Cytotoxicity,Immune response,Targeting,Fluorescence,Serum,Albumin
2021,Magnetic,Others,Coated,Unknown,Pegylated,Unknown,Cytotoxicity,Complement,Antipeg,Proteomics,Plasma,Lipoprotein
2018,Others,Nanorods,Coated,Negative charge,Pegylated,Endocytosis,Cytotoxicity,Inflammation,Biodistribution,Spectrum,Plasma,Transferrin
2018,Lipoplexes,Spherical,Coated,Positive charge,Pegylated,Endocytosis,Cytotoxicity,Macrophages,Anticancer,Microscope,Serum,Others
2018,Surfactants,Spherical,Coated,Negative charge,Pegylated,Phagocytosis,Unknown,Macrophages,Stability,Sdspage,Plasma,Lipoprotein
2014,Gold,Nanorods,Coated,Negative charge,Pegylated,Endocytosis,Cytotoxicity,Complement,Anticancer,Microscope,Medium,Albumin
2017,Surfactants,Nanotubes,Coated,Negative charge,Pegylated,Phagocytosis,Cytotoxicity,Macrophages,Biodistribution,Sdspage,Plasma,Lipoprotein
2017,Lipoplexes,Spherical,Coated,Positive charge,Pegylated,Unknown,Cytotoxicity,Complement,Anticancer,Spectrum,Serum,Lipoprotein
2017,Lipoplexes,Others,Coated,Negative charge,Pegylated,Unknown,Cytotoxicity,Immune response,Biodistribution,Sdspage,Plasma,Albumin
2018,Micelles,Nanorods,Coated,Negative charge,Pegylated,Endocytosis,Cytotoxicity,Complement,Anticancer,Spectrum,Medium,Albumin
2020,Lipoplexes,Spherical,Coated,Negative charge,Pegylated,Endocytosis,Cytotoxicity,Complement,Targeting,Fluorescence,Serum,Albumin
2021,Others,Others,Coated,Unknown,Pegylated,Unknown,Unknown,Complement,Release,Proteomics,Serum,Lipoprotein
2021,Carbon,Nanotubes,Coated,Positive charge,Pegylated,Unknown,Cytotoxicity,Immune response,Biodistribution,Sdspage,Plasma,Lipoprotein
2021,Lipoplexes,Others,Coated,Negative charge,Pegylated,Unknown,Cytotoxicity,Macrophages,Biodistribution,Proteomics,Bovine,Albumin
2021,Micelles,Others,Coated,Positive charge,Pegylated,Endocytosis,Cytotoxicity,Macrophages,Biodistribution,Microscope,Medium,Fibrinogen
2022,Gold,Spherical,Coated,Negative charge,Pegylated,Unknown,Cytotoxicity,Macrophages,Biodistribution,Microscope,Serum,Others
2023,Lipoplexes,Others,Unknown,Positive charge,Pegylated,Unknown,Unknown,Others,Biodistribution,Microscope,Plasma,Lipoprotein
2014,Colloids,Nanotubes,Coated,Negative charge,Pegylated,Phagocytosis,Cytotoxicity,Complement,Biodistribution,Spectrum,Plasma,Fibrinogen
2015,Colloids,Others,Coated,Positive charge,Pegylated,Unknown,Cytotoxicity,Others,Anticancer,Spectrum,Serum,Albumin
2016,Lipoplexes,Spherical,Coated,Negative charge,Pegylated,Unknown,Cytotoxicity,Complement,Anticancer,Proteomics,Plasma,Fibrinogen
2017,Micelles,Nanorods,Coated,Negative charge,Pegylated,Unknown,Cytotoxicity,Others,Stability,Spectrum,Medium,Albumin
2020,Lipoplexes,Others,Coated,Positive charge,Pegylated,Unknown,Cytotoxicity,Complement,Biodistribution,Proteomics,Plasma,Lipoprotein
2020,Others,Spherical,Coated,Neutral,Pegylated,Phagocytosis,Cytotoxicity,Complement,Enzymes,Sdspage,Plasma,Others
2014,Others,Nanorods,Coated,Negative charge,Pegylated,Unknown,Cytotoxicity,Macrophages,Anticancer,Proteomics,Bovine,Albumin
2015,Virus,Nanorods,Coated,Unknown,Pegylated,Endocytosis,Cytotoxicity,Macrophages,Biodistribution,Fluorescence,Serum,Others
2019,Magnetic,Spherical,Coated,Negative charge,Pegylated,Phagocytosis,Cytotoxicity,Others,Targeting,Microscope,Plasma,Transferrin
2019,Lipoplexes,Spherical,Coated,Negative charge,Pegylated,Phagocytosis,Mitochondrial toxicity,Complement,Anticancer,Proteomics,Plasma,Lipoprotein
2019,Gold,Others,Coated,Negative charge,Pegylated,Phagocytosis,Cytotoxicity,Macrophages,Stability,Spectrum,Serum,Albumin
2019,Lipoplexes,Others,Coated,Positive charge,Pegylated,Unknown,Unknown,Complement,Anticancer,Proteomics,Serum,Albumin
2020,Others,Nanotubes,Coated,Positive charge,Pegylated,Phagocytosis,Unknown,Macrophages,Biodistribution,Spectrum,Serum,Albumin
2020,Micelles,Spherical,Coated,Negative charge,Pegylated,Endocytosis,Cytotoxicity,Macrophages,Biodistribution,Microscope,Plasma,Albumin
2020,Others,Nanorods,Coated,Negative charge,Pegylated,Endocytosis,Cytotoxicity,Macrophages,Anticancer,Microscope,Serum,Albumin
2022,Agglomerates,Others,Coated,Positive charge,Pegylated,Phagocytosis,Unknown,Macrophages,Biodistribution,Fluorescence,Plasma,Albumin
2024,Lipoplexes,Others,Coated,Negative charge,Pegylated,Phagocytosis,Cytotoxicity,Complement,Biodistribution,Fluorescence,Plasma,Others
2014,Lipoplexes,Spherical,Coated,Positive charge,Pegylated,Phagocytosis,Cytotoxicity,Immune response,Biodistribution,Spectrum,Plasma,Lipoprotein
2017,Polystyrene,Others,Coated,Positive charge,Pegylated,Unknown,Cytotoxicity,Complement,Targeting,Spectrum,Plasma,Albumin
2018,Magnetic,Nanotubes,Coated,Negative charge,Pegylated,Phagocytosis,Cytotoxicity,Macrophages,Biodistribution,Microscope,Medium,Albumin
2020,Others,Nanostars,Coated,Neutral,Pegylated,Unknown,Cytotoxicity,Others,Anticancer,Spectrum,Plasma,Albumin
2023,Micelles,Others,Coated,Negative charge,Pegylated,Phagocytosis,Cytotoxicity,Immune response,Therapy,Microscope,Plasma,Albumin
2024,Micelles,Spherical,Coated,Neutral,Pegylated,Unknown,Cytotoxicity,Complement,Stability,Spectrum,Serum,Albumin
2016,Micelles,Spherical,Coated,Negative charge,Pegylated,Macropinocytosis,Cytotoxicity,Macrophages,Release,Microscope,Medium,Albumin
2019,Lipoplexes,Spherical,Coated,Negative charge,Pegylated,Phagocytosis,Cytotoxicity,Macrophages,Stability,Spectrum,Serum,Albumin
2019,Gold,Spherical,Coated,Negative charge,Pegylated,Unknown,Cytotoxicity,Macrophages,Biodistribution,Proteomics,Serum,Albumin
2019,Lipoplexes,Spherical,Coated,Negative charge,Pegylated,Phagocytosis,Cytotoxicity,Macrophages,Biodistribution,Fluorescence,Plasma,Albumin
2021,Gold,Others,Coated,Positive charge,Pegylated,Endocytosis,Cytotoxicity,Macrophages,Biodistribution,Microscope,Serum,Transferrin
2021,Lipoplexes,Others,Coated,Positive charge,Pegylated,Unknown,Unknown,Macrophages,Biodistribution,Proteomics,Plasma,Albumin
2021,Micelles,Others,Coated,Negative charge,Pegylated,Unknown,Cytotoxicity,Macrophages,Biodistribution,Microscope,Serum,Others
2021,Agglomerates,Nanorods,Coated,Negative charge,Pegylated,Phagocytosis,Hemotoxicity,Complement,Biodistribution,Microscope,Serum,Albumin
2022,Others,Others,Coated,Unknown,Pegylated,Phagocytosis,Cytotoxicity,Macrophages,Anticancer,Fluorescence,Plasma,Albumin
2024,Gold,Nanorods,Coated,Negative charge,Pegylated,Phagocytosis,Cytotoxicity,Macrophages,Stability,Sdspage,Serum,Albumin
2017,Micelles,Amorphous,Coated,Negative charge,Pegylated,Unknown,Cytotoxicity,Others,Biodistribution,Others,Plasma,Others
2017,Micelles,Amorphous,Coated,Negative charge,Pegylated,Unknown,Cytotoxicity,Dendritic cells,Stability,Spectrum,Serum,Albumin
2018,Surfactants,Others,Coated,Positive charge,Pegylated,Unknown,Unknown,Others,Stability,Fluorescence,Plasma,Lipoprotein
2020,Others,Others,Coated,Positive charge,Pegylated,Phagocytosis,Cytotoxicity,Immune response,Anticancer,Microscope,Plasma,Lipoprotein
2020,Silicon,Others,Coated,Positive charge,Pegylated,Phagocytosis,Hemotoxicity,Immune response,Stability,Spectrum,Serum,Albumin
2021,Lipoplexes,Nanotubes,Coated,Positive charge,Pegylated,Endocytosis,Cytotoxicity,Inflammation,Release,Spectrum,Plasma,Albumin
2021,Others,Others,Coated,Negative charge,Pegylated,Phagocytosis,Cytotoxicity,Macrophages,Anticancer,Fluorescence,Medium,Lipoprotein
2022,Silicon,Others,Coated,Negative charge,Pegylated,Endocytosis,Cytotoxicity,Macrophages,Release,Microscope,Plasma,Others
2024,Silicon,Spherical,Coated,Negative charge,Pegylated,Phagocytosis,Cytotoxicity,Inflammation,Anticancer,Fluorescence,Plasma,Albumin
2010,Micelles,Spherical,Coated,Positive charge,Pegylated,Unknown,Cytotoxicity,Others,Biodistribution,Spectrum,Serum,Albumin
2014,Others,Spherical,Uncoated,Positive charge,Pegylated,Endocytosis,Cytotoxicity,Monocytes,Biodistribution,Icpms,Medium,Others
2016,Silver,Spherical,Coated,Negative charge,Pegylated,Unknown,Cytotoxicity,Complement,Biodistribution,Proteomics,Serum,Lipoprotein
2016,Silver,Others,Coated,Negative charge,Pegylated,Unknown,Cytotoxicity,Others,Antibacterial,Fluorescence,Serum,Albumin
2016,Micelles,Spherical,Coated,Positive charge,Pegylated,Endocytosis,Cytotoxicity,Macrophages,Biodistribution,Fluorescence,Serum,Albumin
2016,Lipoplexes,Others,Coated,Positive charge,Pegylated,Unknown,Cytotoxicity,Macrophages,Anticancer,Fluorescence,Serum,Albumin
2017,Colloids,Others,Coated,Negative charge,Pegylated,Endocytosis,Cytotoxicity,Others,Biodistribution,Sdspage,Serum,Albumin
2017,Lipoplexes,Nanotubes,Coated,Negative charge,Pegylated,Unknown,Unknown,Others,Biodistribution,Fluorescence,Serum,Albumin
2019,Lipoplexes,Others,Unknown,Positive charge,Pegylated,Phagocytosis,Cytotoxicity,Others,Biodistribution,Proteomics,Plasma,Albumin
2020,Surfactants,Amorphous,Coated,Negative charge,Pegylated,Phagocytosis,Cytotoxicity,Macrophages,Biodistribution,Spectrum,Plasma,Fibrinogen
2020,Others,Nanotubes,Coated,Negative charge,Pegylated,Endocytosis,Cytotoxicity,Macrophages,Targeting,Proteomics,Serum,Albumin
2023,Micelles,Others,Coated,Positive charge,Pegylated,Unknown,Cytotoxicity,Dendritic cells,Anticancer,Fluorescence,Serum,Others
2024,Gold,Others,Coated,Negative charge,Pegylated,Endocytosis,Cytotoxicity,Complement,Targeting,Proteomics,Serum,Albumin
2013,Carbon,Nanotubes,Coated,Positive charge,Pegylated,Phagocytosis,Cytotoxicity,Complement,Biodistribution,Proteomics,Plasma,Albumin
2014,Carbon,Nanotubes,Coated,Positive charge,Pegylated,Unknown,Cytotoxicity,Inflammation,Biodistribution,Microscope,Bovine,Albumin
2016,Micelles,Others,Coated,Negative charge,Pegylated,Phagocytosis,Cytotoxicity,Macrophages,Stability,Microscope,Medium,Others
2016,Magnetic,Spherical,Coated,Negative charge,Pegylated,Endocytosis,Cytotoxicity,Macrophages,Biodistribution,Microscope,Medium,Albumin
2017,Colloids,Others,Coated,Negative charge,Pegylated,Unknown,Cytotoxicity,Complement,Stability,Spectrum,Serum,Albumin
2017,Gold,Nanotubes,Coated,Positive charge,Pegylated,Phagocytosis,Cytotoxicity,Cytokines,Biodistribution,Spectrum,Medium,Albumin
2017,Micelles,Others,Coated,Positive charge,Pegylated,Unknown,Cytotoxicity,Cytokines,Release,Microscope,Medium,Others
2018,Gold,Spherical,Coated,Negative charge,Pegylated,Unknown,Cytotoxicity,Macrophages,Biodistribution,Sdspage,Serum,Fibrinogen
2018,Others,Others,Coated,Negative charge,Pegylated,Phagocytosis,Cytotoxicity,Dendritic cells,Biodistribution,Fluorescence,Serum,Albumin
2019,Micelles,Nanorods,Coated,Negative charge,Pegylated,Phagocytosis,Cytotoxicity,Immune response,Stability,Microscope,Plasma,Others
2021,Others,Others,Coated,Negative charge,Pegylated,Unknown,Unknown,Complement,Biodistribution,Proteomics,Plasma,Lipoprotein
2021,Zwitterionic,Spherical,Coated,Positive charge,Pegylated,Phagocytosis,Cytotoxicity,Dendritic cells,Anticancer,Fluorescence,Medium,Others
2022,Lipoplexes,Spherical,Coated,Negative charge,Pegylated,Endocytosis,Cytotoxicity,Immune response,Biodistribution,Microscope,Serum,Transferrin
2023,Peptide,Others,Coated,Positive charge,Pegylated,Phagocytosis,Cytotoxicity,Complement,Biodistribution,Proteomics,Serum,Lipoprotein
2012,Micelles,Others,Coated,Positive charge,Pegylated,Endocytosis,Cytotoxicity,Inflammation,Biodistribution,Spectrum,Others,Others
2014,Silicon,Amorphous,Coated,Positive charge,Pegylated,Unknown,Cytotoxicity,Others,Biodistribution,Microscope,Serum,Others
2015,Others,Others,Coated,Positive charge,Pegylated,Unknown,Unknown,Others,Targeting,Spectrum,Plasma,Others
2015,Silicon,Others,Coated,Negative charge,Pegylated,Endocytosis,Cytotoxicity,Macrophages,Release,Fluorescence,Serum,Albumin
2016,Gold,Spherical,Coated,Positive charge,Pegylated,Unknown,Unknown,Complement,Targeting,Spectrum,Serum,Fibrinogen
2018,Micelles,Spherical,Coated,Negative charge,Pegylated,Endocytosis,Cytotoxicity,Others,Biodistribution,Spectrum,Serum,Albumin
2018,Micelles,Others,Coated,Positive charge,Pegylated,Unknown,Cytotoxicity,Immune response,Biodistribution,Fluorescence,Plasma,Others
2018,Micelles,Others,Coated,Positive charge,Pegylated,Unknown,Cytotoxicity,Dendritic cells,Release,Fluorescence,Serum,Albumin
2019,Surfactants,Nanosheets,Coated,Neutral,Pegylated,Phagocytosis,Cytotoxicity,Macrophages,Biodistribution,Microscope,Plasma,Lipoprotein
2019,Others,Others,Coated,Negative charge,Pegylated,Phagocytosis,Cytotoxicity,Immune response,Biodistribution,Spectrum,Plasma,Fibrinogen
2019,Gold,Spherical,Coated,Negative charge,Pegylated,Phagocytosis,Unknown,Immune response,Targeting,Fluorescence,Serum,Albumin
2020,Others,Spherical,Coated,Unknown,Pegylated,Phagocytosis,Cytotoxicity,Immune response,Anticancer,Microscope,Plasma,Albumin
2020,Magnetic,Spherical,Coated,Positive charge,Pegylated,Phagocytosis,Cytotoxicity,Macrophages,Biodistribution,Fluorescence,Serum,Others
2021,Lipoplexes,Spherical,Coated,Positive charge,Pegylated,Unknown,Unknown,Complement,Biodistribution,Proteomics,Plasma,Others
2021,Others,Nanorods,Coated,Negative charge,Pegylated,Phagocytosis,Cytotoxicity,Complement,Targeting,Spectrum,Serum,Albumin
2021,Micelles,Others,Coated,Negative charge,Pegylated,Phagocytosis,Cytotoxicity,Immune response,Biodistribution,Microscope,Serum,Albumin
2021,Others,Nanotubes,Coated,Positive charge,Pegylated,Phagocytosis,Cytotoxicity,Macrophages,Targeting,Microscope,Serum,Others
2021,Others,Nanorods,Coated,Positive charge,Pegylated,Endocytosis,Cytotoxicity,Macrophages,Biodistribution,Microscope,Serum,Lipoprotein
2021,Micelles,Amorphous,Coated,Positive charge,Pegylated,Unknown,Cytotoxicity,Macrophages,Biodistribution,Microscope,Serum,Lipoprotein
2022,Lipoplexes,Nanosheets,Coated,Negative charge,Pegylated,Unknown,Cytotoxicity,Macrophages,Biodistribution,Microscope,Plasma,Albumin
2023,Polystyrene,Spherical,Coated,Positive charge,Pegylated,Unknown,Unknown,Macrophages,Biodistribution,Fluorescence,Plasma,Fibrinogen
2024,Micelles,Others,Coated,Positive charge,Pegylated,Phagocytosis,Cytotoxicity,Macrophages,Biodistribution,Spectrum,Serum,Others
2014,Magnetic,Amorphous,Coated,Positive charge,Pegylated,Endocytosis,Cytotoxicity,Others,Release,Spectrum,Medium,Others
2015,Silicon,Amorphous,Coated,Positive charge,Pegylated,Endocytosis,Unknown,Others,Targeting,Fluorescence,Serum,Transferrin
2016,Silicon,Amorphous,Coated,Positive charge,Pegylated,Unknown,Cytotoxicity,Macrophages,Biodistribution,Spectrum,Medium,Albumin
2016,Lipoplexes,Others,Coated,Negative charge,Pegylated,Unknown,Cytotoxicity,Macrophages,Targeting,Spectrum,Medium,Albumin
2017,Micelles,Others,Coated,Neutral,Pegylated,Endocytosis,Hemotoxicity,Complement,Biodistribution,Proteomics,Plasma,Lipoprotein
2017,Agglomerates,Others,Coated,Negative charge,Pegylated,Unknown,Cytotoxicity,Macrophages,Biodistribution,Microscope,Medium,Others
2017,Micelles,Others,Coated,Negative charge,Pegylated,Unknown,Cytotoxicity,Others,Anticancer,Microscope,Medium,Others
2018,Micelles,Others,Coated,Negative charge,Pegylated,Unknown,Unknown,Others,Release,Spectrum,Serum,Albumin
2018,Others,Others,Coated,Positive charge,Pegylated,Phagocytosis,Cytotoxicity,Complement,Biodistribution,Microscope,Serum,Lipoprotein
2018,Gold,Spherical,Coated,Positive charge,Pegylated,Phagocytosis,Cytotoxicity,Immune response,Targeting,Sdspage,Plasma,Transferrin
2019,Zwitterionic,Spherical,Coated,Neutral,Pegylated,Phagocytosis,Unknown,Others,Biodistribution,Others,Serum,Albumin
2020,Gold,Nanorods,Coated,Positive charge,Pegylated,Phagocytosis,Cytotoxicity,Complement,Biodistribution,Spectrum,Serum,Lipoprotein
2020,Lipoplexes,Others,Coated,Positive charge,Pegylated,Unknown,Cytotoxicity,Complement,Anticancer,Fluorescence,Plasma,Lipoprotein
2020,Micelles,Spherical,Coated,Negative charge,Pegylated,Phagocytosis,Unknown,Inflammation,Stability,Fluorescence,Serum,Lipoprotein
2020,Micelles,Spherical,Coated,Negative charge,Pegylated,Unknown,Cytotoxicity,Macrophages,Targeting,Sdspage,Plasma,Albumin
2021,Micelles,Nanotubes,Coated,Positive charge,Pegylated,Unknown,Cytotoxicity,Dendritic cells,Enzymes,Fluorescence,Bovine,Albumin
2022,Micelles,Others,Coated,Positive charge,Pegylated,Endocytosis,Cytotoxicity,Immune response,Biodistribution,Proteomics,Serum,Albumin
2022,Micelles,Spherical,Coated,Negative charge,Pegylated,Phagocytosis,Cytotoxicity,Macrophages,Targeting,Microscope,Medium,Albumin
2024,Micelles,Others,Coated,Positive charge,Pegylated,Phagocytosis,Cytotoxicity,Macrophages,Biodistribution,Fluorescence,Serum,Others
2013,Agglomerates,Spherical,Coated,Positive charge,Pegylated,Unknown,Unknown,Macrophages,Anticancer,Fluorescence,Plasma,Albumin
2014,Magnetic,Others,Coated,Positive charge,Pegylated,Unknown,Cytotoxicity,Macrophages,Anticancer,Microscope,Medium,Albumin
2014,Micelles,Spherical,Coated,Negative charge,Pegylated,Phagocytosis,Unknown,Macrophages,Targeting,Sdspage,Plasma,Albumin
2016,Lipoplexes,Others,Coated,Unknown,Pegylated,Unknown,Cytotoxicity,Others,Therapy,Fluorescence,Serum,Albumin
2016,Peptide,Nanotubes,Coated,Negative charge,Pegylated,Phagocytosis,Cytotoxicity,Complement,Targeting,Sdspage,Plasma,Fibrinogen
2016,Others,Nanotubes,Coated,Positive charge,Pegylated,Unknown,Cytotoxicity,Macrophages,Biodistribution,Fluorescence,Serum,Albumin
2016,Carbon,Nanotubes,Coated,Positive charge,Pegylated,Phagocytosis,Cytotoxicity,Complement,Targeting,Spectrum,Plasma,Albumin
2017,Others,Nanosheets,Coated,Negative charge,Pegylated,Phagocytosis,Cytotoxicity,Immune response,Anticancer,Fluorescence,Plasma,Others
2017,Micelles,Others,Coated,Negative charge,Pegylated,Phagocytosis,Cytotoxicity,Complement,Targeting,Sdspage,Plasma,Albumin
2018,Lipoplexes,Others,Coated,Positive charge,Pegylated,Unknown,Cytotoxicity,Complement,Anticancer,Microscope,Plasma,Lipoprotein
2018,Agglomerates,Others,Coated,Positive charge,Pegylated,Endocytosis,Cytotoxicity,Complement,Biodistribution,Fluorescence,Serum,Albumin
2018,Gold,Nanotubes,Coated,Positive charge,Pegylated,Unknown,Cytotoxicity,Inflammation,Biodistribution,Microscope,Plasma,Albumin
2018,Micelles,Nanosheets,Coated,Positive charge,Pegylated,Phagocytosis,Cytotoxicity,Complement,Biodistribution,Spectrum,Plasma,Lipoprotein
2019,Others,Nanosheets,Coated,Negative charge,Pegylated,Endocytosis,Cytotoxicity,Macrophages,Biodistribution,Spectrum,Medium,Albumin
2019,Silicon,Nanorods,Coated,Negative charge,Pegylated,Phagocytosis,Cytotoxicity,Others,Stability,Spectrum,Medium,Others
2019,Magnetic,Others,Coated,Negative charge,Pegylated,Endocytosis,Cytotoxicity,Immune response,Biodistribution,Microscope,Medium,Albumin
2020,Others,Nanorods,Coated,Negative charge,Pegylated,Phagocytosis,Cytotoxicity,Macrophages,Release,Spectrum,Plasma,Lipoprotein
2020,Others,Others,Coated,Positive charge,Pegylated,Phagocytosis,Cytotoxicity,Complement,Biodistribution,Spectrum,Plasma,Lipoprotein
2020,Lipoplexes,Others,Coated,Negative charge,Pegylated,Phagocytosis,Cytotoxicity,Macrophages,Biodistribution,Sdspage,Plasma,Albumin
2021,Others,Others,Coated,Positive charge,Pegylated,Endocytosis,Cytotoxicity,Macrophages,Biodistribution,Fluorescence,Medium,Lipoprotein
2021,Others,Spherical,Coated,Positive charge,Pegylated,Unknown,Cytotoxicity,Inflammation,Biodistribution,Spectrum,Medium,Albumin
2021,Micelles,Others,Coated,Positive charge,Pegylated,Unknown,Cytotoxicity,Dendritic cells,Release,Fluorescence,Medium,Albumin
2021,Others,Spherical,Unknown,Positive charge,Pegylated,Unknown,Unknown,Complement,Anticancer,Spectrum,Serum,Others
2022,Micelles,Nanorods,Coated,Negative charge,Pegylated,Endocytosis,Cytotoxicity,Immune response,Stability,Spectrum,Serum,Albumin
2022,Others,Nanotubes,Coated,Positive charge,Pegylated,Phagocytosis,Cytotoxicity,Macrophages,Targeting,Fluorescence,Plasma,Transferrin
2023,Virus,Others,Coated,Negative charge,Pegylated,Endocytosis,Cytotoxicity,Immune response,Anticancer,Fluorescence,Plasma,Albumin
2023,Others,Others,Coated,Positive charge,Pegylated,Endocytosis,Cytotoxicity,Macrophages,Stability,Fluorescence,Serum,Others
2023,Micelles,Spherical,Unknown,Positive charge,Pegylated,Unknown,Cytotoxicity,Dendritic cells,Anticancer,Fluorescence,Medium,Albumin
2023,Micelles,Spherical,Coated,Negative charge,Pegylated,Phagocytosis,Cytotoxicity,Inflammation,Biodistribution,Spectrum,Serum,Albumin
2024,Colloids,Others,Coated,Negative charge,Pegylated,Phagocytosis,Cytotoxicity,Inflammation,Anticancer,Microscope,Medium,Albumin
2013,Silicon,Amorphous,Coated,Unknown,Pegylated,Unknown,Cytotoxicity,Others,Stability,Spectrum,Serum,Albumin
2013,Colloids,Others,Coated,Positive charge,Pegylated,Unknown,Cytotoxicity,Others,Anticancer,Fluorescence,Serum,Others
2014,Others,Spherical,Coated,Negative charge,Pegylated,Phagocytosis,Cytotoxicity,Macrophages,Biodistribution,Fluorescence,Serum,Albumin
2015,Lipoplexes,Others,Coated,Positive charge,Pegylated,Unknown,Cytotoxicity,Others,Release,Fluorescence,Serum,Transferrin
2015,Micelles,Others,Uncoated,Negative charge,Pegylated,Phagocytosis,Cytotoxicity,Complement,Biodistribution,Sdspage,Serum,Albumin
2016,Silicon,Nanorods,Coated,Negative charge,Pegylated,Phagocytosis,Cytotoxicity,Macrophages,Biodistribution,Sdspage,Plasma,Albumin
2017,Others,Nanostars,Coated,Negative charge,Pegylated,Endocytosis,Cytotoxicity,Macrophages,Anticancer,Microscope,Serum,Others
2017,Virus,Nanostars,Coated,Negative charge,Pegylated,Unknown,Unknown,Macrophages,Targeting,Spectrum,Serum,Albumin
2017,Micelles,Amorphous,Coated,Positive charge,Pegylated,Endocytosis,Cytotoxicity,Others,Anticancer,Fluorescence,Serum,Others
2018,Virus,Spherical,Coated,Negative charge,Pegylated,Unknown,Unknown,Immune response,Biodistribution,Microscope,Plasma,Albumin
2018,Lipoplexes,Others,Unknown,Unknown,Pegylated,Unknown,Unknown,Complement,Anticancer,Sdspage,Serum,Albumin
2018,Oxidative,Amorphous,Coated,Positive charge,Pegylated,Unknown,Unknown,Macrophages,Release,Microscope,Plasma,Lipoprotein
2019,Iron,Nanotubes,Coated,Negative charge,Pegylated,Phagocytosis,Cytotoxicity,Complement,Biodistribution,Proteomics,Plasma,Lipoprotein
2019,Virus,Spherical,Coated,Positive charge,Pegylated,Endocytosis,Cytotoxicity,Immune response,Anticancer,Fluorescence,Plasma,Albumin
2019,Others,Nanotubes,Coated,Negative charge,Pegylated,Endocytosis,Cytotoxicity,Complement,Biodistribution,Fluorescence,Serum,Albumin
2020,Lipoplexes,Spherical,Coated,Positive charge,Pegylated,Endocytosis,Cytotoxicity,Macrophages,Anticancer,Microscope,Medium,Albumin
2020,Micelles,Nanotubes,Coated,Negative charge,Pegylated,Endocytosis,Cytotoxicity,Macrophages,Anticancer,Fluorescence,Plasma,Albumin
2020,Silicon,Others,Coated,Positive charge,Pegylated,Unknown,Cytotoxicity,Others,Anticancer,Spectrum,Plasma,Others
2020,Micelles,Nanotubes,Coated,Negative charge,Pegylated,Phagocytosis,Cytotoxicity,Macrophages,Biodistribution,Sdspage,Serum,Lipoprotein
2020,Others,Spherical,Coated,Negative charge,Pegylated,Phagocytosis,Cytotoxicity,Immune response,Anticancer,Fluorescence,Serum,Others
2021,Lipoplexes,Others,Unknown,Positive charge,Pegylated,Phagocytosis,Cytotoxicity,Complement,Biodistribution,Fluorescence,Plasma,Albumin
2022,Micelles,Others,Coated,Positive charge,Pegylated,Phagocytosis,Hemotoxicity,Macrophages,Biodistribution,Microscope,Plasma,Fibrinogen
2022,Carbon,Nanotubes,Coated,Negative charge,Pegylated,Unknown,Cytotoxicity,Dendritic cells,Stability,Fluorescence,Medium,Others
2022,Oxidative,Spherical,Coated,Negative charge,Pegylated,Phagocytosis,Cytotoxicity,Cytokines,Release,Fluorescence,Medium,Others
2022,Gold,Nanotubes,Coated,Negative charge,Pegylated,Unknown,Unknown,Complement,Targeting,Microscope,Serum,Transferrin
2022,Micelles,Spherical,Unknown,Negative charge,Pegylated,Phagocytosis,Cytotoxicity,Complement,Biodistribution,Proteomics,Plasma,Lipoprotein
2024,Micelles,Others,Coated,Positive charge,Pegylated,Phagocytosis,Cytotoxicity,Macrophages,Biodistribution,Fluorescence,Serum,Others
2024,Lipoplexes,Others,Coated,Negative charge,Pegylated,Phagocytosis,Cytotoxicity,Complement,Biodistribution,Proteomics,Plasma,Lipoprotein
2014,Lipoplexes,Spherical,Coated,Unknown,Pegylated,Endocytosis,Cytotoxicity,Complement,Targeting,Spectrum,Plasma,Lipoprotein
2015,Micelles,Nanotubes,Coated,Positive charge,Pegylated,Phagocytosis,Cytotoxicity,Complement,Targeting,Spectrum,Plasma,Fibrinogen
2016,Others,Others,Coated,Positive charge,Pegylated,Unknown,Cytotoxicity,Complement,Anticancer,Sdspage,Plasma,Lipoprotein
2017,Lipoplexes,Others,Coated,Negative charge,Pegylated,Unknown,Cytotoxicity,Macrophages,Biodistribution,Microscope,Plasma,Lipoprotein
2017,Lipoplexes,Others,Coated,Positive charge,Pegylated,Macropinocytosis,Cytotoxicity,Immune response,Anticancer,Fluorescence,Serum,Others
2017,Micelles,Others,Coated,Positive charge,Pegylated,Unknown,Cytotoxicity,Dendritic cells,Biodistribution,Fluorescence,Plasma,Albumin
2018,Oxidative,Nanorods,Unknown,Positive charge,Pegylated,Endocytosis,Cytotoxicity,Others,Anticancer,Icpms,Medium,Others
2019,Others,Spherical,Coated,Negative charge,Pegylated,Unknown,Unknown,Others,Anticancer,Fluorescence,Serum,Albumin
2019,Lipoplexes,Others,Coated,Negative charge,Pegylated,Phagocytosis,Cytotoxicity,Macrophages,Biodistribution,Proteomics,Serum,Albumin
2019,Gold,Spherical,Coated,Positive charge,Pegylated,Unknown,Cytotoxicity,Immune response,Biodistribution,Spectrum,Serum,Albumin
2020,Micelles,Nanorods,Coated,Negative charge,Pegylated,Unknown,Cytotoxicity,Complement,Biodistribution,Spectrum,Serum,Albumin
2020,Agglomerates,Others,Coated,Positive charge,Pegylated,Endocytosis,Hemotoxicity,Complement,Biodistribution,Fluorescence,Medium,Albumin
2020,Lipoplexes,Nanorods,Coated,Negative charge,Pegylated,Endocytosis,Cytotoxicity,Macrophages,Biodistribution,Fluorescence,Serum,Albumin
2021,Polystyrene,Amorphous,Coated,Neutral,Pegylated,Macropinocytosis,Cytotoxicity,Inflammation,Biodistribution,Fluorescence,Medium,Albumin
2021,Others,Others,Coated,Negative charge,Pegylated,Endocytosis,Cytotoxicity,Macrophages,Targeting,Microscope,Plasma,Lipoprotein
2021,Peptide,Nanotubes,Coated,Positive charge,Pegylated,Endocytosis,Cytotoxicity,Macrophages,Biodistribution,Fluorescence,Medium,Lipoprotein
2022,Lipoplexes,Others,Unknown,Negative charge,Pegylated,Unknown,Hemotoxicity,Complement,Targeting,Microscope,Serum,Albumin
2023,Lipoplexes,Others,Coated,Negative charge,Pegylated,Endocytosis,Cytotoxicity,Inflammation,Biodistribution,Microscope,Serum,Albumin
2023,Magnetic,Others,Coated,Positive charge,Pegylated,Phagocytosis,Cytotoxicity,Complement,Biodistribution,Spectrum,Plasma,Lipoprotein
2023,Micelles,Nanorods,Unknown,Unknown,Pegylated,Phagocytosis,Cytotoxicity,Dendritic cells,Biodistribution,Spectrum,Plasma,Albumin
2024,Others,Nanosheets,Coated,Negative charge,Pegylated,Phagocytosis,Cytotoxicity,Macrophages,Biodistribution,Microscope,Plasma,Lipoprotein
2024,Lipoplexes,Spherical,Coated,Positive charge,Pegylated,Phagocytosis,Cytotoxicity,Immune response,Anticancer,Sdspage,Serum,Lipoprotein
2012,Micelles,Spherical,Coated,Negative charge,Pegylated,Unknown,Cytotoxicity,Immune response,Biodistribution,Spectrum,Serum,Albumin
2012,Micelles,Others,Unknown,Negative charge,Pegylated,Unknown,Cytotoxicity,Others,Targeting,Fluorescence,Medium,Others
2013,Micelles,Others,Coated,Negative charge,Pegylated,Unknown,Cytotoxicity,Others,Biodistribution,Microscope,Plasma,Others
2014,Lipoplexes,Spherical,Coated,Negative charge,Pegylated,Unknown,Cytotoxicity,Complement,Biodistribution,Sdspage,Plasma,Lipoprotein
2015,Others,Nanorods,Coated,Negative charge,Pegylated,Exocytosis,Cytotoxicity,Macrophages,Targeting,Spectrum,Serum,Fibrinogen
2015,Carbon,Nanotubes,Coated,Positive charge,Pegylated,Phagocytosis,Cytotoxicity,Immune response,Anticancer,Proteomics,Plasma,Fibrinogen
2016,Magnetic,Others,Coated,Positive charge,Pegylated,Unknown,Unknown,Macrophages,Biodistribution,Spectrum,Serum,Albumin
2016,Silver,Nanorods,Coated,Positive charge,Pegylated,Macropinocytosis,Cytotoxicity,Inflammation,Biodistribution,Icpms,Serum,Albumin
2017,Silicon,Spherical,Coated,Negative charge,Pegylated,Endocytosis,Cytotoxicity,Others,Targeting,Fluorescence,Serum,Albumin
2017,Colloids,Nanosheets,Coated,Unknown,Pegylated,Unknown,Unknown,Complement,Anticancer,Spectrum,Serum,Lipoprotein
2017,Silicon,Nanorods,Coated,Positive charge,Pegylated,Phagocytosis,Cytotoxicity,Complement,Biodistribution,Fluorescence,Serum,Lipoprotein
2017,Micelles,Spherical,Coated,Negative charge,Pegylated,Endocytosis,Cytotoxicity,Others,Biodistribution,Microscope,Serum,Albumin
2017,Others,Others,Coated,Unknown,Pegylated,Phagocytosis,Cytotoxicity,Immune response,Targeting,Sdspage,Plasma,Albumin
2017,Others,Nanosheets,Coated,Negative charge,Pegylated,Unknown,Cytotoxicity,Immune response,Therapy,Proteomics,Plasma,Lipoprotein
2018,Agglomerates,Spherical,Coated,Negative charge,Pegylated,Unknown,Cytotoxicity,Monocytes,Stability,Spectrum,Plasma,Others
2018,Micelles,Others,Coated,Negative charge,Pegylated,Unknown,Unknown,Others,Release,Spectrum,Others,Others
2018,Peptide,Nanotubes,Coated,Positive charge,Pegylated,Exocytosis,Cytotoxicity,Complement,Targeting,Proteomics,Plasma,Fibrinogen
2019,Carbon,Nanosheets,Coated,Positive charge,Pegylated,Unknown,Cytotoxicity,Macrophages,Anticancer,Spectrum,Serum,Albumin
2019,Gold,Spherical,Coated,Negative charge,Pegylated,Phagocytosis,Cytotoxicity,Macrophages,Stability,Spectrum,Serum,Albumin
2019,Gold,Nanotubes,Coated,Positive charge,Pegylated,Phagocytosis,Cytotoxicity,Macrophages,Biodistribution,Fluorescence,Medium,Albumin
2020,Micelles,Others,Coated,Negative charge,Pegylated,Unknown,Unknown,Immune response,Anticancer,Proteomics,Plasma,Albumin
2020,Oxidative,Spherical,Coated,Negative charge,Pegylated,Phagocytosis,Cytotoxicity,Macrophages,Anticancer,Microscope,Medium,Albumin
2020,Others,Spherical,Coated,Positive charge,Pegylated,Endocytosis,Unknown,Macrophages,Biodistribution,Microscope,Serum,Albumin
2020,Lipoplexes,Others,Coated,Positive charge,Pegylated,Endocytosis,Cytotoxicity,Inflammation,Anticancer,Fluorescence,Medium,Lipoprotein
2020,Lipoplexes,Spherical,Coated,Negative charge,Pegylated,Endocytosis,Cytotoxicity,Immune response,Targeting,Fluorescence,Serum,Transferrin
2020,Gold,Nanorods,Coated,Positive charge,Pegylated,Phagocytosis,Cytotoxicity,Macrophages,Therapy,Spectrum,Medium,Lipoprotein
2020,Others,Others,Coated,Negative charge,Pegylated,Endocytosis,Cytotoxicity,Complement,Targeting,Fluorescence,Serum,Fibrinogen
2020,Lipoplexes,Spherical,Coated,Unknown,Pegylated,Unknown,Unknown,Others,Biodistribution,Microscope,Medium,Albumin
2020,Others,Others,Coated,Negative charge,Pegylated,Endocytosis,Cytotoxicity,Complement,Anticancer,Fluorescence,Plasma,Albumin
2021,Others,Nanotubes,Coated,Unknown,Pegylated,Unknown,Cytotoxicity,Immune response,Biodistribution,Sdspage,Plasma,Albumin
2021,Lipoplexes,Nanosheets,Coated,Negative charge,Pegylated,Endocytosis,Cytotoxicity,Immune response,Biodistribution,Spectrum,Serum,Lipoprotein
2021,Micelles,Nanosheets,Coated,Positive charge,Pegylated,Unknown,Cytotoxicity,Macrophages,Anticancer,Microscope,Medium,Albumin
2022,Silicon,Others,Unknown,Negative charge,Pegylated,Unknown,Cytotoxicity,Macrophages,Biodistribution,Microscope,Serum,Transferrin
2022,Micelles,Spherical,Coated,Unknown,Pegylated,Unknown,Cytotoxicity,Others,Biodistribution,Icpms,Serum,Others
2022,Lipoplexes,Nanotubes,Coated,Negative charge,Pegylated,Phagocytosis,Cytotoxicity,Complement,Anticancer,Microscope,Serum,Lipoprotein
2023,Nanovesicles,Spherical,Coated,Negative charge,Pegylated,Endocytosis,Cytotoxicity,Immune response,Biodistribution,Microscope,Bovine,Others
2023,Others,Spherical,Unknown,Negative charge,Pegylated,Unknown,Cytotoxicity,Others,Biodistribution,Spectrum,Bovine,Albumin
2024,Lipoplexes,Others,Coated,Positive charge,Pegylated,Unknown,Hemotoxicity,Macrophages,Stability,Spectrum,Serum,Albumin
2024,Micelles,Spherical,Unknown,Negative charge,Pegylated,Exocytosis,Cytotoxicity,Macrophages,Biodistribution,Spectrum,Serum,Albumin
2024,Others,Nanosheets,Coated,Positive charge,Pegylated,Phagocytosis,Unknown,Macrophages,Biodistribution,Others,Serum,Albumin
2012,Silicon,Amorphous,Coated,Negative charge,Pegylated,Unknown,Cytotoxicity,Others,Stability,Spectrum,Serum,Albumin
2014,Micelles,Others,Unknown,Negative charge,Pegylated,Unknown,Unknown,Others,Targeting,Fluorescence,Serum,Others
2014,Micelles,Nanosheets,Coated,Negative charge,Pegylated,Unknown,Cytotoxicity,Others,Biodistribution,Spectrum,Serum,Albumin
2015,Gold,Nanotubes,Coated,Positive charge,Pegylated,Exocytosis,Cytotoxicity,Inflammation,Release,Spectrum,Medium,Albumin
2015,Silver,Others,Coated,Positive charge,Pegylated,Unknown,Cytotoxicity,Others,Release,Microscope,Medium,Albumin
2015,Others,Spherical,Unknown,Positive charge,Pegylated,Endocytosis,Cytotoxicity,Inflammation,Biodistribution,Fluorescence,Plasma,Albumin
2016,Others,Nanosheets,Coated,Positive charge,Pegylated,Phagocytosis,Cytotoxicity,Complement,Release,Microscope,Serum,Albumin
2016,Micelles,Others,Coated,Negative charge,Pegylated,Phagocytosis,Unknown,Immune response,Targeting,Microscope,Serum,Albumin
2016,Agglomerates,Nanotubes,Coated,Positive charge,Pegylated,Phagocytosis,Hemotoxicity,Cytokines,Biodistribution,Microscope,Plasma,Fibrinogen
2017,Others,Spherical,Unknown,Positive charge,Pegylated,Phagocytosis,Cytotoxicity,Macrophages,Biodistribution,Fluorescence,Serum,Lipoprotein
2017,Lipoplexes,Spherical,Coated,Negative charge,Pegylated,Unknown,Cytotoxicity,Complement,Targeting,Sdspage,Plasma,Lipoprotein
2018,Magnetic,Nanotubes,Coated,Positive charge,Pegylated,Unknown,Cytotoxicity,Others,Antibacterial,Spectrum,Serum,Albumin
2018,Micelles,Others,Coated,Positive charge,Pegylated,Phagocytosis,Cytotoxicity,Immune response,Release,Spectrum,Plasma,Albumin
2018,Micelles,Others,Coated,Unknown,Pegylated,Unknown,Unknown,Others,Biodistribution,Zetasizer,Bovine,Albumin
2018,Lipoplexes,Nanostars,Coated,Positive charge,Pegylated,Phagocytosis,Unknown,Complement,Targeting,Sdspage,Plasma,Lipoprotein
2018,Zwitterionic,Others,Unknown,Positive charge,Pegylated,Unknown,Cytotoxicity,Macrophages,Release,Microscope,Serum,Others
2019,Others,Nanosheets,Coated,Negative charge,Pegylated,Unknown,Cytotoxicity,Macrophages,Therapy,Sdspage,Plasma,Lipoprotein
2019,Lipoplexes,Others,Coated,Negative charge,Pegylated,Unknown,Cytotoxicity,Immune response,Anticancer,Proteomics,Plasma,Albumin
2019,Others,Nanotubes,Coated,Negative charge,Pegylated,Phagocytosis,Cytotoxicity,Immune response,Biodistribution,Microscope,Plasma,Lipoprotein
2020,Micelles,Nanosheets,Coated,Positive charge,Pegylated,Endocytosis,Cytotoxicity,Macrophages,Stability,Fluorescence,Serum,Albumin
2020,Lipoplexes,Nanotubes,Unknown,Positive charge,Pegylated,Endocytosis,Cytotoxicity,Macrophages,Anticancer,Fluorescence,Plasma,Others
2020,Others,Spherical,Coated,Positive charge,Pegylated,Phagocytosis,Cytotoxicity,Dendritic cells,Anticancer,Microscope,Serum,Lipoprotein
2020,Nanovesicles,Others,Coated,Negative charge,Pegylated,Unknown,Cytotoxicity,Immune response,Targeting,Sdspage,Plasma,Others
2020,Micelles,Spherical,Coated,Negative charge,Pegylated,Endocytosis,Cytotoxicity,Macrophages,Biodistribution,Fluorescence,Serum,Fibrinogen
2020,Others,Nanorods,Coated,Positive charge,Pegylated,Endocytosis,Cytotoxicity,Complement,Targeting,Fluorescence,Plasma,Transferrin
2021,Others,Others,Coated,Negative charge,Pegylated,Endocytosis,Cytotoxicity,Immune response,Anticancer,Fluorescence,Plasma,Transferrin
2021,Others,Spherical,Coated,Negative charge,Pegylated,Unknown,Cytotoxicity,Inflammation,Targeting,Fluorescence,Plasma,Fibrinogen
2021,Lipoplexes,Spherical,Coated,Negative charge,Pegylated,Unknown,Cytotoxicity,Macrophages,Stability,Sdspage,Plasma,Albumin
2021,Micelles,Others,Coated,Positive charge,Pegylated,Endocytosis,Cytotoxicity,Complement,Anticancer,Microscope,Plasma,Albumin
2022,Micelles,Others,Coated,Positive charge,Pegylated,Unknown,Cytotoxicity,Others,Biodistribution,Spectrum,Medium,Others
2022,Micelles,Others,Coated,Neutral,Pegylated,Unknown,Cytotoxicity,Macrophages,Stability,Fluorescence,Serum,Lipoprotein
2022,Lipoplexes,Others,Coated,Unknown,Pegylated,Unknown,Unknown,Others,Antipeg,Fluorescence,Serum,Lipoprotein
2022,Others,Nanosheets,Coated,Positive charge,Pegylated,Phagocytosis,Cytotoxicity,Immune response,Anticancer,Proteomics,Plasma,Albumin
2022,Others,Spherical,Coated,Positive charge,Pegylated,Endocytosis,Cytotoxicity,Immune response,Biodistribution,Fluorescence,Plasma,Albumin
2023,Peptide,Others,Coated,Negative charge,Pegylated,Phagocytosis,Hemotoxicity,Complement,Targeting,Proteomics,Serum,Albumin
2023,Others,Others,Coated,Unknown,Pegylated,Unknown,Cytotoxicity,Immune response,Biodistribution,Proteomics,Serum,Lipoprotein
2023,Micelles,Spherical,Coated,Negative charge,Pegylated,Endocytosis,Cytotoxicity,Others,Targeting,Microscope,Serum,Transferrin
2024,Carbon,Nanotubes,Coated,Positive charge,Pegylated,Unknown,Cytotoxicity,Cytokines,Anticancer,Wavelength,Serum,Albumin
2024,Carbon,Others,Unknown,Unknown,Pegylated,Unknown,Unknown,Others,Enzymes,Spectrum,Others,Albumin
2009,Micelles,Spherical,Coated,Negative charge,Pegylated,Unknown,Unknown,Others,Biodistribution,Spectrum,Serum,Albumin
2013,Others,Nanorods,Coated,Positive charge,Pegylated,Unknown,Cytotoxicity,Macrophages,Stability,Microscope,Serum,Fibrinogen
2015,Magnetic,Nanorods,Coated,Positive charge,Pegylated,Phagocytosis,Cytotoxicity,Complement,Biodistribution,Sdspage,Plasma,Lipoprotein
2015,Micelles,Nanotubes,Coated,Negative charge,Pegylated,Unknown,Unknown,Others,Stability,Spectrum,Medium,Others
2015,Others,Nanorods,Coated,Positive charge,Pegylated,Unknown,Cytotoxicity,Macrophages,Biodistribution,Fluorescence,Serum,Albumin
2015,Carbon,Nanotubes,Coated,Negative charge,Pegylated,Endocytosis,Cytotoxicity,Complement,Enzymes,Sdspage,Serum,Albumin
2015,Magnetic,Others,Coated,Negative charge,Pegylated,Endocytosis,Cytotoxicity,Inflammation,Anticancer,Spectrum,Serum,Albumin
2016,Iron,Nanosheets,Coated,Positive charge,Pegylated,Phagocytosis,Cytotoxicity,Macrophages,Biodistribution,Fluorescence,Plasma,Fibrinogen
2016,Silicon,Spherical,Coated,Negative charge,Pegylated,Phagocytosis,Cytotoxicity,Complement,Targeting,Microscope,Plasma,Lipoprotein
2016,Zwitterionic,Nanorods,Coated,Positive charge,Pegylated,Endocytosis,Cytotoxicity,Immune response,Targeting,Microscope,Plasma,Albumin
2016,Carbon,Nanosheets,Coated,Negative charge,Pegylated,Phagocytosis,Cytotoxicity,Macrophages,Biodistribution,Microscope,Plasma,Albumin
2017,Lipoplexes,Spherical,Coated,Positive charge,Pegylated,Unknown,Cytotoxicity,Complement,Biodistribution,Spectrum,Serum,Others
2017,Oxidative,Spherical,Coated,Neutral,Pegylated,Unknown,Cytotoxicity,Immune response,Biodistribution,Spectrum,Medium,Others
2017,Micelles,Others,Coated,Neutral,Pegylated,Unknown,Cytotoxicity,Macrophages,Biodistribution,Microscope,Serum,Albumin
2017,Nanovesicles,Spherical,Unknown,Negative charge,Pegylated,Endocytosis,Cytotoxicity,Macrophages,Anticancer,Fluorescence,Serum,Others
2017,Magnetic,Nanotubes,Coated,Negative charge,Pegylated,Phagocytosis,Cytotoxicity,Macrophages,Targeting,Microscope,Medium,Albumin
2018,Polystyrene,Spherical,Unknown,Positive charge,Pegylated,Unknown,Cytotoxicity,Macrophages,Release,Fluorescence,Medium,Others
2018,Others,Others,Coated,Positive charge,Pegylated,Phagocytosis,Cytotoxicity,Others,Biodistribution,Spectrum,Serum,Others
2018,Micelles,Amorphous,Coated,Positive charge,Pegylated,Endocytosis,Cytotoxicity,Others,Anticancer,Spectrum,Medium,Transferrin
2018,Micelles,Spherical,Coated,Positive charge,Pegylated,Unknown,Cytotoxicity,Others,Therapy,Fluorescence,Bovine,Others
2018,Magnetic,Spherical,Coated,Negative charge,Pegylated,Unknown,Cytotoxicity,Others,Enzymes,Microscope,Bovine,Albumin
2019,Silicon,Nanorods,Coated,Negative charge,Pegylated,Endocytosis,Cytotoxicity,Macrophages,Biodistribution,Spectrum,Serum,Lipoprotein
2019,Magnetic,Spherical,Coated,Negative charge,Pegylated,Unknown,Cytotoxicity,Macrophages,Biodistribution,Sdspage,Medium,Albumin
2019,Others,Others,Coated,Negative charge,Pegylated,Unknown,Cytotoxicity,Immune response,Anticancer,Microscope,Plasma,Others
2019,Micelles,Spherical,Coated,Negative charge,Pegylated,Phagocytosis,Cytotoxicity,Macrophages,Targeting,Fluorescence,Serum,Lipoprotein
2019,Lipoplexes,Others,Coated,Positive charge,Pegylated,Unknown,Cytotoxicity,Complement,Anticancer,Microscope,Plasma,Lipoprotein
2019,Others,Spherical,Coated,Positive charge,Pegylated,Unknown,Cytotoxicity,Complement,Anticancer,Proteomics,Plasma,Lipoprotein
2019,Others,Spherical,Coated,Negative charge,Pegylated,Endocytosis,Cytotoxicity,Others,Targeting,Fluorescence,Serum,Albumin
2019,Nanovesicles,Others,Coated,Positive charge,Pegylated,Unknown,Cytotoxicity,Inflammation,Antibacterial,Microscope,Medium,Others
2020,Agglomerates,Others,Coated,Positive charge,Pegylated,Unknown,Unknown,Inflammation,Biodistribution,Spectrum,Serum,Others
2020,Micelles,Nanorods,Coated,Negative charge,Pegylated,Unknown,Unknown,Others,Anticancer,Spectrum,Bovine,Albumin
2020,Others,Others,Coated,Positive charge,Pegylated,Endocytosis,Cytotoxicity,Others,Biodistribution,Fluorescence,Serum,Fibrinogen
2020,Peptide,Others,Coated,Positive charge,Pegylated,Exocytosis,Cytotoxicity,Macrophages,Biodistribution,Fluorescence,Serum,Others
2021,Others,Others,Coated,Negative charge,Pegylated,Endocytosis,Cytotoxicity,Others,Anticancer,Fluorescence,Medium,Others
2021,Silver,Nanotubes,Coated,Negative charge,Pegylated,Unknown,Cytotoxicity,Others,Release,Spectrum,Bovine,Albumin
2021,Silver,Others,Coated,Negative charge,Pegylated,Endocytosis,Cytotoxicity,Others,Biodistribution,Spectrum,Serum,Albumin
2021,Polystyrene,Others,Unknown,Negative charge,Pegylated,Unknown,Cytotoxicity,Others,Biodistribution,Fluorescence,Plasma,Fibrinogen
2021,Lipoplexes,Nanotubes,Coated,Negative charge,Pegylated,Phagocytosis,Cytotoxicity,Complement,Biodistribution,Fluorescence,Plasma,Lipoprotein
2021,Micelles,Others,Coated,Positive charge,Pegylated,Unknown,Cytotoxicity,Others,Biodistribution,Spectrum,Medium,Lipoprotein
2021,Virus,Spherical,Coated,Negative charge,Pegylated,Phagocytosis,Cytotoxicity,Immune response,Biodistribution,Fluorescence,Plasma,Albumin
2021,Micelles,Spherical,Coated,Negative charge,Pegylated,Unknown,Cytotoxicity,Dendritic cells,Release,Spectrum,Serum,Albumin
2021,Polystyrene,Spherical,Coated,Positive charge,Pegylated,Phagocytosis,Cytotoxicity,Immune response,Biodistribution,Fluorescence,Medium,Lipoprotein
2021,Silicon,Others,Coated,Positive charge,Pegylated,Unknown,Cytotoxicity,Immune response,Biodistribution,Microscope,Medium,Others
2022,Lipoplexes,Others,Unknown,Negative charge,Pegylated,Endocytosis,Cytotoxicity,Others,Biodistribution,Fluorescence,Serum,Lipoprotein
2022,Others,Amorphous,Coated,Negative charge,Pegylated,Unknown,Cytotoxicity,Inflammation,Biodistribution,Spectrum,Bovine,Albumin
2022,Lipoplexes,Spherical,Coated,Negative charge,Pegylated,Unknown,Cytotoxicity,Macrophages,Release,Fluorescence,Plasma,Others
2022,Magnetic,Spherical,Coated,Positive charge,Pegylated,Unknown,Unknown,Others,Targeting,Spectrum,Serum,Albumin
2022,Gold,Nanorods,Coated,Positive charge,Pegylated,Endocytosis,Cytotoxicity,Cytokines,Biodistribution,Fluorescence,Serum,Albumin
2022,Micelles,Others,Coated,Neutral,Pegylated,Unknown,Cytotoxicity,Immune response,Biodistribution,Others,Medium,Others
2023,Silicon,Nanotubes,Coated,Positive charge,Pegylated,Endocytosis,Cytotoxicity,Immune response,Biodistribution,Sdspage,Serum,Lipoprotein
2023,Agglomerates,Nanotubes,Coated,Negative charge,Pegylated,Exocytosis,Cytotoxicity,Macrophages,Stability,Microscope,Medium,Others
2024,Micelles,Others,Coated,Negative charge,Pegylated,Phagocytosis,Cytotoxicity,Complement,Biodistribution,Proteomics,Plasma,Lipoprotein
2024,Gold,Nanorods,Coated,Positive charge,Pegylated,Unknown,Cytotoxicity,Complement,Stability,Uvvis,Plasma,Transferrin
2024,Peptide,Others,Coated,Positive charge,Pegylated,Endocytosis,Cytotoxicity,Cytokines,Biodistribution,Others,Serum,Albumin
2024,Lipoplexes,Nanotubes,Coated,Negative charge,Pegylated,Phagocytosis,Hemotoxicity,Complement,Biodistribution,Fluorescence,Plasma,Albumin
2013,Micelles,Others,Coated,Positive charge,Pegylated,Endocytosis,Cytotoxicity,Complement,Biodistribution,Microscope,Serum,Transferrin
2014,Micelles,Others,Coated,Negative charge,Pegylated,Endocytosis,Cytotoxicity,Immune response,Biodistribution,Spectrum,Serum,Lipoprotein
2014,Silicon,Nanorods,Coated,Positive charge,Pegylated,Phagocytosis,Cytotoxicity,Macrophages,Biodistribution,Fluorescence,Medium,Others
2014,Micelles,Others,Coated,Positive charge,Pegylated,Unknown,Cytotoxicity,Macrophages,Stability,Fluorescence,Medium,Others
2014,Micelles,Others,Coated,Positive charge,Pegylated,Endocytosis,Cytotoxicity,Others,Release,Fluorescence,Bovine,Others
2014,Micelles,Others,Coated,Negative charge,Pegylated,Endocytosis,Cytotoxicity,Others,Anticancer,Fluorescence,Medium,Others
2014,Micelles,Others,Coated,Negative charge,Pegylated,Unknown,Cytotoxicity,Others,Anticancer,Microscope,Bovine,Others
2016,Others,Others,Coated,Negative charge,Pegylated,Endocytosis,Cytotoxicity,Macrophages,Targeting,Sdspage,Serum,Others
2016,Lipoplexes,Spherical,Coated,Negative charge,Pegylated,Unknown,Cytotoxicity,Others,Targeting,Fluorescence,Serum,Others
2017,Micelles,Nanotubes,Coated,Positive charge,Pegylated,Unknown,Cytotoxicity,Complement,Release,Microscope,Serum,Albumin
2017,Peptide,Others,Coated,Negative charge,Pegylated,Phagocytosis,Cytotoxicity,Macrophages,Anticancer,Fluorescence,Medium,Albumin
2017,Micelles,Nanotubes,Coated,Negative charge,Pegylated,Unknown,Cytotoxicity,Others,Anticancer,Fluorescence,Medium,Albumin
2017,Gold,Nanotubes,Coated,Positive charge,Pegylated,Unknown,Cytotoxicity,Immune response,Antibacterial,Spectrum,Bovine,Albumin
2018,Others,Others,Coated,Positive charge,Pegylated,Unknown,Cytotoxicity,Complement,Release,Sdspage,Medium,Albumin
2018,Nanovesicles,Others,Coated,Positive charge,Pegylated,Endocytosis,Cytotoxicity,Complement,Anticancer,Fluorescence,Serum,Transferrin
2018,Others,Spherical,Coated,Negative charge,Pegylated,Phagocytosis,Cytotoxicity,Macrophages,Anticancer,Microscope,Serum,Albumin
2018,Others,Nanotubes,Coated,Negative charge,Pegylated,Phagocytosis,Cytotoxicity,Macrophages,Anticancer,Proteomics,Serum,Transferrin
2018,Others,Spherical,Coated,Positive charge,Pegylated,Phagocytosis,Cytotoxicity,Macrophages,Biodistribution,Sdspage,Plasma,Albumin
2018,Others,Nanorods,Coated,Negative charge,Pegylated,Phagocytosis,Cytotoxicity,Macrophages,Biodistribution,Spectrum,Serum,Albumin
2018,Others,Spherical,Coated,Positive charge,Pegylated,Phagocytosis,Cytotoxicity,Macrophages,Targeting,Microscope,Plasma,Albumin
2018,Micelles,Nanorods,Coated,Negative charge,Pegylated,Phagocytosis,Cytotoxicity,Macrophages,Stability,Spectrum,Serum,Albumin
2018,Colloids,Spherical,Coated,Negative charge,Pegylated,Endocytosis,Cytotoxicity,Complement,Release,Fluorescence,Medium,Albumin
2019,Micelles,Spherical,Coated,Positive charge,Pegylated,Phagocytosis,Cytotoxicity,Dendritic cells,Release,Fluorescence,Serum,Albumin
2019,Lipoplexes,Others,Unknown,Positive charge,Pegylated,Endocytosis,Cytotoxicity,Macrophages,Biodistribution,Spectrum,Serum,Lipoprotein
2019,Micelles,Spherical,Unknown,Positive charge,Pegylated,Unknown,Unknown,Macrophages,Targeting,Sdspage,Plasma,Lipoprotein
2019,Oxidative,Others,Coated,Positive charge,Pegylated,Unknown,Cytotoxicity,Dendritic cells,Biodistribution,Microscope,Medium,Others
2019,Polystyrene,Spherical,Uncoated,Negative charge,Pegylated,Endocytosis,Cytotoxicity,Macrophages,Anticancer,Microscope,Plasma,Lipoprotein
2019,Others,Others,Coated,Positive charge,Pegylated,Phagocytosis,Unknown,Complement,Targeting,Proteomics,Plasma,Albumin
2020,Others,Nanorods,Coated,Negative charge,Pegylated,Unknown,Cytotoxicity,Others,Anticancer,Microscope,Serum,Albumin
2020,Colloids,Others,Coated,Negative charge,Pegylated,Unknown,Unknown,Others,Stability,Microscope,Serum,Albumin
2020,Lipoplexes,Others,Unknown,Negative charge,Pegylated,Unknown,Cytotoxicity,Complement,Anticancer,Proteomics,Plasma,Albumin
2020,Polystyrene,Others,Coated,Negative charge,Pegylated,Endocytosis,Cytotoxicity,Complement,Biodistribution,Others,Plasma,Lipoprotein
2020,Micelles,Spherical,Coated,Negative charge,Pegylated,Phagocytosis,Cytotoxicity,Macrophages,Stability,Microscope,Serum,Albumin
2020,Silicon,Amorphous,Coated,Positive charge,Pegylated,Endocytosis,Cytotoxicity,Immune response,Anticancer,Microscope,Serum,Lipoprotein
2021,Others,Nanosheets,Coated,Negative charge,Pegylated,Phagocytosis,Cytotoxicity,Macrophages,Enzymes,Microscope,Plasma,Lipoprotein
2021,Micelles,Spherical,Coated,Positive charge,Pegylated,Unknown,Unknown,Others,Stability,Microscope,Plasma,Others
2021,Lipoplexes,Spherical,Unknown,Positive charge,Pegylated,Phagocytosis,Cytotoxicity,Immune response,Biodistribution,Fluorescence,Plasma,Albumin
2021,Gold,Others,Coated,Negative charge,Pegylated,Phagocytosis,Cytotoxicity,Complement,Biodistribution,Microscope,Plasma,Lipoprotein
2021,Micelles,Others,Coated,Negative charge,Pegylated,Phagocytosis,Hemotoxicity,Immune response,Biodistribution,Sdspage,Serum,Lipoprotein
2021,Micelles,Spherical,Coated,Positive charge,Pegylated,Endocytosis,Cytotoxicity,Others,Anticancer,Microscope,Medium,Others
2021,Micelles,Nanotubes,Coated,Positive charge,Pegylated,Phagocytosis,Cytotoxicity,Macrophages,Targeting,Spectrum,Serum,Fibrinogen
2022,Colloids,Nanosheets,Coated,Positive charge,Pegylated,Unknown,Hemotoxicity,Macrophages,Stability,Fluorescence,Serum,Albumin
2022,Micelles,Others,Coated,Negative charge,Pegylated,Unknown,Cytotoxicity,Macrophages,Targeting,Others,Medium,Others
2022,Lipoplexes,Nanorods,Coated,Negative charge,Pegylated,Endocytosis,Cytotoxicity,Complement,Biodistribution,Spectrum,Serum,Lipoprotein
2022,Others,Nanotubes,Coated,Negative charge,Pegylated,Unknown,Cytotoxicity,Complement,Targeting,Proteomics,Plasma,Albumin
2022,Peptide,Others,Coated,Negative charge,Pegylated,Unknown,Cytotoxicity,Others,Targeting,Microscope,Serum,Others
2022,Gold,Nanorods,Coated,Negative charge,Pegylated,Endocytosis,Cytotoxicity,Complement,Therapy,Spectrum,Serum,Albumin
2023,Others,Others,Coated,Positive charge,Pegylated,Endocytosis,Cytotoxicity,Dendritic cells,Targeting,Spectrum,Plasma,Transferrin
2023,Lipoplexes,Others,Coated,Negative charge,Pegylated,Unknown,Cytotoxicity,Others,Stability,Microscope,Serum,Albumin
2023,Lipoplexes,Spherical,Unknown,Positive charge,Pegylated,Endocytosis,Cytotoxicity,Macrophages,Anticancer,Proteomics,Serum,Albumin
2023,Polystyrene,Amorphous,Coated,Positive charge,Pegylated,Unknown,Cytotoxicity,Macrophages,Biodistribution,Proteomics,Serum,Others
2023,Micelles,Nanorods,Coated,Positive charge,Pegylated,Exocytosis,Cytotoxicity,Macrophages,Anticancer,Fluorescence,Serum,Albumin
2024,Lipoplexes,Others,Coated,Positive charge,Pegylated,Endocytosis,Cytotoxicity,Immune response,Biodistribution,Fluorescence,Serum,Lipoprotein
2024,Nanovesicles,Spherical,Coated,Positive charge,Pegylated,Phagocytosis,Cytotoxicity,Macrophages,Anticancer,Fluorescence,Plasma,Albumin
2007,Micelles,Others,Unknown,Positive charge,Pegylated,Unknown,Cytotoxicity,Dendritic cells,Release,Spectrum,Serum,Albumin
2007,Peptide,Spherical,Unknown,Positive charge,Pegylated,Unknown,Cytotoxicity,Others,Biodistribution,Sdspage,Serum,Others
2010,Lipoplexes,Spherical,Unknown,Unknown,Pegylated,Unknown,Unknown,Others,Enzymes,Others,Others,Others
2011,Micelles,Others,Coated,Positive charge,Pegylated,Endocytosis,Cytotoxicity,Others,Anticancer,Spectrum,Medium,Others
2012,Micelles,Others,Coated,Positive charge,Pegylated,Unknown,Cytotoxicity,Others,Anticancer,Fluorescence,Serum,Others
2013,Quantum,Nanotubes,Coated,Negative charge,Pegylated,Endocytosis,Cytotoxicity,Inflammation,Biodistribution,Fluorescence,Medium,Lipoprotein
2013,Micelles,Others,Coated,Positive charge,Pegylated,Macropinocytosis,Cytotoxicity,Dendritic cells,Biodistribution,Fluorescence,Medium,Others
2013,Micelles,Others,Coated,Positive charge,Pegylated,Unknown,Cytotoxicity,Immune response,Release,Microscope,Medium,Others
2014,Magnetic,Others,Coated,Unknown,Pegylated,Unknown,Cytotoxicity,Others,Release,Sdspage,Medium,Others
2014,Gold,Nanorods,Coated,Positive charge,Pegylated,Unknown,Unknown,Macrophages,Biodistribution,Fluorescence,Serum,Albumin
2014,Polystyrene,Nanorods,Unknown,Negative charge,Pegylated,Phagocytosis,Unknown,Macrophages,Targeting,Fluorescence,Serum,Albumin
2014,Micelles,Others,Coated,Positive charge,Pegylated,Unknown,Cytotoxicity,Others,Stability,Spectrum,Medium,Others
2014,Micelles,Others,Coated,Positive charge,Pegylated,Phagocytosis,Cytotoxicity,Others,Release,Microscope,Medium,Others
2014,Carbon,Nanosheets,Coated,Negative charge,Pegylated,Unknown,Cytotoxicity,Others,Antibacterial,Spectrum,Plasma,Albumin
2014,Lipoplexes,Nanorods,Coated,Positive charge,Pegylated,Phagocytosis,Cytotoxicity,Immune response,Biodistribution,Fluorescence,Serum,Transferrin
2014,Micelles,Spherical,Unknown,Negative charge,Pegylated,Unknown,Cytotoxicity,Others,Release,Spectrum,Medium,Others
2015,Agglomerates,Others,Coated,Unknown,Pegylated,Unknown,Cytotoxicity,Others,Enzymes,Sdspage,Serum,Lipoprotein
2015,Others,Spherical,Coated,Unknown,Pegylated,Phagocytosis,Cytotoxicity,Complement,Release,Spectrum,Plasma,Albumin
2015,Peptide,Nanosheets,Coated,Negative charge,Pegylated,Unknown,Cytotoxicity,Immune response,Release,Spectrum,Medium,Others
2015,Micelles,Others,Coated,Negative charge,Pegylated,Phagocytosis,Cytotoxicity,Macrophages,Anticancer,Fluorescence,Serum,Albumin
2015,Micelles,Nanotubes,Coated,Unknown,Pegylated,Unknown,Cytotoxicity,Dendritic cells,Biodistribution,Fluorescence,Serum,Others
2015,Micelles,Spherical,Coated,Negative charge,Pegylated,Phagocytosis,Cytotoxicity,Macrophages,Targeting,Spectrum,Plasma,Transferrin
2015,Others,Spherical,Coated,Positive charge,Pegylated,Phagocytosis,Cytotoxicity,Macrophages,Biodistribution,Microscope,Serum,Lipoprotein
2015,Oxidative,Others,Coated,Positive charge,Pegylated,Phagocytosis,Cytotoxicity,Dendritic cells,Stability,Spectrum,Medium,Others
2016,Micelles,Nanotubes,Unknown,Positive charge,Pegylated,Endocytosis,Cytotoxicity,Complement,Biodistribution,Spectrum,Serum,Lipoprotein
2016,Agglomerates,Nanorods,Coated,Positive charge,Pegylated,Unknown,Cytotoxicity,Macrophages,Anticancer,Spectrum,Serum,Albumin
2016,Peptide,Spherical,Coated,Positive charge,Pegylated,Unknown,Cytotoxicity,Others,Others,Others,Plasma,Others
2016,Silver,Nanotubes,Coated,Negative charge,Pegylated,Unknown,Cytotoxicity,Complement,Biodistribution,Proteomics,Plasma,Lipoprotein
2016,Gold,Nanorods,Coated,Unknown,Pegylated,Unknown,Cytotoxicity,Others,Therapy,Fluorescence,Medium,Albumin
2016,Agglomerates,Others,Coated,Positive charge,Pegylated,Unknown,Unknown,Immune response,Targeting,Fluorescence,Serum,Albumin
2016,Others,Nanotubes,Coated,Positive charge,Pegylated,Phagocytosis,Cytotoxicity,Macrophages,Targeting,Microscope,Plasma,Transferrin
2016,Lipoplexes,Spherical,Unknown,Unknown,Pegylated,Unknown,Unknown,Complement,Biodistribution,Spectrum,Serum,Lipoprotein
2016,Micelles,Others,Coated,Negative charge,Pegylated,Phagocytosis,Cytotoxicity,Macrophages,Stability,Microscope,Serum,Albumin
2016,Micelles,Others,Coated,Negative charge,Pegylated,Unknown,Cytotoxicity,Dendritic cells,Release,Spectrum,Plasma,Others
2016,Peptide,Others,Coated,Positive charge,Pegylated,Unknown,Cytotoxicity,Complement,Biodistribution,Sdspage,Serum,Lipoprotein
2016,Oxidative,Spherical,Coated,Negative charge,Pegylated,Endocytosis,Cytotoxicity,Immune response,Anticancer,Microscope,Medium,Others
2016,Carbon,Amorphous,Coated,Positive charge,Pegylated,Unknown,Cytotoxicity,Others,Stability,Spectrum,Bovine,Fibrinogen
2017,Lipoplexes,Others,Coated,Positive charge,Pegylated,Endocytosis,Cytotoxicity,Immune response,Targeting,Fluorescence,Serum,Others
2017,Magnetic,Others,Coated,Unknown,Pegylated,Unknown,Unknown,Macrophages,Others,Spectrum,Plasma,Albumin
2017,Gold,Spherical,Coated,Positive charge,Pegylated,Phagocytosis,Cytotoxicity,Complement,Biodistribution,Spectrum,Plasma,Fibrinogen
2017,Gold,Nanorods,Coated,Neutral,Pegylated,Phagocytosis,Cytotoxicity,Cytokines,Biodistribution,Microscope,Medium,Albumin
2017,Colloids,Spherical,Coated,Negative charge,Pegylated,Unknown,Cytotoxicity,Complement,Biodistribution,Spectrum,Serum,Albumin
2017,Magnetic,Others,Coated,Negative charge,Pegylated,Unknown,Cytotoxicity,Others,Biodistribution,Sdspage,Serum,Others
2017,Others,Others,Unknown,Negative charge,Pegylated,Phagocytosis,Unknown,Dendritic cells,Targeting,Spectrum,Plasma,Albumin
2017,Silicon,Others,Coated,Positive charge,Pegylated,Unknown,Unknown,Others,Targeting,Fluorescence,Others,Transferrin
2017,Gold,Nanotubes,Coated,Negative charge,Pegylated,Unknown,Cytotoxicity,Complement,Biodistribution,Spectrum,Serum,Albumin
2018,Carbon,Nanosheets,Coated,Positive charge,Pegylated,Unknown,Hemotoxicity,Macrophages,Biodistribution,Spectrum,Plasma,Others
2018,Others,Spherical,Coated,Negative charge,Pegylated,Unknown,Cytotoxicity,Macrophages,Biodistribution,Sdspage,Serum,Lipoprotein
2018,Carbon,Nanotubes,Coated,Negative charge,Pegylated,Unknown,Cytotoxicity,Others,Anticancer,Spectrum,Serum,Albumin
2018,Others,Nanorods,Coated,Negative charge,Pegylated,Unknown,Cytotoxicity,Immune response,Biodistribution,Others,Bovine,Albumin
2018,Micelles,Others,Coated,Positive charge,Pegylated,Unknown,Cytotoxicity,Others,Anticancer,Spectrum,Medium,Albumin
2018,Others,Others,Coated,Positive charge,Pegylated,Unknown,Cytotoxicity,Dendritic cells,Targeting,Microscope,Serum,Albumin
2018,Micelles,Nanorods,Coated,Negative charge,Pegylated,Unknown,Cytotoxicity,Others,Anticancer,Fluorescence,Medium,Others
2019,Micelles,Others,Coated,Positive charge,Pegylated,Unknown,Cytotoxicity,Macrophages,Biodistribution,Microscope,Serum,Albumin
2019,Gold,Nanorods,Coated,Negative charge,Pegylated,Unknown,Unknown,Immune response,Release,Microscope,Serum,Fibrinogen
2019,Micelles,Nanotubes,Coated,Negative charge,Pegylated,Unknown,Cytotoxicity,Others,Antibacterial,Spectrum,Serum,Fibrinogen
2019,Lipoplexes,Others,Coated,Positive charge,Pegylated,Endocytosis,Unknown,Others,Release,Microscope,Serum,Albumin
2019,Gold,Others,Coated,Positive charge,Pegylated,Phagocytosis,Cytotoxicity,Macrophages,Biodistribution,Spectrum,Serum,Albumin
2019,Silicon,Others,Coated,Negative charge,Pegylated,Unknown,Unknown,Others,Stability,Fluorescence,Serum,Albumin
2019,Lipoplexes,Nanorods,Coated,Negative charge,Pegylated,Endocytosis,Cytotoxicity,Others,Therapy,Fluorescence,Serum,Lipoprotein
2020,Others,Spherical,Coated,Negative charge,Pegylated,Endocytosis,Cytotoxicity,Macrophages,Anticancer,Fluorescence,Medium,Albumin
2020,Lipoplexes,Spherical,Coated,Negative charge,Pegylated,Endocytosis,Cytotoxicity,Complement,Release,Fluorescence,Serum,Albumin
2020,Magnetic,Spherical,Coated,Negative charge,Pegylated,Unknown,Hemotoxicity,Complement,Anticancer,Proteomics,Plasma,Albumin
2020,Gold,Nanorods,Coated,Positive charge,Pegylated,Unknown,Unknown,Immune response,Therapy,Spectrum,Serum,Albumin
2020,Lipoplexes,Others,Coated,Negative charge,Pegylated,Unknown,Cytotoxicity,Inflammation,Anticancer,Proteomics,Plasma,Others
2020,Others,Nanosheets,Coated,Negative charge,Pegylated,Endocytosis,Cytotoxicity,Inflammation,Biodistribution,Fluorescence,Medium,Transferrin
2020,Others,Others,Coated,Negative charge,Pegylated,Endocytosis,Cytotoxicity,Macrophages,Biodistribution,Fluorescence,Serum,Albumin
2020,Gold,Spherical,Coated,Negative charge,Pegylated,Unknown,Cytotoxicity,Immune response,Biodistribution,Spectrum,Medium,Albumin
2020,Lipoplexes,Others,Coated,Negative charge,Pegylated,Endocytosis,Cytotoxicity,Cytokines,Biodistribution,Microscope,Plasma,Lipoprotein
2020,Lipoplexes,Others,Coated,Negative charge,Pegylated,Phagocytosis,Cytotoxicity,Dendritic cells,Biodistribution,Fluorescence,Serum,Albumin
2021,Silver,Nanosheets,Coated,Negative charge,Pegylated,Endocytosis,Cytotoxicity,Complement,Biodistribution,Fluorescence,Serum,Transferrin
2021,Micelles,Others,Coated,Negative charge,Pegylated,Endocytosis,Cytotoxicity,Others,Anticancer,Fluorescence,Plasma,Albumin
2021,Lipoplexes,Nanostars,Coated,Negative charge,Pegylated,Unknown,Cytotoxicity,Immune response,Biodistribution,Microscope,Serum,Albumin
2021,Micelles,Spherical,Coated,Positive charge,Pegylated,Endocytosis,Cytotoxicity,Immune response,Biodistribution,Fluorescence,Plasma,Albumin
2021,Others,Nanorods,Coated,Positive charge,Pegylated,Phagocytosis,Cytotoxicity,Inflammation,Anticancer,Spectrum,Plasma,Fibrinogen
2021,Gold,Spherical,Coated,Negative charge,Pegylated,Unknown,Unknown,Others,Release,Uvvis,Plasma,Others
2021,Others,Others,Coated,Negative charge,Pegylated,Endocytosis,Cytotoxicity,Complement,Anticancer,Microscope,Serum,Albumin
2021,Micelles,Nanotubes,Coated,Negative charge,Pegylated,Unknown,Cytotoxicity,Macrophages,Anticancer,Fluorescence,Plasma,Lipoprotein
2022,Magnetic,Others,Coated,Negative charge,Pegylated,Phagocytosis,Cytotoxicity,Immune response,Stability,Sdspage,Serum,Others
2022,Others,Others,Coated,Negative charge,Pegylated,Unknown,Cytotoxicity,Immune response,Targeting,Microscope,Medium,Transferrin
2022,Oxidative,Spherical,Coated,Negative charge,Pegylated,Endocytosis,Cytotoxicity,Inflammation,Biodistribution,Microscope,Medium,Others
2022,Oxidative,Spherical,Coated,Negative charge,Pegylated,Unknown,Cytotoxicity,Others,Biodistribution,Proteomics,Medium,Albumin
2022,Silicon,Spherical,Coated,Positive charge,Pegylated,Endocytosis,Cytotoxicity,Others,Biodistribution,Spectrum,Serum,Albumin
2022,Others,Others,Uncoated,Positive charge,Pegylated,Unknown,Cytotoxicity,Immune response,Targeting,Proteomics,Bovine,Lipoprotein
2022,Magnetic,Nanorods,Coated,Negative charge,Pegylated,Phagocytosis,Cytotoxicity,Macrophages,Anticancer,Proteomics,Serum,Albumin
2022,Colloids,Nanorods,Unknown,Negative charge,Pegylated,Phagocytosis,Cytotoxicity,Macrophages,Stability,Microscope,Serum,Albumin
2022,Peptide,Others,Coated,Positive charge,Pegylated,Unknown,Cytotoxicity,Others,Anticancer,Microscope,Plasma,Lipoprotein
2023,Others,Spherical,Coated,Positive charge,Pegylated,Unknown,Cytotoxicity,Others,Anticancer,Spectrum,Serum,Albumin
2023,Peptide,Others,Coated,Positive charge,Pegylated,Endocytosis,Cytotoxicity,Macrophages,Targeting,Microscope,Serum,Transferrin
2023,Lipoplexes,Nanotubes,Coated,Positive charge,Pegylated,Endocytosis,Cytotoxicity,Inflammation,Biodistribution,Fluorescence,Serum,Lipoprotein
2023,Magnetic,Others,Coated,Positive charge,Pegylated,Unknown,Cytotoxicity,Others,Anticancer,Fluorescence,Bovine,Albumin
2023,Others,Spherical,Coated,Positive charge,Pegylated,Unknown,Unknown,Others,Biodistribution,Others,Plasma,Others
2023,Oxidative,Nanotubes,Coated,Negative charge,Pegylated,Phagocytosis,Cytotoxicity,Inflammation,Biodistribution,Proteomics,Plasma,Transferrin
2023,Silicon,Spherical,Coated,Positive charge,Pegylated,Phagocytosis,Cytotoxicity,Macrophages,Biodistribution,Fluorescence,Medium,Lipoprotein
2023,Colloids,Amorphous,Coated,Negative charge,Pegylated,Unknown,Cytotoxicity,Others,Stability,Spectrum,Serum,Albumin
2023,Lipoplexes,Others,Coated,Negative charge,Pegylated,Endocytosis,Cytotoxicity,Immune response,Release,Microscope,Serum,Albumin
2023,Silicon,Nanorods,Coated,Negative charge,Pegylated,Phagocytosis,Cytotoxicity,Macrophages,Biodistribution,Proteomics,Serum,Albumin
2023,Micelles,Spherical,Coated,Positive charge,Pegylated,Endocytosis,Cytotoxicity,Immune response,Anticancer,Fluorescence,Medium,Others
2023,Others,Others,Coated,Negative charge,Pegylated,Phagocytosis,Cytotoxicity,Macrophages,Anticancer,Spectrum,Plasma,Transferrin
2024,Lipoplexes,Others,Coated,Negative charge,Pegylated,Unknown,Cytotoxicity,Immune response,Biodistribution,Fluorescence,Serum,Others
2024,Micelles,Nanorods,Coated,Negative charge,Pegylated,Endocytosis,Cytotoxicity,Macrophages,Anticancer,Microscope,Serum,Transferrin
2024,Micelles,Spherical,Coated,Negative charge,Pegylated,Phagocytosis,Cytotoxicity,Macrophages,Biodistribution,Microscope,Serum,Albumin
2024,Nanoplastics,Others,Coated,Negative charge,Pegylated,Unknown,Unknown,Others,Stability,Spectrum,Bovine,Albumin
2011,Magnetic,Others,Coated,Negative charge,Pegylated,Unknown,Unknown,Complement,Biodistribution,Proteomics,Plasma,Albumin
2012,Micelles,Spherical,Coated,Positive charge,Pegylated,Unknown,Cytotoxicity,Others,Biodistribution,Microscope,Serum,Albumin
2012,Agglomerates,Nanorods,Coated,Positive charge,Pegylated,Unknown,Cytotoxicity,Complement,Release,Spectrum,Serum,Albumin
2012,Others,Nanorods,Coated,Negative charge,Pegylated,Unknown,Cytotoxicity,Inflammation,Biodistribution,Microscope,Serum,Others
2012,Silicon,Amorphous,Coated,Negative charge,Pegylated,Phagocytosis,Hemotoxicity,Inflammation,Biodistribution,Microscope,Plasma,Albumin
2013,Micelles,Others,Coated,Negative charge,Pegylated,Unknown,Cytotoxicity,Cytokines,Release,Fluorescence,Plasma,Fibrinogen
2013,Nanovesicles,Amorphous,Coated,Positive charge,Pegylated,Endocytosis,Cytotoxicity,Macrophages,Anticancer,Microscope,Serum,Albumin
2013,Others,Others,Unknown,Unknown,Pegylated,Unknown,Unknown,Others,Targeting,Fluorescence,Serum,Transferrin
2014,Others,Nanosheets,Coated,Positive charge,Pegylated,Unknown,Cytotoxicity,Complement,Biodistribution,Proteomics,Plasma,Lipoprotein
2014,Magnetic,Others,Coated,Negative charge,Pegylated,Phagocytosis,Cytotoxicity,Macrophages,Biodistribution,Spectrum,Serum,Lipoprotein
2014,Agglomerates,Spherical,Coated,Negative charge,Pegylated,Unknown,Cytotoxicity,Macrophages,Biodistribution,Spectrum,Serum,Albumin
2014,Silicon,Nanotubes,Unknown,Positive charge,Pegylated,Unknown,Unknown,Others,Biodistribution,Spectrum,Serum,Albumin
2014,Micelles,Others,Coated,Positive charge,Pegylated,Endocytosis,Cytotoxicity,Others,Anticancer,Fluorescence,Bovine,Albumin
2014,Micelles,Spherical,Coated,Positive charge,Pegylated,Unknown,Cytotoxicity,Dendritic cells,Release,Microscope,Others,Albumin
2014,Others,Nanotubes,Coated,Negative charge,Pegylated,Unknown,Cytotoxicity,Dendritic cells,Anticancer,Proteomics,Others,Others
2015,Agglomerates,Others,Coated,Positive charge,Pegylated,Unknown,Unknown,Others,Stability,Spectrum,Medium,Others
2015,Others,Nanorods,Coated,Negative charge,Pegylated,Endocytosis,Cytotoxicity,Macrophages,Anticancer,Microscope,Serum,Fibrinogen
2015,Gold,Nanorods,Coated,Negative charge,Pegylated,Phagocytosis,Cytotoxicity,Others,Stability,Fluorescence,Serum,Transferrin
2015,Agglomerates,Nanorods,Uncoated,Negative charge,Pegylated,Unknown,Cytotoxicity,Others,Anticancer,Spectrum,Plasma,Albumin
2015,Magnetic,Others,Coated,Negative charge,Pegylated,Phagocytosis,Cytotoxicity,Others,Targeting,Microscope,Plasma,Others
2015,Others,Others,Coated,Positive charge,Pegylated,Unknown,Unknown,Immune response,Biodistribution,Sdspage,Plasma,Albumin
2015,Carbon,Nanotubes,Coated,Positive charge,Pegylated,Unknown,Cytotoxicity,Others,Enzymes,Fluorescence,Serum,Albumin
2016,Micelles,Others,Coated,Positive charge,Pegylated,Unknown,Unknown,Macrophages,Biodistribution,Wavelength,Serum,Albumin
2016,Peptide,Others,Coated,Negative charge,Pegylated,Endocytosis,Cytotoxicity,Macrophages,Biodistribution,Microscope,Serum,Albumin
2016,Others,Spherical,Coated,Positive charge,Pegylated,Endocytosis,Cytotoxicity,Immune response,Biodistribution,Fluorescence,Serum,Transferrin
2016,Lipoplexes,Nanorods,Coated,Negative charge,Pegylated,Phagocytosis,Cytotoxicity,Macrophages,Anticancer,Microscope,Plasma,Lipoprotein
2016,Silicon,Others,Coated,Positive charge,Pegylated,Unknown,Unknown,Others,Stability,Fluorescence,Serum,Albumin
2016,Others,Nanotubes,Coated,Positive charge,Pegylated,Phagocytosis,Cytotoxicity,Macrophages,Anticancer,Fluorescence,Medium,Others
2016,Polystyrene,Spherical,Coated,Positive charge,Pegylated,Phagocytosis,Cytotoxicity,Macrophages,Biodistribution,Proteomics,Plasma,Albumin
2016,Magnetic,Others,Coated,Negative charge,Pegylated,Unknown,Cytotoxicity,Others,Antibacterial,Microscope,Medium,Others
2016,Surfactants,Nanorods,Coated,Negative charge,Pegylated,Unknown,Cytotoxicity,Others,Stability,Spectrum,Serum,Albumin
2016,Agglomerates,Others,Coated,Positive charge,Pegylated,Endocytosis,Cytotoxicity,Others,Anticancer,Microscope,Plasma,Others
2016,Micelles,Nanorods,Coated,Positive charge,Pegylated,Unknown,Unknown,Others,Stability,Spectrum,Bovine,Albumin
2016,Surfactants,Others,Coated,Negative charge,Pegylated,Unknown,Unknown,Others,Biodistribution,Microscope,Serum,Albumin
2016,Nanovesicles,Spherical,Unknown,Unknown,Pegylated,Unknown,Cytotoxicity,Others,Anticancer,Microscope,Medium,Others
2017,Gold,Others,Coated,Unknown,Pegylated,Unknown,Cytotoxicity,Macrophages,Biodistribution,Spectrum,Plasma,Fibrinogen
2017,Others,Nanorods,Coated,Negative charge,Pegylated,Endocytosis,Cytotoxicity,Dendritic cells,Targeting,Sdspage,Serum,Transferrin
2017,Polystyrene,Spherical,Coated,Positive charge,Pegylated,Endocytosis,Unknown,Macrophages,Biodistribution,Microscope,Serum,Lipoprotein
2017,Gold,Nanorods,Coated,Unknown,Pegylated,Unknown,Cytotoxicity,Others,Anticancer,Spectrum,Serum,Albumin
2017,Others,Others,Unknown,Negative charge,Pegylated,Endocytosis,Cytotoxicity,Macrophages,Biodistribution,Fluorescence,Serum,Albumin
2018,Others,Nanosheets,Coated,Positive charge,Pegylated,Unknown,Cytotoxicity,Others,Stability,Spectrum,Serum,Albumin
2018,Silicon,Amorphous,Coated,Positive charge,Pegylated,Endocytosis,Cytotoxicity,Macrophages,Targeting,Fluorescence,Serum,Others
2018,Lipoplexes,Others,Coated,Unknown,Pegylated,Unknown,Cytotoxicity,Others,Release,Spectrum,Plasma,Albumin
2018,Gold,Others,Coated,Positive charge,Pegylated,Unknown,Cytotoxicity,Others,Anticancer,Spectrum,Plasma,Others
2018,Gold,Nanorods,Coated,Negative charge,Pegylated,Unknown,Unknown,Cytokines,Biodistribution,Spectrum,Plasma,Albumin
2018,Colloids,Others,Coated,Positive charge,Pegylated,Endocytosis,Cytotoxicity,Complement,Biodistribution,Sdspage,Medium,Albumin
2018,Polystyrene,Others,Coated,Negative charge,Pegylated,Unknown,Unknown,Macrophages,Biodistribution,Microscope,Plasma,Lipoprotein
2018,Silicon,Others,Coated,Positive charge,Pegylated,Unknown,Cytotoxicity,Others,Biodistribution,Spectrum,Serum,Albumin
2018,Others,Nanotubes,Coated,Positive charge,Pegylated,Unknown,Cytotoxicity,Inflammation,Release,Spectrum,Bovine,Albumin
2018,Micelles,Spherical,Coated,Positive charge,Pegylated,Unknown,Cytotoxicity,Dendritic cells,Anticancer,Microscope,Plasma,Lipoprotein
2018,Micelles,Others,Coated,Negative charge,Pegylated,Unknown,Unknown,Others,Biodistribution,Spectrum,Medium,Albumin
2018,Others,Others,Coated,Positive charge,Pegylated,Unknown,Unknown,Complement,Biodistribution,Fluorescence,Plasma,Albumin
2018,Others,Nanorods,Coated,Positive charge,Pegylated,Unknown,Cytotoxicity,Inflammation,Anticancer,Fluorescence,Serum,Lipoprotein
2019,Colloids,Others,Coated,Positive charge,Pegylated,Unknown,Cytotoxicity,Others,Release,Fluorescence,Serum,Albumin
2019,Micelles,Nanosheets,Coated,Positive charge,Pegylated,Unknown,Cytotoxicity,Inflammation,Biodistribution,Spectrum,Plasma,Albumin
2019,Colloids,Spherical,Coated,Unknown,Pegylated,Unknown,Cytotoxicity,Others,Stability,Fluorescence,Serum,Albumin
2019,Micelles,Spherical,Coated,Positive charge,Pegylated,Phagocytosis,Cytotoxicity,Complement,Biodistribution,Proteomics,Serum,Lipoprotein
2019,Lipoplexes,Nanotubes,Unknown,Positive charge,Pegylated,Endocytosis,Cytotoxicity,Immune response,Biodistribution,Sdspage,Serum,Lipoprotein
2019,Others,Nanotubes,Coated,Negative charge,Pegylated,Unknown,Hemotoxicity,Immune response,Anticancer,Fluorescence,Serum,Albumin
2019,Oxidative,Spherical,Coated,Negative charge,Pegylated,Endocytosis,Cytotoxicity,Complement,Release,Fluorescence,Medium,Lipoprotein
2019,Carbon,Nanotubes,Unknown,Unknown,Pegylated,Unknown,Cytotoxicity,Macrophages,Stability,Fluorescence,Others,Fibrinogen
2019,Oxidative,Spherical,Coated,Negative charge,Pegylated,Endocytosis,Cytotoxicity,Complement,Release,Spectrum,Plasma,Others
2019,Micelles,Others,Coated,Negative charge,Pegylated,Unknown,Cytotoxicity,Others,Stability,Microscope,Plasma,Albumin
2019,Magnetic,Others,Coated,Negative charge,Pegylated,Unknown,Cytotoxicity,Macrophages,Anticancer,Microscope,Medium,Albumin
2019,Micelles,Others,Coated,Negative charge,Pegylated,Phagocytosis,Cytotoxicity,Immune response,Antibacterial,Spectrum,Serum,Albumin
2019,Agglomerates,Spherical,Coated,Positive charge,Pegylated,Unknown,Cytotoxicity,Macrophages,Stability,Spectrum,Serum,Albumin
2020,Magnetic,Spherical,Coated,Positive charge,Pegylated,Unknown,Unknown,Others,Anticancer,Microscope,Medium,Others
2020,Agglomerates,Nanotubes,Coated,Negative charge,Pegylated,Phagocytosis,Cytotoxicity,Macrophages,Biodistribution,Microscope,Serum,Albumin
2020,Gold,Others,Coated,Negative charge,Pegylated,Unknown,Unknown,Immune response,Targeting,Spectrum,Serum,Albumin
2020,Magnetic,Nanotubes,Coated,Negative charge,Pegylated,Endocytosis,Cytotoxicity,Macrophages,Antibacterial,Microscope,Plasma,Lipoprotein
2020,Silver,Spherical,Coated,Positive charge,Pegylated,Unknown,Cytotoxicity,Others,Biodistribution,Spectrum,Serum,Others
2020,Micelles,Spherical,Coated,Positive charge,Pegylated,Phagocytosis,Cytotoxicity,Immune response,Antibacterial,Microscope,Plasma,Fibrinogen
2020,Magnetic,Others,Coated,Negative charge,Pegylated,Endocytosis,Cytotoxicity,Macrophages,Release,Spectrum,Plasma,Lipoprotein
2020,Lipoplexes,Others,Unknown,Negative charge,Pegylated,Unknown,Cytotoxicity,Inflammation,Antibacterial,Proteomics,Plasma,Albumin
2020,Lipoplexes,Others,Unknown,Negative charge,Pegylated,Unknown,Unknown,Complement,Biodistribution,Proteomics,Serum,Lipoprotein
2020,Carbon,Nanotubes,Unknown,Negative charge,Pegylated,Unknown,Cytotoxicity,Complement,Biodistribution,Proteomics,Plasma,Fibrinogen
2020,Peptide,Nanotubes,Coated,Positive charge,Pegylated,Endocytosis,Cytotoxicity,Complement,Release,Spectrum,Serum,Fibrinogen
2020,Silicon,Nanosheets,Coated,Negative charge,Pegylated,Endocytosis,Cytotoxicity,Complement,Stability,Spectrum,Medium,Fibrinogen
2021,Oxidative,Spherical,Coated,Negative charge,Pegylated,Phagocytosis,Cytotoxicity,Monocytes,Biodistribution,Spectrum,Plasma,Fibrinogen
2021,Silicon,Spherical,Coated,Negative charge,Pegylated,Phagocytosis,Cytotoxicity,Immune response,Anticancer,Fluorescence,Serum,Albumin
2021,Micelles,Spherical,Unknown,Positive charge,Pegylated,Phagocytosis,Cytotoxicity,Immune response,Anticancer,Microscope,Plasma,Albumin
2021,Micelles,Spherical,Unknown,Negative charge,Pegylated,Unknown,Cytotoxicity,Others,Anticancer,Spectrum,Bovine,Others
2021,Carbon,Nanotubes,Unknown,Positive charge,Pegylated,Unknown,Cytotoxicity,Immune response,Anticancer,Spectrum,Plasma,Albumin
2021,Carbon,Spherical,Coated,Positive charge,Pegylated,Phagocytosis,Cytotoxicity,Macrophages,Release,Fluorescence,Plasma,Others
2022,Silver,Others,Coated,Negative charge,Pegylated,Unknown,Cytotoxicity,Macrophages,Antibacterial,Uvvis,Serum,Albumin
2022,Micelles,Spherical,Unknown,Positive charge,Pegylated,Endocytosis,Cytotoxicity,Macrophages,Targeting,Proteomics,Serum,Transferrin
2022,Others,Spherical,Coated,Positive charge,Pegylated,Phagocytosis,Cytotoxicity,Inflammation,Anticancer,Fluorescence,Plasma,Albumin
2022,Micelles,Spherical,Coated,Negative charge,Pegylated,Endocytosis,Cytotoxicity,Inflammation,Release,Fluorescence,Medium,Others
2022,Lipoplexes,Others,Coated,Negative charge,Pegylated,Endocytosis,Cytotoxicity,Immune response,Biodistribution,Microscope,Serum,Albumin
2022,Others,Others,Coated,Negative charge,Pegylated,Unknown,Cytotoxicity,Macrophages,Anticancer,Sdspage,Serum,Fibrinogen
2023,Gold,Nanorods,Coated,Positive charge,Pegylated,Unknown,Cytotoxicity,Others,Antibacterial,Sdspage,Medium,Albumin
2023,Micelles,Nanosheets,Unknown,Positive charge,Pegylated,Unknown,Cytotoxicity,Cytokines,Stability,Fluorescence,Plasma,Others
2023,Lipoplexes,Others,Unknown,Negative charge,Pegylated,Unknown,Cytotoxicity,Inflammation,Biodistribution,Fluorescence,Serum,Lipoprotein
2023,Silicon,Amorphous,Coated,Positive charge,Pegylated,Endocytosis,Cytotoxicity,Macrophages,Release,Fluorescence,Serum,Lipoprotein
2023,Micelles,Others,Coated,Negative charge,Pegylated,Unknown,Unknown,Cytokines,Biodistribution,Microscope,Serum,Lipoprotein
2023,Lipoplexes,Nanostars,Coated,Negative charge,Pegylated,Endocytosis,Cytotoxicity,Macrophages,Biodistribution,Icpms,Serum,Transferrin
2024,Others,Others,Coated,Negative charge,Pegylated,Endocytosis,Cytotoxicity,Complement,Therapy,Proteomics,Plasma,Lipoprotein
2024,Colloids,Nanosheets,Coated,Negative charge,Pegylated,Unknown,Cytotoxicity,Others,Stability,Spectrum,Bovine,Albumin
2024,Lipoplexes,Nanosheets,Coated,Positive charge,Pegylated,Endocytosis,Cytotoxicity,Others,Stability,Spectrum,Serum,Albumin
2024,Silicon,Spherical,Coated,Negative charge,Pegylated,Endocytosis,Cytotoxicity,Others,Antibacterial,Spectrum,Bovine,Albumin
2024,Others,Spherical,Coated,Unknown,Pegylated,Unknown,Cytotoxicity,Immune response,Biodistribution,Wavelength,Plasma,Others
2024,Silver,Spherical,Coated,Negative charge,Pegylated,Unknown,Cytotoxicity,Macrophages,Biodistribution,Fluorescence,Medium,Albumin
2024,Others,Nanotubes,Coated,Positive charge,Pegylated,Unknown,Cytotoxicity,Complement,Anticancer,Spectrum,Medium,Lipoprotein
2007,Quantum,Others,Coated,Unknown,Pegylated,Unknown,Unknown,Others,Biodistribution,Fluorescence,Bovine,Albumin
2010,Lipoplexes,Nanotubes,Coated,Positive charge,Pegylated,Phagocytosis,Cytotoxicity,Complement,Biodistribution,Spectrum,Plasma,Fibrinogen
2011,Micelles,Others,Unknown,Unknown,Pegylated,Unknown,Cytotoxicity,Others,Biodistribution,Microscope,Bovine,Albumin
2011,Silicon,Spherical,Coated,Positive charge,Pegylated,Unknown,Unknown,Complement,Others,Sdspage,Plasma,Lipoprotein
2012,Peptide,Others,Coated,Negative charge,Pegylated,Endocytosis,Unknown,Others,Biodistribution,Fluorescence,Medium,Transferrin
2012,Gold,Nanorods,Coated,Negative charge,Pegylated,Endocytosis,Cytotoxicity,Immune response,Biodistribution,Spectrum,Medium,Transferrin
2012,Oxidative,Others,Coated,Negative charge,Pegylated,Phagocytosis,Cytotoxicity,Macrophages,Biodistribution,Sdspage,Plasma,Fibrinogen
2012,Others,Spherical,Coated,Positive charge,Pegylated,Phagocytosis,Cytotoxicity,Complement,Targeting,Spectrum,Serum,Transferrin
2012,Silicon,Nanorods,Coated,Negative charge,Pegylated,Unknown,Hemotoxicity,Others,Biodistribution,Microscope,Plasma,Others
2012,Others,Spherical,Coated,Negative charge,Pegylated,Endocytosis,Cytotoxicity,Macrophages,Targeting,Microscope,Medium,Lipoprotein
2013,Magnetic,Spherical,Coated,Positive charge,Pegylated,Unknown,Cytotoxicity,Others,Biodistribution,Microscope,Serum,Others
2013,Lipoplexes,Urchin,Coated,Positive charge,Pegylated,Phagocytosis,Unknown,Complement,Biodistribution,Spectrum,Serum,Lipoprotein
2013,Polystyrene,Nanorods,Unknown,Negative charge,Pegylated,Unknown,Unknown,Others,Biodistribution,Microscope,Serum,Lipoprotein
2013,Gold,Spherical,Coated,Positive charge,Pegylated,Unknown,Cytotoxicity,Others,Biodistribution,Fluorescence,Bovine,Others
2013,Micelles,Others,Coated,Positive charge,Pegylated,Endocytosis,Cytotoxicity,Others,Biodistribution,Microscope,Medium,Others
2013,Carbon,Nanosheets,Coated,Negative charge,Pegylated,Unknown,Cytotoxicity,Complement,Anticancer,Spectrum,Plasma,Albumin
2013,Others,Others,Coated,Negative charge,Pegylated,Endocytosis,Unknown,Others,Targeting,Fluorescence,Serum,Lipoprotein
2013,Agglomerates,Nanorods,Coated,Positive charge,Pegylated,Endocytosis,Cytotoxicity,Others,Biodistribution,Spectrum,Serum,Others
2013,Micelles,Others,Unknown,Negative charge,Pegylated,Unknown,Cytotoxicity,Others,Release,Spectrum,Others,Others
2014,Agglomerates,Spherical,Coated,Negative charge,Pegylated,Endocytosis,Unknown,Macrophages,Biodistribution,Microscope,Medium,Albumin
2014,Others,Nanotubes,Coated,Negative charge,Pegylated,Unknown,Cytotoxicity,Complement,Biodistribution,Proteomics,Plasma,Albumin
2014,Magnetic,Spherical,Coated,Negative charge,Pegylated,Unknown,Cytotoxicity,Others,Biodistribution,Microscope,Medium,Others
2014,Oxidative,Nanorods,Coated,Positive charge,Pegylated,Endocytosis,Cytotoxicity,Inflammation,Stability,Fluorescence,Serum,Others
2014,Surfactants,Others,Coated,Negative charge,Pegylated,Unknown,Cytotoxicity,Macrophages,Stability,Sdspage,Plasma,Lipoprotein
2014,Others,Spherical,Coated,Positive charge,Pegylated,Endocytosis,Cytotoxicity,Macrophages,Biodistribution,Microscope,Serum,Albumin
2014,Others,Spherical,Coated,Negative charge,Pegylated,Unknown,Hemotoxicity,Immune response,Biodistribution,Sdspage,Serum,Transferrin
2014,Oxidative,Nanotubes,Coated,Unknown,Pegylated,Endocytosis,Cytotoxicity,Macrophages,Anticancer,Microscope,Serum,Fibrinogen
2014,Micelles,Others,Coated,Negative charge,Pegylated,Endocytosis,Unknown,Dendritic cells,Targeting,Sdspage,Serum,Albumin
2014,Micelles,Others,Coated,Neutral,Pegylated,Unknown,Unknown,Others,Enzymes,Microscope,Bovine,Albumin
2014,Silicon,Spherical,Coated,Unknown,Pegylated,Unknown,Cytotoxicity,Macrophages,Release,Proteomics,Medium,Others
2015,Magnetic,Spherical,Coated,Positive charge,Pegylated,Unknown,Cytotoxicity,Others,Targeting,Proteomics,Serum,Albumin
2015,Silicon,Nanosheets,Coated,Negative charge,Pegylated,Phagocytosis,Cytotoxicity,Complement,Targeting,Proteomics,Plasma,Lipoprotein
2015,Silicon,Amorphous,Coated,Negative charge,Pegylated,Unknown,Cytotoxicity,Others,Biodistribution,Spectrum,Medium,Albumin
2015,Micelles,Nanorods,Coated,Positive charge,Pegylated,Unknown,Hemotoxicity,Complement,Targeting,Microscope,Serum,Transferrin
2015,Silicon,Others,Coated,Negative charge,Pegylated,Unknown,Unknown,Others,Targeting,Microscope,Serum,Albumin
2015,Gold,Spherical,Coated,Negative charge,Pegylated,Unknown,Cytotoxicity,Macrophages,Biodistribution,Spectrum,Serum,Albumin
2015,Others,Nanotubes,Coated,Positive charge,Pegylated,Endocytosis,Cytotoxicity,Inflammation,Biodistribution,Microscope,Medium,Lipoprotein
2015,Silicon,Spherical,Unknown,Positive charge,Pegylated,Unknown,Cytotoxicity,Macrophages,Biodistribution,Spectrum,Serum,Others
2015,Magnetic,Nanotubes,Coated,Negative charge,Pegylated,Phagocytosis,Cytotoxicity,Complement,Biodistribution,Fluorescence,Serum,Albumin
2015,Magnetic,Others,Coated,Positive charge,Pegylated,Endocytosis,Cytotoxicity,Macrophages,Biodistribution,Fluorescence,Serum,Others
2015,Micelles,Others,Coated,Positive charge,Pegylated,Phagocytosis,Cytotoxicity,Immune response,Biodistribution,Fluorescence,Plasma,Fibrinogen
2015,Lipoplexes,Others,Unknown,Positive charge,Pegylated,Unknown,Unknown,Complement,Biodistribution,Proteomics,Plasma,Others
2015,Polystyrene,Spherical,Coated,Positive charge,Pegylated,Phagocytosis,Cytotoxicity,Complement,Biodistribution,Microscope,Serum,Lipoprotein
2015,Silicon,Spherical,Coated,Positive charge,Pegylated,Endocytosis,Cytotoxicity,Complement,Stability,Proteomics,Serum,Albumin
2015,Micelles,Nanorods,Coated,Negative charge,Pegylated,Unknown,Cytotoxicity,Others,Anticancer,Fluorescence,Medium,Albumin
2015,Polystyrene,Others,Coated,Negative charge,Pegylated,Unknown,Cytotoxicity,Complement,Anticancer,Spectrum,Medium,Fibrinogen
2015,Silicon,Others,Coated,Positive charge,Pegylated,Unknown,Cytotoxicity,Others,Targeting,Sdspage,Serum,Albumin
2015,Micelles,Nanorods,Coated,Negative charge,Pegylated,Endocytosis,Cytotoxicity,Others,Biodistribution,Sdspage,Serum,Others
2015,Gold,Nanorods,Coated,Positive charge,Pegylated,Unknown,Cytotoxicity,Others,Anticancer,Sdspage,Serum,Albumin
2015,Micelles,Others,Coated,Positive charge,Pegylated,Endocytosis,Cytotoxicity,Others,Anticancer,Fluorescence,Medium,Others
2016,Magnetic,Nanorods,Coated,Negative charge,Pegylated,Unknown,Cytotoxicity,Immune response,Anticancer,Microscope,Medium,Others
2016,Others,Others,Coated,Negative charge,Pegylated,Unknown,Cytotoxicity,Others,Antibacterial,Microscope,Serum,Albumin
2016,Zwitterionic,Others,Coated,Positive charge,Pegylated,Endocytosis,Cytotoxicity,Macrophages,Anticancer,Fluorescence,Serum,Albumin
2016,Others,Amorphous,Coated,Positive charge,Pegylated,Unknown,Cytotoxicity,Immune response,Targeting,Microscope,Serum,Albumin
2016,Carbon,Nanosheets,Coated,Positive charge,Pegylated,Unknown,Cytotoxicity,Others,Anticancer,Fluorescence,Others,Others
2016,Polystyrene,Nanotubes,Coated,Positive charge,Pegylated,Phagocytosis,Cytotoxicity,Inflammation,Stability,Microscope,Serum,Albumin
2016,Silicon,Others,Unknown,Negative charge,Pegylated,Unknown,Cytotoxicity,Others,Targeting,Proteomics,Serum,Albumin
2016,Peptide,Others,Coated,Positive charge,Pegylated,Unknown,Cytotoxicity,Macrophages,Antibacterial,Fluorescence,Serum,Albumin
2016,Magnetic,Others,Unknown,Negative charge,Pegylated,Phagocytosis,Cytotoxicity,Complement,Targeting,Spectrum,Medium,Lipoprotein
2016,Others,Others,Coated,Unknown,Pegylated,Unknown,Unknown,Macrophages,Targeting,Spectrum,Medium,Others
2016,Lipoplexes,Others,Coated,Negative charge,Pegylated,Endocytosis,Cytotoxicity,Complement,Targeting,Proteomics,Plasma,Lipoprotein
2016,Others,Nanorods,Coated,Positive charge,Pegylated,Phagocytosis,Cytotoxicity,Macrophages,Biodistribution,Proteomics,Serum,Lipoprotein
2016,Magnetic,Nanotubes,Coated,Positive charge,Pegylated,Endocytosis,Cytotoxicity,Cytokines,Therapy,Microscope,Serum,Others
2016,Others,Spherical,Coated,Negative charge,Pegylated,Unknown,Cytotoxicity,Immune response,Release,Fluorescence,Medium,Others
2016,Lipoplexes,Nanotubes,Coated,Positive charge,Pegylated,Unknown,Cytotoxicity,Inflammation,Biodistribution,Spectrum,Serum,Albumin
2016,Magnetic,Others,Coated,Positive charge,Pegylated,Unknown,Cytotoxicity,Others,Biodistribution,Spectrum,Serum,Albumin
2017,Lipoplexes,Others,Coated,Unknown,Pegylated,Unknown,Cytotoxicity,Complement,Biodistribution,Microscope,Plasma,Lipoprotein
2017,Silicon,Spherical,Coated,Positive charge,Pegylated,Endocytosis,Cytotoxicity,Macrophages,Targeting,Fluorescence,Serum,Lipoprotein
2017,Gold,Nanorods,Unknown,Negative charge,Pegylated,Phagocytosis,Unknown,Macrophages,Release,Fluorescence,Bovine,Others
2017,Gold,Others,Coated,Negative charge,Pegylated,Unknown,Cytotoxicity,Others,Biodistribution,Microscope,Medium,Others
2017,Lipoplexes,Spherical,Coated,Negative charge,Pegylated,Phagocytosis,Cytotoxicity,Others,Targeting,Others,Serum,Albumin
2017,Others,Spherical,Coated,Negative charge,Pegylated,Phagocytosis,Cytotoxicity,Macrophages,Biodistribution,Fluorescence,Plasma,Albumin
2017,Quantum,Others,Coated,Unknown,Pegylated,Unknown,Unknown,Others,Stability,Spectrum,Medium,Transferrin
2017,Peptide,Others,Coated,Positive charge,Pegylated,Unknown,Cytotoxicity,Others,Stability,Spectrum,Medium,Albumin
2017,Silver,Urchin,Coated,Negative charge,Pegylated,Unknown,Cytotoxicity,Others,Release,Spectrum,Medium,Albumin
2017,Micelles,Others,Coated,Negative charge,Pegylated,Unknown,Unknown,Others,Stability,Spectrum,Medium,Others
2017,Micelles,Others,Uncoated,Negative charge,Pegylated,Phagocytosis,Cytotoxicity,Complement,Stability,Microscope,Plasma,Albumin
2017,Gold,Spherical,Coated,Negative charge,Pegylated,Unknown,Cytotoxicity,Macrophages,Stability,Spectrum,Serum,Albumin
2017,Zwitterionic,Spherical,Coated,Negative charge,Pegylated,Endocytosis,Cytotoxicity,Others,Release,Spectrum,Serum,Others
2017,Silver,Others,Coated,Positive charge,Pegylated,Unknown,Cytotoxicity,Others,Antibacterial,Microscope,Medium,Others
2017,Gold,Spherical,Coated,Positive charge,Pegylated,Unknown,Cytotoxicity,Others,Biodistribution,Spectrum,Serum,Albumin
2017,Others,Spherical,Coated,Positive charge,Pegylated,Unknown,Cytotoxicity,Macrophages,Enzymes,Spectrum,Plasma,Albumin
2017,Agglomerates,Spherical,Coated,Negative charge,Pegylated,Unknown,Cytotoxicity,Inflammation,Antibacterial,Proteomics,Medium,Transferrin
2017,Silicon,Nanosheets,Coated,Negative charge,Pegylated,Endocytosis,Cytotoxicity,Macrophages,Anticancer,Fluorescence,Medium,Albumin
2017,Agglomerates,Nanorods,Coated,Negative charge,Pegylated,Endocytosis,Cytotoxicity,Immune response,Anticancer,Fluorescence,Serum,Albumin
2017,Peptide,Nanotubes,Coated,Positive charge,Pegylated,Unknown,Cytotoxicity,Immune response,Anticancer,Fluorescence,Serum,Albumin
2017,Micelles,Nanosheets,Coated,Negative charge,Pegylated,Endocytosis,Cytotoxicity,Dendritic cells,Release,Microscope,Medium,Others
2017,Micelles,Spherical,Coated,Negative charge,Pegylated,Unknown,Cytotoxicity,Others,Anticancer,Microscope,Medium,Others
2018,Silver,Spherical,Coated,Negative charge,Pegylated,Unknown,Cytotoxicity,Macrophages,Therapy,Fluorescence,Serum,Albumin
2018,Lipoplexes,Others,Coated,Positive charge,Pegylated,Phagocytosis,Cytotoxicity,Others,Anticancer,Proteomics,Plasma,Lipoprotein
2018,Others,Spherical,Unknown,Positive charge,Pegylated,Unknown,Unknown,Others,Stability,Sdspage,Bovine,Albumin
2018,Oxidative,Others,Coated,Unknown,Pegylated,Phagocytosis,Cytotoxicity,Macrophages,Release,Microscope,Medium,Albumin
2018,Micelles,Others,Coated,Positive charge,Pegylated,Endocytosis,Cytotoxicity,Macrophages,Stability,Spectrum,Serum,Albumin
2018,Lipoplexes,Spherical,Coated,Negative charge,Pegylated,Unknown,Unknown,Complement,Anticancer,Sdspage,Plasma,Others
2018,Colloids,Nanorods,Coated,Positive charge,Pegylated,Phagocytosis,Cytotoxicity,Macrophages,Anticancer,Spectrum,Serum,Albumin
2018,Others,Others,Coated,Positive charge,Pegylated,Exocytosis,Cytotoxicity,Others,Release,Spectrum,Medium,Others
2018,Others,Spherical,Coated,Positive charge,Pegylated,Unknown,Cytotoxicity,Others,Targeting,Sdspage,Others,Transferrin
2018,Lipoplexes,Others,Coated,Positive charge,Pegylated,Endocytosis,Cytotoxicity,Others,Anticancer,Microscope,Medium,Others
2018,Polystyrene,Spherical,Coated,Negative charge,Pegylated,Unknown,Unknown,Complement,Biodistribution,Fluorescence,Plasma,Others
2018,Silicon,Others,Coated,Unknown,Pegylated,Unknown,Cytotoxicity,Others,Biodistribution,Spectrum,Medium,Others
2018,Micelles,Others,Coated,Positive charge,Pegylated,Phagocytosis,Cytotoxicity,Dendritic cells,Anticancer,Spectrum,Plasma,Others
2018,Micelles,Others,Coated,Positive charge,Pegylated,Unknown,Unknown,Immune response,Biodistribution,Spectrum,Plasma,Albumin
2018,Others,Amorphous,Coated,Negative charge,Pegylated,Phagocytosis,Cytotoxicity,Complement,Anticancer,Spectrum,Medium,Albumin
2018,Silver,Spherical,Coated,Negative charge,Pegylated,Unknown,Cytotoxicity,Others,Antibacterial,Microscope,Serum,Albumin
2018,Carbon,Nanotubes,Coated,Positive charge,Pegylated,Unknown,Cytotoxicity,Immune response,Release,Fluorescence,Plasma,Albumin
2018,Polystyrene,Urchin,Coated,Positive charge,Pegylated,Phagocytosis,Cytotoxicity,Immune response,Biodistribution,Fluorescence,Medium,Transferrin
2018,Gold,Nanorods,Coated,Negative charge,Pegylated,Unknown,Cytotoxicity,Macrophages,Biodistribution,Spectrum,Medium,Albumin
2018,Magnetic,Spherical,Coated,Positive charge,Pegylated,Unknown,Cytotoxicity,Immune response,Therapy,Spectrum,Medium,Others
2018,Agglomerates,Nanotubes,Coated,Negative charge,Pegylated,Unknown,Cytotoxicity,Others,Stability,Spectrum,Serum,Albumin
2018,Others,Others,Coated,Negative charge,Pegylated,Phagocytosis,Cytotoxicity,Complement,Biodistribution,Proteomics,Serum,Albumin
2018,Silver,Nanotubes,Coated,Negative charge,Pegylated,Unknown,Cytotoxicity,Complement,Antibacterial,Fluorescence,Serum,Albumin
2018,Silver,Nanosheets,Coated,Negative charge,Pegylated,Unknown,Cytotoxicity,Others,Antibacterial,Spectrum,Serum,Albumin
2018,Micelles,Spherical,Unknown,Positive charge,Pegylated,Unknown,Cytotoxicity,Others,Release,Microscope,Plasma,Others
2018,Magnetic,Others,Coated,Positive charge,Pegylated,Endocytosis,Cytotoxicity,Macrophages,Anticancer,Fluorescence,Serum,Albumin
2019,Gold,Nanotubes,Coated,Positive charge,Pegylated,Endocytosis,Cytotoxicity,Monocytes,Anticancer,Fluorescence,Serum,Others
2019,Carbon,Nanotubes,Unknown,Negative charge,Pegylated,Unknown,Cytotoxicity,Others,Anticancer,Wavelength,Plasma,Albumin
2019,Peptide,Spherical,Coated,Negative charge,Pegylated,Phagocytosis,Cytotoxicity,Others,Therapy,Microscope,Serum,Others
2019,Micelles,Others,Coated,Negative charge,Pegylated,Unknown,Cytotoxicity,Inflammation,Anticancer,Spectrum,Serum,Albumin
2019,Lipoplexes,Others,Coated,Positive charge,Pegylated,Unknown,Cytotoxicity,Others,Biodistribution,Sdspage,Plasma,Others
2019,Others,Others,Coated,Negative charge,Pegylated,Endocytosis,Cytotoxicity,Immune response,Anticancer,Fluorescence,Medium,Others
2019,Peptide,Spherical,Coated,Negative charge,Pegylated,Phagocytosis,Cytotoxicity,Macrophages,Anticancer,Fluorescence,Bovine,Others
2019,Carbon,Spherical,Coated,Negative charge,Pegylated,Unknown,Unknown,Complement,Anticancer,Spectrum,Serum,Lipoprotein
2019,Micelles,Others,Coated,Positive charge,Pegylated,Endocytosis,Cytotoxicity,Others,Release,Spectrum,Serum,Albumin
2019,Micelles,Nanotubes,Coated,Positive charge,Pegylated,Phagocytosis,Cytotoxicity,Macrophages,Anticancer,Fluorescence,Serum,Albumin
2019,Lipoplexes,Others,Coated,Positive charge,Pegylated,Unknown,Cytotoxicity,Others,Biodistribution,Microscope,Serum,Lipoprotein
2019,Silver,Nanosheets,Uncoated,Negative charge,Pegylated,Unknown,Cytotoxicity,Macrophages,Stability,Spectrum,Serum,Albumin
2019,Micelles,Amorphous,Coated,Positive charge,Pegylated,Endocytosis,Hemotoxicity,Others,Anticancer,Spectrum,Medium,Others
2019,Others,Spherical,Coated,Negative charge,Pegylated,Endocytosis,Cytotoxicity,Macrophages,Biodistribution,Spectrum,Medium,Albumin
2019,Others,Others,Coated,Unknown,Pegylated,Phagocytosis,Cytotoxicity,Macrophages,Anticancer,Microscope,Plasma,Albumin
2019,Agglomerates,Nanosheets,Coated,Negative charge,Pegylated,Unknown,Cytotoxicity,Others,Stability,Fluorescence,Medium,Others
2019,Gold,Nanorods,Coated,Unknown,Pegylated,Endocytosis,Cytotoxicity,Others,Anticancer,Microscope,Plasma,Albumin
2019,Silver,Nanotubes,Coated,Negative charge,Pegylated,Endocytosis,Cytotoxicity,Macrophages,Biodistribution,Fluorescence,Medium,Albumin
2019,Micelles,Others,Coated,Negative charge,Pegylated,Unknown,Cytotoxicity,Complement,Biodistribution,Microscope,Plasma,Albumin
2019,Magnetic,Others,Coated,Positive charge,Pegylated,Endocytosis,Cytotoxicity,Macrophages,Biodistribution,Fluorescence,Medium,Others
2019,Micelles,Spherical,Coated,Negative charge,Pegylated,Unknown,Cytotoxicity,Macrophages,Biodistribution,Microscope,Serum,Others
2020,Agglomerates,Nanorods,Unknown,Negative charge,Pegylated,Unknown,Cytotoxicity,Others,Stability,Sdspage,Plasma,Fibrinogen
2020,Polystyrene,Others,Coated,Unknown,Pegylated,Unknown,Cytotoxicity,Immune response,Biodistribution,Spectrum,Medium,Others
2020,Agglomerates,Nanorods,Coated,Negative charge,Pegylated,Unknown,Cytotoxicity,Others,Stability,Spectrum,Medium,Albumin
2020,Silver,Amorphous,Coated,Negative charge,Pegylated,Unknown,Cytotoxicity,Macrophages,Antibacterial,Spectrum,Serum,Albumin
2020,Others,Spherical,Coated,Positive charge,Pegylated,Unknown,Cytotoxicity,Macrophages,Stability,Fluorescence,Serum,Albumin
2020,Others,Others,Coated,Negative charge,Pegylated,Endocytosis,Cytotoxicity,Complement,Biodistribution,Fluorescence,Plasma,Albumin
2020,Micelles,Spherical,Coated,Positive charge,Pegylated,Unknown,Cytotoxicity,Complement,Targeting,Fluorescence,Serum,Albumin
2020,Carbon,Nanotubes,Unknown,Negative charge,Pegylated,Phagocytosis,Cytotoxicity,Macrophages,Anticancer,Microscope,Medium,Albumin
2020,Gold,Others,Coated,Negative charge,Pegylated,Unknown,Cytotoxicity,Inflammation,Biodistribution,Spectrum,Bovine,Albumin
2020,Micelles,Nanotubes,Unknown,Negative charge,Pegylated,Unknown,Cytotoxicity,Inflammation,Targeting,Fluorescence,Serum,Albumin
2020,Lipoplexes,Nanotubes,Coated,Negative charge,Pegylated,Unknown,Cytotoxicity,Immune response,Biodistribution,Sdspage,Serum,Lipoprotein
2020,Agglomerates,Nanosheets,Unknown,Positive charge,Pegylated,Unknown,Cytotoxicity,Others,Others,Spectrum,Serum,Albumin
2020,Lipoplexes,Spherical,Coated,Positive charge,Pegylated,Endocytosis,Cytotoxicity,Complement,Biodistribution,Fluorescence,Serum,Albumin
2020,Magnetic,Others,Coated,Negative charge,Pegylated,Endocytosis,Cytotoxicity,Cytokines,Biodistribution,Spectrum,Medium,Transferrin
2020,Others,Others,Unknown,Positive charge,Pegylated,Phagocytosis,Cytotoxicity,Macrophages,Biodistribution,Fluorescence,Plasma,Albumin
2020,Micelles,Spherical,Unknown,Positive charge,Pegylated,Unknown,Cytotoxicity,Immune response,Targeting,Fluorescence,Serum,Albumin
2020,Micelles,Spherical,Coated,Negative charge,Pegylated,Unknown,Cytotoxicity,Macrophages,Release,Microscope,Serum,Transferrin
2020,Silver,Others,Coated,Positive charge,Pegylated,Unknown,Cytotoxicity,Others,Stability,Microscope,Serum,Others
2020,Polystyrene,Others,Coated,Negative charge,Pegylated,Unknown,Unknown,Immune response,Biodistribution,Sdspage,Plasma,Albumin
2020,Gold,Nanotubes,Coated,Negative charge,Pegylated,Endocytosis,Mitochondrial toxicity,Macrophages,Biodistribution,Proteomics,Medium,Albumin
2020,Others,Others,Coated,Neutral,Pegylated,Unknown,Cytotoxicity,Complement,Biodistribution,Spectrum,Plasma,Albumin
2020,Virus,Others,Coated,Negative charge,Pegylated,Endocytosis,Cytotoxicity,Immune response,Targeting,Microscope,Serum,Transferrin
2020,Carbon,Nanotubes,Coated,Positive charge,Pegylated,Unknown,Cytotoxicity,Macrophages,Biodistribution,Fluorescence,Serum,Albumin
2020,Lipoplexes,Spherical,Coated,Positive charge,Pegylated,Phagocytosis,Unknown,Macrophages,Anticancer,Proteomics,Plasma,Fibrinogen
2020,Agglomerates,Nanosheets,Coated,Positive charge,Pegylated,Unknown,Cytotoxicity,Immune response,Enzymes,Spectrum,Plasma,Albumin
2020,Others,Others,Coated,Positive charge,Pegylated,Phagocytosis,Cytotoxicity,Complement,Biodistribution,Proteomics,Plasma,Fibrinogen
2020,Lipoplexes,Nanotubes,Coated,Positive charge,Pegylated,Endocytosis,Cytotoxicity,Dendritic cells,Anticancer,Fluorescence,Serum,Albumin
2020,Virus,Others,Coated,Negative charge,Pegylated,Unknown,Cytotoxicity,Others,Biodistribution,Microscope,Plasma,Others
2020,Micelles,Spherical,Coated,Negative charge,Pegylated,Unknown,Cytotoxicity,Others,Release,Microscope,Serum,Others
2020,Carbon,Others,Coated,Positive charge,Pegylated,Unknown,Cytotoxicity,Immune response,Biodistribution,Sdspage,Plasma,Albumin
2021,Oxidative,Spherical,Coated,Positive charge,Pegylated,Phagocytosis,Cytotoxicity,Macrophages,Biodistribution,Fluorescence,Plasma,Albumin
2021,Micelles,Amorphous,Coated,Positive charge,Pegylated,Unknown,Cytotoxicity,Others,Anticancer,Spectrum,Serum,Albumin
2021,Others,Spherical,Coated,Positive charge,Pegylated,Endocytosis,Cytotoxicity,Macrophages,Targeting,Spectrum,Plasma,Transferrin
2021,Peptide,Nanotubes,Coated,Positive charge,Pegylated,Unknown,Cytotoxicity,Immune response,Anticancer,Spectrum,Serum,Albumin
2021,Lipoplexes,Spherical,Uncoated,Negative charge,Pegylated,Endocytosis,Cytotoxicity,Macrophages,Biodistribution,Fluorescence,Serum,Lipoprotein
2021,Lipoplexes,Spherical,Coated,Negative charge,Pegylated,Unknown,Cytotoxicity,Dendritic cells,Biodistribution,Microscope,Serum,Albumin
2021,Gold,Nanorods,Coated,Positive charge,Pegylated,Endocytosis,Cytotoxicity,Immune response,Biodistribution,Microscope,Medium,Others
2021,Micelles,Others,Coated,Positive charge,Pegylated,Phagocytosis,Cytotoxicity,Complement,Biodistribution,Spectrum,Medium,Others
2021,Lipoplexes,Others,Coated,Negative charge,Pegylated,Unknown,Mitochondrial toxicity,Complement,Release,Proteomics,Plasma,Albumin
2021,Lipoplexes,Others,Unknown,Positive charge,Pegylated,Phagocytosis,Cytotoxicity,Inflammation,Targeting,Microscope,Plasma,Albumin
2021,Lipoplexes,Spherical,Coated,Neutral,Pegylated,Phagocytosis,Cytotoxicity,Complement,Biodistribution,Microscope,Serum,Albumin
2021,Micelles,Spherical,Unknown,Negative charge,Pegylated,Unknown,Cytotoxicity,Others,Anticancer,Spectrum,Medium,Others
2021,Silicon,Spherical,Coated,Negative charge,Pegylated,Unknown,Cytotoxicity,Complement,Biodistribution,Microscope,Bovine,Albumin
2021,Oxidative,Others,Coated,Negative charge,Pegylated,Endocytosis,Cytotoxicity,Macrophages,Anticancer,Spectrum,Medium,Lipoprotein
2021,Agglomerates,Others,Coated,Negative charge,Pegylated,Unknown,Unknown,Others,Biodistribution,Fluorescence,Serum,Albumin
2021,Others,Spherical,Coated,Positive charge,Pegylated,Unknown,Cytotoxicity,Inflammation,Anticancer,Fluorescence,Serum,Albumin
2021,Lipoplexes,Others,Coated,Positive charge,Pegylated,Phagocytosis,Unknown,Immune response,Targeting,Others,Serum,Lipoprotein
2021,Peptide,Others,Coated,Positive charge,Pegylated,Endocytosis,Cytotoxicity,Macrophages,Anticancer,Spectrum,Serum,Others
2021,Gold,Spherical,Coated,Negative charge,Pegylated,Endocytosis,Cytotoxicity,Complement,Biodistribution,Proteomics,Medium,Transferrin
2021,Others,Nanosheets,Coated,Negative charge,Pegylated,Endocytosis,Cytotoxicity,Immune response,Anticancer,Fluorescence,Plasma,Albumin
2021,Silver,Nanotubes,Coated,Negative charge,Pegylated,Phagocytosis,Cytotoxicity,Macrophages,Stability,Fluorescence,Serum,Albumin
2022,Micelles,Others,Coated,Negative charge,Pegylated,Endocytosis,Cytotoxicity,Macrophages,Anticancer,Spectrum,Medium,Albumin
2022,Oxidative,Nanorods,Coated,Negative charge,Pegylated,Unknown,Cytotoxicity,Others,Anticancer,Microscope,Medium,Others
2022,Surfactants,Others,Coated,Positive charge,Pegylated,Unknown,Cytotoxicity,Others,Antibacterial,Microscope,Medium,Albumin
2022,Carbon,Spherical,Coated,Negative charge,Pegylated,Unknown,Cytotoxicity,Immune response,Anticancer,Fluorescence,Serum,Others
2022,Others,Spherical,Coated,Positive charge,Pegylated,Endocytosis,Cytotoxicity,Immune response,Anticancer,Sdspage,Plasma,Others
2022,Agglomerates,Others,Coated,Negative charge,Pegylated,Unknown,Cytotoxicity,Immune response,Biodistribution,Microscope,Plasma,Albumin
2022,Others,Others,Coated,Positive charge,Pegylated,Unknown,Cytotoxicity,Others,Biodistribution,Spectrum,Serum,Fibrinogen
2022,Virus,Others,Coated,Positive charge,Pegylated,Unknown,Cytotoxicity,Others,Antibacterial,Spectrum,Medium,Albumin
2022,Polystyrene,Nanorods,Coated,Positive charge,Pegylated,Phagocytosis,Cytotoxicity,Inflammation,Biodistribution,Proteomics,Medium,Albumin
2022,Lipoplexes,Spherical,Coated,Positive charge,Pegylated,Endocytosis,Cytotoxicity,Macrophages,Biodistribution,Proteomics,Plasma,Albumin
2022,Peptide,Amorphous,Coated,Positive charge,Pegylated,Unknown,Cytotoxicity,Immune response,Targeting,Proteomics,Serum,Albumin
2022,Agglomerates,Nanosheets,Coated,Positive charge,Pegylated,Unknown,Cytotoxicity,Macrophages,Biodistribution,Fluorescence,Serum,Albumin
2022,Micelles,Spherical,Unknown,Positive charge,Pegylated,Phagocytosis,Cytotoxicity,Macrophages,Release,Fluorescence,Medium,Others
2022,Micelles,Spherical,Unknown,Positive charge,Pegylated,Unknown,Cytotoxicity,Others,Antibacterial,Uvvis,Others,Others
2022,Others,Amorphous,Coated,Negative charge,Pegylated,Unknown,Cytotoxicity,Others,Biodistribution,Spectrum,Serum,Albumin
2022,Magnetic,Spherical,Unknown,Negative charge,Pegylated,Unknown,Cytotoxicity,Complement,Biodistribution,Proteomics,Serum,Albumin
2022,Lipoplexes,Spherical,Coated,Positive charge,Pegylated,Unknown,Cytotoxicity,Macrophages,Biodistribution,Fluorescence,Plasma,Albumin
2022,Peptide,Nanorods,Coated,Negative charge,Pegylated,Unknown,Cytotoxicity,Complement,Biodistribution,Spectrum,Serum,Albumin
2022,Others,Nanosheets,Coated,Positive charge,Pegylated,Unknown,Cytotoxicity,Others,Anticancer,Others,Plasma,Others
2022,Quantum,Others,Coated,Positive charge,Pegylated,Exocytosis,Cytotoxicity,Macrophages,Stability,Fluorescence,Serum,Albumin
2022,Micelles,Others,Coated,Positive charge,Pegylated,Unknown,Cytotoxicity,Immune response,Biodistribution,Spectrum,Others,Others
2022,Micelles,Others,Coated,Positive charge,Pegylated,Endocytosis,Cytotoxicity,Immune response,Anticancer,Sdspage,Serum,Albumin
2022,Lipoplexes,Nanosheets,Coated,Negative charge,Pegylated,Unknown,Unknown,Macrophages,Anticancer,Fluorescence,Medium,Albumin
2022,Micelles,Nanosheets,Coated,Negative charge,Pegylated,Macropinocytosis,Cytotoxicity,Dendritic cells,Biodistribution,Proteomics,Medium,Albumin
2023,Micelles,Others,Coated,Positive charge,Pegylated,Endocytosis,Cytotoxicity,Macrophages,Biodistribution,Fluorescence,Medium,Albumin
2023,Silicon,Others,Coated,Negative charge,Pegylated,Unknown,Cytotoxicity,Complement,Anticancer,Proteomics,Plasma,Albumin
2023,Silver,Spherical,Coated,Positive charge,Pegylated,Phagocytosis,Cytotoxicity,Macrophages,Release,Spectrum,Serum,Albumin
2023,Lipoplexes,Others,Coated,Negative charge,Pegylated,Unknown,Cytotoxicity,Macrophages,Anticancer,Spectrum,Serum,Albumin
2023,Gold,Nanorods,Coated,Positive charge,Pegylated,Unknown,Cytotoxicity,Immune response,Antibacterial,Spectrum,Serum,Albumin
2023,Lipoplexes,Others,Unknown,Positive charge,Pegylated,Phagocytosis,Cytotoxicity,Immune response,Targeting,Microscope,Serum,Others
2023,Agglomerates,Nanorods,Coated,Positive charge,Pegylated,Unknown,Unknown,Inflammation,Stability,Microscope,Serum,Albumin
2023,Others,Others,Coated,Positive charge,Pegylated,Phagocytosis,Cytotoxicity,Immune response,Biodistribution,Sdspage,Serum,Lipoprotein
2023,Lipoplexes,Nanorods,Unknown,Neutral,Pegylated,Phagocytosis,Cytotoxicity,Dendritic cells,Biodistribution,Microscope,Medium,Others
2023,Gold,Spherical,Coated,Negative charge,Pegylated,Unknown,Cytotoxicity,Cytokines,Enzymes,Spectrum,Serum,Fibrinogen
2023,Others,Nanorods,Coated,Positive charge,Pegylated,Unknown,Unknown,Immune response,Targeting,Fluorescence,Serum,Albumin
2023,Magnetic,Spherical,Coated,Positive charge,Pegylated,Unknown,Cytotoxicity,Macrophages,Biodistribution,Fluorescence,Serum,Albumin
2024,Lipoplexes,Others,Unknown,Unknown,Pegylated,Unknown,Unknown,Others,Anticancer,Fluorescence,Plasma,Others
2024,Oxidative,Others,Coated,Positive charge,Pegylated,Unknown,Cytotoxicity,Others,Antibacterial,Spectrum,Medium,Albumin
2024,Gold,Nanotubes,Coated,Positive charge,Pegylated,Unknown,Cytotoxicity,Immune response,Antibacterial,Spectrum,Serum,Albumin
2024,Carbon,Spherical,Coated,Negative charge,Pegylated,Unknown,Cytotoxicity,Complement,Biodistribution,Spectrum,Plasma,Lipoprotein
2024,Lipoplexes,Others,Coated,Positive charge,Pegylated,Endocytosis,Cytotoxicity,Others,Biodistribution,Microscope,Medium,Others
2024,Carbon,Nanosheets,Coated,Negative charge,Pegylated,Phagocytosis,Cytotoxicity,Inflammation,Anticancer,Proteomics,Serum,Albumin
2024,Nanovesicles,Others,Coated,Negative charge,Pegylated,Phagocytosis,Cytotoxicity,Complement,Biodistribution,Fluorescence,Serum,Albumin
2024,Oxidative,Spherical,Coated,Positive charge,Pegylated,Unknown,Unknown,Macrophages,Stability,Spectrum,Serum,Albumin
2024,Others,Others,Coated,Negative charge,Pegylated,Unknown,Cytotoxicity,Macrophages,Anticancer,Microscope,Serum,Lipoprotein
2007,Micelles,Others,Coated,Positive charge,Pegylated,Endocytosis,Unknown,Others,Release,Sdspage,Others,Others
2008,Micelles,Spherical,Coated,Negative charge,Pegylated,Unknown,Unknown,Immune response,Anticancer,Microscope,Medium,Others
2010,Micelles,Others,Coated,Positive charge,Pegylated,Unknown,Unknown,Others,Biodistribution,Fluorescence,Others,Fibrinogen
2011,Lipoplexes,Others,Unknown,Positive charge,Pegylated,Unknown,Hemotoxicity,Immune response,Biodistribution,Proteomics,Plasma,Others
2011,Silicon,Spherical,Coated,Positive charge,Pegylated,Unknown,Unknown,Monocytes,Biodistribution,Spectrum,Serum,Albumin
2011,Magnetic,Spherical,Coated,Negative charge,Pegylated,Unknown,Cytotoxicity,Others,Release,Spectrum,Plasma,Transferrin
2011,Gold,Others,Coated,Unknown,Pegylated,Unknown,Cytotoxicity,Others,Targeting,Fluorescence,Others,Others
2011,Oxidative,Others,Coated,Negative charge,Pegylated,Endocytosis,Cytotoxicity,Immune response,Stability,Microscope,Medium,Transferrin
2011,Colloids,Spherical,Coated,Positive charge,Pegylated,Unknown,Unknown,Immune response,Targeting,Fluorescence,Serum,Others
2011,Micelles,Spherical,Coated,Positive charge,Pegylated,Unknown,Unknown,Others,Biodistribution,Fluorescence,Medium,Others
2012,Silicon,Amorphous,Coated,Positive charge,Pegylated,Endocytosis,Cytotoxicity,Inflammation,Anticancer,Others,Medium,Others
2012,Silver,Spherical,Coated,Positive charge,Pegylated,Unknown,Cytotoxicity,Complement,Antibacterial,Spectrum,Plasma,Transferrin
2012,Oxidative,Others,Unknown,Negative charge,Pegylated,Unknown,Cytotoxicity,Others,Release,Microscope,Medium,Albumin
2012,Agglomerates,Nanosheets,Coated,Negative charge,Pegylated,Unknown,Unknown,Dendritic cells,Anticancer,Microscope,Medium,Others
2013,Magnetic,Others,Coated,Positive charge,Pegylated,Unknown,Cytotoxicity,Cytokines,Release,Fluorescence,Serum,Others
2013,Magnetic,Others,Coated,Neutral,Pegylated,Unknown,Cytotoxicity,Others,Biodistribution,Sdspage,Serum,Transferrin
2013,Lipoplexes,Spherical,Unknown,Positive charge,Pegylated,Phagocytosis,Cytotoxicity,Macrophages,Biodistribution,Spectrum,Serum,Albumin
2013,Lipoplexes,Spherical,Coated,Positive charge,Pegylated,Macropinocytosis,Unknown,Immune response,Targeting,Microscope,Plasma,Albumin
2013,Colloids,Spherical,Coated,Positive charge,Pegylated,Unknown,Unknown,Others,Enzymes,Spectrum,Plasma,Others
2013,Micelles,Others,Coated,Positive charge,Pegylated,Unknown,Cytotoxicity,Others,Stability,Fluorescence,Medium,Transferrin
2013,Micelles,Others,Coated,Negative charge,Pegylated,Unknown,Unknown,Others,Biodistribution,Fluorescence,Serum,Others
2013,Oxidative,Others,Coated,Positive charge,Pegylated,Unknown,Cytotoxicity,Others,Antibacterial,Microscope,Others,Others
2013,Carbon,Nanotubes,Coated,Positive charge,Pegylated,Unknown,Cytotoxicity,Inflammation,Stability,Spectrum,Serum,Albumin
2013,Silver,Nanotubes,Coated,Negative charge,Pegylated,Phagocytosis,Cytotoxicity,Macrophages,Targeting,Microscope,Serum,Transferrin
2013,Gold,Nanorods,Coated,Negative charge,Pegylated,Endocytosis,Cytotoxicity,Inflammation,Stability,Spectrum,Serum,Albumin
2014,Magnetic,Others,Coated,Negative charge,Pegylated,Unknown,Cytotoxicity,Others,Biodistribution,Spectrum,Bovine,Albumin
2014,Silicon,Spherical,Coated,Positive charge,Pegylated,Endocytosis,Cytotoxicity,Others,Stability,Microscope,Medium,Others
2014,Carbon,Nanosheets,Coated,Unknown,Pegylated,Unknown,Cytotoxicity,Others,Anticancer,Spectrum,Plasma,Others
2014,Peptide,Others,Coated,Positive charge,Pegylated,Unknown,Cytotoxicity,Macrophages,Biodistribution,Spectrum,Plasma,Albumin
2014,Magnetic,Others,Coated,Positive charge,Pegylated,Endocytosis,Cytotoxicity,Others,Anticancer,Sdspage,Serum,Albumin
2014,Gold,Spherical,Coated,Negative charge,Pegylated,Endocytosis,Cytotoxicity,Others,Release,Microscope,Plasma,Lipoprotein
2014,Micelles,Others,Coated,Positive charge,Pegylated,Unknown,Cytotoxicity,Others,Biodistribution,Spectrum,Bovine,Others
2014,Oxidative,Others,Unknown,Positive charge,Pegylated,Unknown,Cytotoxicity,Complement,Biodistribution,Spectrum,Serum,Albumin
2014,Carbon,Nanotubes,Unknown,Unknown,Pegylated,Unknown,Cytotoxicity,Inflammation,Biodistribution,Fluorescence,Medium,Others
2014,Peptide,Others,Unknown,Negative charge,Pegylated,Unknown,Cytotoxicity,Others,Targeting,Microscope,Serum,Albumin
2015,Micelles,Spherical,Coated,Positive charge,Pegylated,Unknown,Cytotoxicity,Others,Targeting,Microscope,Serum,Albumin
2015,Peptide,Nanotubes,Coated,Positive charge,Pegylated,Endocytosis,Cytotoxicity,Macrophages,Biodistribution,Spectrum,Medium,Albumin
2015,Agglomerates,Nanotubes,Coated,Positive charge,Pegylated,Unknown,Cytotoxicity,Immune response,Stability,Spectrum,Serum,Albumin
2015,Lipoplexes,Spherical,Coated,Positive charge,Pegylated,Unknown,Cytotoxicity,Complement,Biodistribution,Spectrum,Plasma,Lipoprotein
2015,Carbon,Nanosheets,Coated,Negative charge,Pegylated,Unknown,Cytotoxicity,Macrophages,Biodistribution,Spectrum,Serum,Albumin
2015,Gold,Nanorods,Coated,Negative charge,Pegylated,Phagocytosis,Cytotoxicity,Complement,Anticancer,Spectrum,Medium,Lipoprotein
2015,Peptide,Amorphous,Coated,Positive charge,Pegylated,Unknown,Cytotoxicity,Others,Release,Icpms,Serum,Albumin
2015,Micelles,Others,Unknown,Positive charge,Pegylated,Endocytosis,Cytotoxicity,Others,Anticancer,Microscope,Medium,Others
2015,Polystyrene,Others,Coated,Negative charge,Pegylated,Endocytosis,Cytotoxicity,Others,Biodistribution,Fluorescence,Medium,Others
2015,Silicon,Amorphous,Coated,Positive charge,Pegylated,Phagocytosis,Cytotoxicity,Inflammation,Biodistribution,Spectrum,Plasma,Albumin
2015,Silicon,Amorphous,Coated,Negative charge,Pegylated,Unknown,Unknown,Others,Stability,Fluorescence,Plasma,Albumin
2015,Micelles,Spherical,Coated,Negative charge,Pegylated,Unknown,Cytotoxicity,Others,Biodistribution,Fluorescence,Plasma,Albumin
2015,Others,Spherical,Coated,Unknown,Pegylated,Phagocytosis,Cytotoxicity,Macrophages,Biodistribution,Others,Plasma,Albumin
2015,Lipoplexes,Others,Coated,Neutral,Pegylated,Unknown,Cytotoxicity,Macrophages,Anticancer,Fluorescence,Serum,Albumin
2015,Peptide,Nanosheets,Coated,Positive charge,Pegylated,Unknown,Cytotoxicity,Others,Anticancer,Microscope,Serum,Others
2015,Others,Nanosheets,Coated,Unknown,Pegylated,Unknown,Cytotoxicity,Macrophages,Biodistribution,Fluorescence,Serum,Albumin
2015,Magnetic,Spherical,Coated,Negative charge,Pegylated,Unknown,Cytotoxicity,Others,Biodistribution,Fluorescence,Medium,Albumin
2015,Carbon,Nanosheets,Coated,Positive charge,Pegylated,Unknown,Cytotoxicity,Others,Antibacterial,Fluorescence,Medium,Others
2015,Oxidative,Spherical,Coated,Positive charge,Pegylated,Unknown,Cytotoxicity,Immune response,Stability,Spectrum,Medium,Albumin
2015,Magnetic,Others,Coated,Unknown,Pegylated,Unknown,Cytotoxicity,Macrophages,Anticancer,Spectrum,Serum,Others
2016,Carbon,Nanotubes,Coated,Neutral,Pegylated,Unknown,Cytotoxicity,Macrophages,Stability,Sdspage,Serum,Albumin
2016,Lipoplexes,Others,Coated,Negative charge,Pegylated,Unknown,Cytotoxicity,Complement,Biodistribution,Proteomics,Plasma,Lipoprotein
2016,Micelles,Spherical,Coated,Positive charge,Pegylated,Endocytosis,Cytotoxicity,Others,Biodistribution,Microscope,Serum,Albumin
2016,Magnetic,Others,Coated,Negative charge,Pegylated,Phagocytosis,Cytotoxicity,Monocytes,Anticancer,Fluorescence,Medium,Albumin
2016,Agglomerates,Nanotubes,Coated,Unknown,Pegylated,Unknown,Cytotoxicity,Immune response,Biodistribution,Sdspage,Plasma,Transferrin
2016,Others,Others,Coated,Positive charge,Pegylated,Unknown,Cytotoxicity,Dendritic cells,Release,Spectrum,Serum,Albumin
2016,Micelles,Spherical,Coated,Neutral,Pegylated,Unknown,Cytotoxicity,Immune response,Anticancer,Fluorescence,Medium,Others
2016,Silicon,Amorphous,Uncoated,Positive charge,Pegylated,Unknown,Cytotoxicity,Macrophages,Biodistribution,Spectrum,Plasma,Albumin
2016,Carbon,Nanosheets,Coated,Negative charge,Pegylated,Unknown,Cytotoxicity,Inflammation,Release,Sdspage,Serum,Fibrinogen
2016,Micelles,Others,Coated,Positive charge,Pegylated,Endocytosis,Cytotoxicity,Cytokines,Biodistribution,Fluorescence,Plasma,Others
2016,Gold,Others,Coated,Negative charge,Pegylated,Unknown,Cytotoxicity,Macrophages,Stability,Spectrum,Serum,Albumin
2016,Micelles,Others,Coated,Positive charge,Pegylated,Endocytosis,Cytotoxicity,Others,Biodistribution,Fluorescence,Serum,Albumin
2016,Others,Nanotubes,Coated,Positive charge,Pegylated,Phagocytosis,Cytotoxicity,Complement,Biodistribution,Spectrum,Plasma,Albumin
2016,Others,Spherical,Coated,Negative charge,Pegylated,Unknown,Cytotoxicity,Inflammation,Biodistribution,Spectrum,Others,Fibrinogen
2017,Others,Spherical,Coated,Positive charge,Pegylated,Phagocytosis,Cytotoxicity,Cytokines,Biodistribution,Fluorescence,Medium,Albumin
2017,Others,Others,Coated,Neutral,Pegylated,Endocytosis,Cytotoxicity,Macrophages,Biodistribution,Microscope,Serum,Transferrin
2017,Colloids,Amorphous,Unknown,Negative charge,Pegylated,Endocytosis,Cytotoxicity,Macrophages,Targeting,Microscope,Serum,Albumin
2017,Silver,Others,Coated,Negative charge,Pegylated,Endocytosis,Cytotoxicity,Immune response,Biodistribution,Proteomics,Plasma,Lipoprotein
2017,Silicon,Others,Coated,Positive charge,Pegylated,Endocytosis,Cytotoxicity,Others,Anticancer,Fluorescence,Medium,Others
2017,Peptide,Spherical,Coated,Negative charge,Pegylated,Phagocytosis,Cytotoxicity,Macrophages,Release,Microscope,Serum,Albumin
2017,Gold,Nanorods,Coated,Positive charge,Pegylated,Unknown,Unknown,Dendritic cells,Anticancer,Spectrum,Serum,Albumin
2017,Others,Nanorods,Unknown,Negative charge,Pegylated,Unknown,Hemotoxicity,Complement,Biodistribution,Fluorescence,Serum,Albumin
2017,Others,Others,Coated,Positive charge,Pegylated,Phagocytosis,Cytotoxicity,Macrophages,Release,Fluorescence,Plasma,Albumin
2017,Carbon,Nanosheets,Coated,Negative charge,Pegylated,Unknown,Cytotoxicity,Others,Stability,Spectrum,Serum,Albumin
2017,Others,Others,Coated,Negative charge,Pegylated,Unknown,Cytotoxicity,Macrophages,Targeting,Spectrum,Serum,Albumin
2017,Silicon,Others,Coated,Positive charge,Pegylated,Unknown,Cytotoxicity,Others,Biodistribution,Sdspage,Serum,Lipoprotein
2017,Magnetic,Others,Coated,Positive charge,Pegylated,Phagocytosis,Cytotoxicity,Macrophages,Biodistribution,Microscope,Medium,Transferrin
2017,Peptide,Spherical,Coated,Negative charge,Pegylated,Endocytosis,Cytotoxicity,Immune response,Targeting,Microscope,Serum,Transferrin
2017,Micelles,Others,Coated,Negative charge,Pegylated,Endocytosis,Cytotoxicity,Immune response,Anticancer,Fluorescence,Serum,Albumin
2017,Quantum,Others,Unknown,Negative charge,Pegylated,Unknown,Cytotoxicity,Others,Others,Spectrum,Serum,Albumin
2018,Others,Nanorods,Coated,Positive charge,Pegylated,Phagocytosis,Cytotoxicity,Inflammation,Enzymes,Sdspage,Serum,Albumin
2018,Magnetic,Spherical,Coated,Positive charge,Pegylated,Unknown,Unknown,Others,Biodistribution,Proteomics,Serum,Transferrin
2018,Micelles,Others,Coated,Positive charge,Pegylated,Phagocytosis,Cytotoxicity,Macrophages,Release,Spectrum,Serum,Albumin
2018,Micelles,Spherical,Unknown,Negative charge,Pegylated,Unknown,Cytotoxicity,Others,Release,Spectrum,Others,Others
2018,Magnetic,Others,Coated,Positive charge,Pegylated,Unknown,Hemotoxicity,Inflammation,Biodistribution,Fluorescence,Medium,Albumin
2018,Magnetic,Others,Coated,Negative charge,Pegylated,Phagocytosis,Cytotoxicity,Inflammation,Biodistribution,Spectrum,Medium,Albumin
2018,Others,Spherical,Coated,Positive charge,Pegylated,Phagocytosis,Cytotoxicity,Others,Stability,Sdspage,Serum,Albumin
2018,Others,Spherical,Coated,Positive charge,Pegylated,Unknown,Cytotoxicity,Immune response,Therapy,Spectrum,Plasma,Others
2018,Nanovesicles,Others,Coated,Positive charge,Pegylated,Unknown,Unknown,Others,Release,Spectrum,Medium,Others
2018,Others,Nanotubes,Unknown,Negative charge,Pegylated,Unknown,Unknown,Monocytes,Biodistribution,Microscope,Plasma,Fibrinogen
2018,Colloids,Spherical,Coated,Positive charge,Pegylated,Phagocytosis,Cytotoxicity,Complement,Anticancer,Fluorescence,Serum,Albumin
2018,Micelles,Others,Coated,Negative charge,Pegylated,Unknown,Cytotoxicity,Macrophages,Anticancer,Fluorescence,Medium,Albumin
2019,Gold,Spherical,Coated,Positive charge,Pegylated,Endocytosis,Cytotoxicity,Immune response,Anticancer,Fluorescence,Serum,Transferrin
2019,Lipoplexes,Others,Coated,Negative charge,Pegylated,Unknown,Mitochondrial toxicity,Complement,Anticancer,Sdspage,Plasma,Others
2019,Others,Spherical,Coated,Negative charge,Pegylated,Unknown,Cytotoxicity,Macrophages,Anticancer,Spectrum,Plasma,Lipoprotein
2019,Others,Spherical,Coated,Negative charge,Pegylated,Unknown,Cytotoxicity,Inflammation,Antibacterial,Proteomics,Serum,Albumin
2019,Carbon,Nanosheets,Coated,Negative charge,Pegylated,Unknown,Cytotoxicity,Complement,Stability,Spectrum,Medium,Albumin
2019,Others,Spherical,Coated,Unknown,Pegylated,Endocytosis,Cytotoxicity,Complement,Biodistribution,Sdspage,Plasma,Lipoprotein
2019,Lipoplexes,Others,Uncoated,Negative charge,Pegylated,Unknown,Cytotoxicity,Immune response,Biodistribution,Sdspage,Plasma,Fibrinogen
2019,Polystyrene,Urchin,Coated,Positive charge,Pegylated,Phagocytosis,Cytotoxicity,Immune response,Release,Proteomics,Serum,Transferrin
2019,Micelles,Spherical,Uncoated,Positive charge,Pegylated,Phagocytosis,Unknown,Macrophages,Stability,Fluorescence,Serum,Albumin
2019,Magnetic,Others,Coated,Negative charge,Pegylated,Endocytosis,Cytotoxicity,Macrophages,Anticancer,Microscope,Medium,Others
2019,Others,Others,Coated,Negative charge,Pegylated,Unknown,Cytotoxicity,Inflammation,Therapy,Spectrum,Serum,Others
2019,Silicon,Others,Coated,Unknown,Pegylated,Unknown,Cytotoxicity,Others,Biodistribution,Sdspage,Serum,Lipoprotein
2019,Carbon,Nanosheets,Coated,Negative charge,Pegylated,Unknown,Cytotoxicity,Others,Biodistribution,Fluorescence,Serum,Albumin
2019,Peptide,Others,Unknown,Negative charge,Pegylated,Phagocytosis,Cytotoxicity,Macrophages,Biodistribution,Icpms,Medium,Lipoprotein
2019,Others,Spherical,Coated,Positive charge,Pegylated,Unknown,Cytotoxicity,Others,Release,Spectrum,Medium,Albumin
2019,Lipoplexes,Spherical,Coated,Positive charge,Pegylated,Unknown,Cytotoxicity,Immune response,Anticancer,Fluorescence,Plasma,Lipoprotein
2019,Silver,Spherical,Coated,Positive charge,Pegylated,Endocytosis,Cytotoxicity,Others,Antibacterial,Spectrum,Serum,Others
2019,Peptide,Nanostars,Coated,Positive charge,Pegylated,Unknown,Unknown,Others,Targeting,Spectrum,Serum,Albumin
2019,Micelles,Others,Coated,Positive charge,Pegylated,Phagocytosis,Cytotoxicity,Inflammation,Biodistribution,Spectrum,Serum,Albumin
2019,Others,Spherical,Coated,Negative charge,Pegylated,Unknown,Cytotoxicity,Inflammation,Therapy,Proteomics,Plasma,Lipoprotein
2019,Others,Spherical,Coated,Positive charge,Pegylated,Endocytosis,Cytotoxicity,Macrophages,Targeting,Proteomics,Medium,Transferrin
2019,Micelles,Others,Unknown,Unknown,Pegylated,Unknown,Cytotoxicity,Others,Anticancer,Fluorescence,Medium,Albumin
2019,Lipoplexes,Spherical,Coated,Positive charge,Pegylated,Endocytosis,Cytotoxicity,Cytokines,Targeting,Sdspage,Plasma,Lipoprotein
2020,Lipoplexes,Others,Unknown,Positive charge,Pegylated,Endocytosis,Cytotoxicity,Immune response,Biodistribution,Fluorescence,Serum,Lipoprotein
2020,Others,Nanosheets,Coated,Positive charge,Pegylated,Phagocytosis,Cytotoxicity,Macrophages,Biodistribution,Spectrum,Serum,Fibrinogen
2020,Silver,Nanorods,Coated,Unknown,Pegylated,Unknown,Cytotoxicity,Others,Stability,Spectrum,Others,Others
2020,Oxidative,Spherical,Unknown,Negative charge,Pegylated,Unknown,Cytotoxicity,Complement,Biodistribution,Microscope,Serum,Fibrinogen
2020,Others,Spherical,Coated,Positive charge,Pegylated,Unknown,Cytotoxicity,Macrophages,Biodistribution,Fluorescence,Serum,Transferrin
2020,Agglomerates,Spherical,Coated,Negative charge,Pegylated,Unknown,Cytotoxicity,Immune response,Stability,Fluorescence,Serum,Albumin
2020,Silicon,Others,Coated,Positive charge,Pegylated,Unknown,Unknown,Inflammation,Release,Spectrum,Plasma,Albumin
2020,Others,Others,Coated,Negative charge,Pegylated,Endocytosis,Cytotoxicity,Dendritic cells,Biodistribution,Proteomics,Medium,Albumin
2020,Silicon,Amorphous,Coated,Negative charge,Pegylated,Phagocytosis,Cytotoxicity,Macrophages,Biodistribution,Microscope,Medium,Others
2020,Polystyrene,Others,Coated,Negative charge,Pegylated,Unknown,Cytotoxicity,Inflammation,Release,Spectrum,Medium,Others
2020,Others,Others,Coated,Positive charge,Pegylated,Phagocytosis,Cytotoxicity,Immune response,Enzymes,Spectrum,Bovine,Albumin
2020,Others,Spherical,Coated,Negative charge,Pegylated,Endocytosis,Cytotoxicity,Others,Anticancer,Microscope,Medium,Albumin
2020,Gold,Nanorods,Coated,Negative charge,Pegylated,Endocytosis,Cytotoxicity,Macrophages,Biodistribution,Uvvis,Medium,Albumin
2020,Polystyrene,Spherical,Coated,Negative charge,Pegylated,Phagocytosis,Cytotoxicity,Macrophages,Biodistribution,Microscope,Serum,Albumin
2020,Micelles,Others,Coated,Negative charge,Pegylated,Unknown,Cytotoxicity,Complement,Therapy,Microscope,Serum,Lipoprotein
2020,Lipoplexes,Nanotubes,Coated,Negative charge,Pegylated,Endocytosis,Cytotoxicity,Immune response,Biodistribution,Microscope,Medium,Albumin
2020,Colloids,Others,Coated,Negative charge,Pegylated,Phagocytosis,Cytotoxicity,Complement,Anticancer,Fluorescence,Serum,Albumin
2020,Others,Nanotubes,Coated,Negative charge,Pegylated,Phagocytosis,Cytotoxicity,Complement,Biodistribution,Sdspage,Serum,Albumin
2020,Silver,Spherical,Coated,Positive charge,Pegylated,Unknown,Cytotoxicity,Others,Stability,Fluorescence,Bovine,Albumin
2020,Others,Nanotubes,Coated,Positive charge,Pegylated,Phagocytosis,Cytotoxicity,Macrophages,Biodistribution,Fluorescence,Serum,Albumin
2020,Others,Spherical,Coated,Negative charge,Pegylated,Phagocytosis,Cytotoxicity,Immune response,Anticancer,Icpms,Medium,Others
2020,Others,Others,Coated,Negative charge,Pegylated,Unknown,Cytotoxicity,Complement,Biodistribution,Microscope,Medium,Albumin
2020,Oxidative,Others,Coated,Negative charge,Pegylated,Unknown,Cytotoxicity,Immune response,Biodistribution,Sdspage,Serum,Albumin
2020,Others,Nanorods,Coated,Positive charge,Pegylated,Unknown,Cytotoxicity,Complement,Enzymes,Spectrum,Serum,Albumin
2020,Surfactants,Nanotubes,Coated,Negative charge,Pegylated,Phagocytosis,Cytotoxicity,Immune response,Antibacterial,Spectrum,Plasma,Albumin
2020,Others,Spherical,Coated,Negative charge,Pegylated,Unknown,Unknown,Macrophages,Biodistribution,Microscope,Serum,Albumin
2020,Gold,Spherical,Unknown,Positive charge,Pegylated,Unknown,Cytotoxicity,Macrophages,Therapy,Fluorescence,Serum,Albumin
2020,Micelles,Spherical,Coated,Unknown,Pegylated,Unknown,Hemotoxicity,Immune response,Biodistribution,Spectrum,Serum,Albumin
2021,Others,Nanosheets,Coated,Positive charge,Pegylated,Unknown,Cytotoxicity,Others,Biodistribution,Spectrum,Serum,Others
2021,Micelles,Spherical,Coated,Negative charge,Pegylated,Unknown,Cytotoxicity,Complement,Release,Sdspage,Plasma,Lipoprotein
2021,Gold,Urchin,Coated,Negative charge,Pegylated,Phagocytosis,Cytotoxicity,Immune response,Stability,Spectrum,Medium,Albumin
2021,Micelles,Nanotubes,Coated,Unknown,Pegylated,Unknown,Unknown,Others,Stability,Fluorescence,Serum,Albumin
2021,Lipoplexes,Spherical,Coated,Positive charge,Pegylated,Unknown,Cytotoxicity,Others,Anticancer,Fluorescence,Serum,Lipoprotein
2021,Others,Nanotubes,Coated,Negative charge,Pegylated,Unknown,Hemotoxicity,Others,Biodistribution,Spectrum,Plasma,Others
2021,Oxidative,Others,Coated,Unknown,Pegylated,Unknown,Unknown,Inflammation,Anticancer,Sdspage,Plasma,Lipoprotein
2021,Micelles,Spherical,Coated,Positive charge,Pegylated,Unknown,Cytotoxicity,Inflammation,Biodistribution,Microscope,Plasma,Fibrinogen
2021,Micelles,Spherical,Coated,Negative charge,Pegylated,Phagocytosis,Cytotoxicity,Macrophages,Anticancer,Fluorescence,Serum,Fibrinogen
2021,Others,Others,Coated,Negative charge,Pegylated,Unknown,Unknown,Complement,Biodistribution,Others,Serum,Albumin
2021,Peptide,Others,Coated,Negative charge,Pegylated,Unknown,Cytotoxicity,Complement,Anticancer,Proteomics,Plasma,Lipoprotein
2021,Nanoplastics,Nanosheets,Coated,Negative charge,Pegylated,Endocytosis,Cytotoxicity,Inflammation,Biodistribution,Fluorescence,Serum,Albumin
2021,Silver,Spherical,Coated,Positive charge,Pegylated,Unknown,Cytotoxicity,Others,Antibacterial,Spectrum,Medium,Albumin
2021,Lipoplexes,Spherical,Coated,Negative charge,Pegylated,Unknown,Unknown,Immune response,Release,Fluorescence,Serum,Albumin
2021,Micelles,Others,Coated,Negative charge,Pegylated,Unknown,Cytotoxicity,Others,Targeting,Spectrum,Medium,Others
2021,Others,Spherical,Coated,Negative charge,Pegylated,Endocytosis,Cytotoxicity,Immune response,Anticancer,Fluorescence,Serum,Others
2021,Lipoplexes,Others,Coated,Positive charge,Pegylated,Endocytosis,Cytotoxicity,Others,Anticancer,Fluorescence,Serum,Albumin
2021,Silicon,Nanorods,Coated,Negative charge,Pegylated,Unknown,Cytotoxicity,Complement,Antibacterial,Fluorescence,Serum,Albumin
2021,Silver,Nanotubes,Coated,Positive charge,Pegylated,Unknown,Cytotoxicity,Inflammation,Anticancer,Spectrum,Medium,Others
2021,Lipoplexes,Others,Coated,Positive charge,Pegylated,Unknown,Unknown,Complement,Release,Spectrum,Serum,Albumin
2021,Polystyrene,Spherical,Coated,Negative charge,Pegylated,Endocytosis,Cytotoxicity,Complement,Targeting,Microscope,Serum,Albumin
2021,Gold,Nanorods,Coated,Negative charge,Pegylated,Endocytosis,Cytotoxicity,Macrophages,Biodistribution,Sdspage,Serum,Albumin
2021,Others,Spherical,Coated,Negative charge,Pegylated,Endocytosis,Cytotoxicity,Macrophages,Targeting,Sdspage,Medium,Transferrin
2022,Silicon,Others,Coated,Positive charge,Pegylated,Endocytosis,Cytotoxicity,Others,Anticancer,Microscope,Serum,Lipoprotein
2022,Micelles,Others,Coated,Negative charge,Pegylated,Unknown,Unknown,Immune response,Release,Proteomics,Plasma,Albumin
2022,Others,Spherical,Coated,Negative charge,Pegylated,Unknown,Cytotoxicity,Complement,Release,Spectrum,Plasma,Lipoprotein
2022,Nanoplastics,Spherical,Coated,Positive charge,Pegylated,Endocytosis,Cytotoxicity,Others,Biodistribution,Spectrum,Plasma,Albumin
2022,Others,Spherical,Coated,Negative charge,Pegylated,Endocytosis,Cytotoxicity,Immune response,Anticancer,Fluorescence,Plasma,Lipoprotein
2022,Oxidative,Nanotubes,Coated,Positive charge,Pegylated,Phagocytosis,Cytotoxicity,Immune response,Anticancer,Proteomics,Plasma,Albumin
2022,Magnetic,Others,Coated,Positive charge,Pegylated,Phagocytosis,Cytotoxicity,Immune response,Anticancer,Sdspage,Serum,Albumin
2022,Silver,Nanorods,Uncoated,Unknown,Pegylated,Phagocytosis,Cytotoxicity,Inflammation,Biodistribution,Uvvis,Plasma,Others
2022,Peptide,Nanorods,Coated,Positive charge,Pegylated,Unknown,Cytotoxicity,Immune response,Biodistribution,Fluorescence,Plasma,Albumin
2022,Oxidative,Nanotubes,Coated,Negative charge,Pegylated,Unknown,Cytotoxicity,Inflammation,Enzymes,Fluorescence,Serum,Albumin
2022,Agglomerates,Nanorods,Coated,Unknown,Pegylated,Unknown,Cytotoxicity,Complement,Biodistribution,Fluorescence,Plasma,Transferrin
2022,Others,Nanotubes,Coated,Negative charge,Pegylated,Unknown,Cytotoxicity,Inflammation,Targeting,Microscope,Plasma,Albumin
2022,Oxidative,Nanorods,Coated,Negative charge,Pegylated,Endocytosis,Cytotoxicity,Inflammation,Anticancer,Proteomics,Serum,Albumin
2022,Carbon,Nanotubes,Coated,Positive charge,Pegylated,Unknown,Cytotoxicity,Complement,Stability,Spectrum,Bovine,Albumin
2022,Others,Others,Coated,Negative charge,Pegylated,Unknown,Cytotoxicity,Inflammation,Anticancer,Fluorescence,Serum,Albumin
2022,Others,Spherical,Coated,Unknown,Pegylated,Unknown,Unknown,Others,Targeting,Microscope,Serum,Albumin
2022,Carbon,Nanotubes,Coated,Positive charge,Pegylated,Unknown,Unknown,Others,Release,Spectrum,Bovine,Albumin
2022,Nanovesicles,Others,Unknown,Unknown,Pegylated,Unknown,Unknown,Immune response,Biodistribution,Microscope,Others,Others
2022,Others,Nanotubes,Coated,Negative charge,Pegylated,Unknown,Unknown,Complement,Stability,Fluorescence,Serum,Albumin
2022,Oxidative,Nanotubes,Coated,Negative charge,Pegylated,Exocytosis,Cytotoxicity,Macrophages,Biodistribution,Spectrum,Bovine,Lipoprotein
2023,Others,Spherical,Coated,Negative charge,Pegylated,Unknown,Cytotoxicity,Macrophages,Targeting,Microscope,Medium,Others
2023,Micelles,Others,Coated,Negative charge,Pegylated,Unknown,Cytotoxicity,Inflammation,Therapy,Spectrum,Plasma,Albumin
2023,Silicon,Nanorods,Coated,Positive charge,Pegylated,Unknown,Cytotoxicity,Immune response,Biodistribution,Microscope,Serum,Albumin
2023,Nanoplastics,Others,Coated,Positive charge,Pegylated,Phagocytosis,Cytotoxicity,Macrophages,Biodistribution,Spectrum,Plasma,Fibrinogen
2023,Gold,Nanorods,Coated,Positive charge,Pegylated,Unknown,Cytotoxicity,Immune response,Biodistribution,Fluorescence,Serum,Albumin
2023,Silicon,Spherical,Coated,Positive charge,Pegylated,Endocytosis,Cytotoxicity,Complement,Anticancer,Spectrum,Serum,Albumin
2023,Gold,Spherical,Coated,Positive charge,Pegylated,Unknown,Cytotoxicity,Others,Anticancer,Fluorescence,Serum,Transferrin
2023,Oxidative,Others,Coated,Positive charge,Pegylated,Unknown,Cytotoxicity,Macrophages,Biodistribution,Spectrum,Plasma,Others
2023,Virus,Others,Coated,Positive charge,Pegylated,Unknown,Cytotoxicity,Others,Stability,Microscope,Bovine,Albumin
2023,Others,Others,Coated,Unknown,Pegylated,Unknown,Hemotoxicity,Immune response,Antibacterial,Fluorescence,Plasma,Albumin
2023,Magnetic,Nanorods,Coated,Negative charge,Pegylated,Unknown,Cytotoxicity,Complement,Anticancer,Proteomics,Serum,Albumin
2023,Magnetic,Amorphous,Coated,Unknown,Pegylated,Unknown,Cytotoxicity,Immune response,Anticancer,Spectrum,Serum,Albumin
2023,Oxidative,Nanotubes,Coated,Negative charge,Pegylated,Endocytosis,Cytotoxicity,Macrophages,Release,Proteomics,Medium,Lipoprotein
2023,Oxidative,Nanorods,Coated,Positive charge,Pegylated,Endocytosis,Cytotoxicity,Macrophages,Release,Microscope,Serum,Albumin
2023,Peptide,Others,Coated,Negative charge,Pegylated,Phagocytosis,Cytotoxicity,Immune response,Biodistribution,Sdspage,Serum,Albumin
2023,Agglomerates,Others,Coated,Negative charge,Pegylated,Unknown,Cytotoxicity,Inflammation,Biodistribution,Spectrum,Plasma,Albumin
2023,Micelles,Others,Coated,Negative charge,Pegylated,Unknown,Cytotoxicity,Others,Release,Spectrum,Medium,Others
2023,Others,Others,Coated,Negative charge,Pegylated,Endocytosis,Cytotoxicity,Complement,Biodistribution,Proteomics,Serum,Lipoprotein
2023,Others,Others,Coated,Positive charge,Pegylated,Exocytosis,Cytotoxicity,Inflammation,Biodistribution,Fluorescence,Medium,Albumin
2023,Magnetic,Spherical,Coated,Negative charge,Pegylated,Unknown,Cytotoxicity,Others,Anticancer,Microscope,Medium,Others
2023,Others,Nanorods,Coated,Positive charge,Pegylated,Unknown,Cytotoxicity,Others,Stability,Spectrum,Serum,Albumin
2024,Lipoplexes,Others,Coated,Positive charge,Pegylated,Unknown,Cytotoxicity,Immune response,Biodistribution,Sdspage,Serum,Albumin
2024,Silver,Nanosheets,Coated,Negative charge,Pegylated,Unknown,Cytotoxicity,Others,Antibacterial,Microscope,Medium,Others
2024,Gold,Spherical,Coated,Negative charge,Pegylated,Unknown,Cytotoxicity,Others,Biodistribution,Spectrum,Serum,Albumin
2024,Carbon,Nanotubes,Unknown,Negative charge,Pegylated,Unknown,Cytotoxicity,Others,Stability,Microscope,Serum,Others
2024,Carbon,Nanotubes,Coated,Negative charge,Pegylated,Unknown,Cytotoxicity,Inflammation,Release,Proteomics,Serum,Albumin
2024,Agglomerates,Spherical,Unknown,Negative charge,Pegylated,Unknown,Cytotoxicity,Others,Stability,Fluorescence,Serum,Albumin
2024,Others,Others,Coated,Negative charge,Pegylated,Unknown,Cytotoxicity,Complement,Biodistribution,Proteomics,Serum,Lipoprotein
2024,Lipoplexes,Spherical,Coated,Positive charge,Pegylated,Endocytosis,Cytotoxicity,Complement,Biodistribution,Microscope,Medium,Others
2024,Gold,Nanorods,Coated,Positive charge,Pegylated,Unknown,Cytotoxicity,Immune response,Biodistribution,Spectrum,Serum,Albumin
2024,Gold,Nanorods,Unknown,Positive charge,Pegylated,Unknown,Cytotoxicity,Macrophages,Anticancer,Sdspage,Plasma,Albumin
2024,Gold,Nanorods,Coated,Positive charge,Pegylated,Unknown,Unknown,Macrophages,Stability,Spectrum,Serum,Albumin
2024,Lipoplexes,Others,Unknown,Negative charge,Pegylated,Unknown,Cytotoxicity,Inflammation,Therapy,Fluorescence,Serum,Albumin
2024,Micelles,Others,Coated,Negative charge,Pegylated,Endocytosis,Cytotoxicity,Immune response,Anticancer,Fluorescence,Medium,Lipoprotein
2024,Magnetic,Nanosheets,Coated,Positive charge,Pegylated,Unknown,Cytotoxicity,Others,Enzymes,Spectrum,Medium,Others
2024,Silicon,Amorphous,Coated,Negative charge,Pegylated,Unknown,Cytotoxicity,Immune response,Biodistribution,Microscope,Serum,Others
2024,Polystyrene,Spherical,Unknown,Positive charge,Pegylated,Unknown,Cytotoxicity,Complement,Stability,Spectrum,Bovine,Transferrin
2024,Lipoplexes,Others,Coated,Negative charge,Pegylated,Unknown,Cytotoxicity,Macrophages,Antibacterial,Fluorescence,Serum,Albumin
2024,Lipoplexes,Others,Coated,Positive charge,Pegylated,Phagocytosis,Cytotoxicity,Immune response,Biodistribution,Fluorescence,Plasma,Lipoprotein
2007,Micelles,Others,Unknown,Negative charge,Unpegylated,Unknown,Unknown,Others,Others,Sdspage,Plasma,Lipoprotein
2007,Micelles,Spherical,Coated,Negative charge,Unpegylated,Unknown,Unknown,Others,Stability,Proteomics,Plasma,Lipoprotein
2008,Polystyrene,Others,Unknown,Positive charge,Unpegylated,Unknown,Unknown,Complement,Others,Proteomics,Plasma,Lipoprotein
2008,Micelles,Nanotubes,Coated,Positive charge,Unpegylated,Unknown,Cytotoxicity,Inflammation,Antibacterial,Spectrum,Medium,Albumin
2008,Micelles,Nanorods,Coated,Unknown,Unpegylated,Unknown,Unknown,Others,Biodistribution,Spectrum,Others,Others
2009,Micelles,Spherical,Coated,Negative charge,Unpegylated,Unknown,Cytotoxicity,Others,Release,Spectrum,Medium,Others
2009,Lipoplexes,Nanotubes,Coated,Negative charge,Unpegylated,Endocytosis,Unknown,Macrophages,Biodistribution,Spectrum,Plasma,Lipoprotein
2009,Magnetic,Others,Coated,Negative charge,Unpegylated,Unknown,Cytotoxicity,Others,Biodistribution,Microscope,Medium,Others
2009,Micelles,Spherical,Coated,Negative charge,Unpegylated,Unknown,Unknown,Others,Stability,Fluorescence,Plasma,Albumin
2009,Micelles,Others,Coated,Negative charge,Unpegylated,Unknown,Unknown,Complement,Biodistribution,Spectrum,Serum,Albumin
2009,Micelles,Spherical,Unknown,Unknown,Unpegylated,Unknown,Cytotoxicity,Others,Others,Others,Others,Others
2010,Lipoplexes,Spherical,Coated,Positive charge,Unpegylated,Endocytosis,Cytotoxicity,Others,Release,Sdspage,Serum,Others
2010,Micelles,Spherical,Coated,Unknown,Unpegylated,Unknown,Unknown,Others,Others,Proteomics,Plasma,Lipoprotein
2010,Unknown,Others,Unknown,Unknown,Unpegylated,Unknown,Unknown,Others,Others,Others,Others,Others
2010,Others,Others,Coated,Negative charge,Unpegylated,Endocytosis,Cytotoxicity,Others,Biodistribution,Fluorescence,Serum,Transferrin
2010,Polystyrene,Others,Unknown,Positive charge,Unpegylated,Endocytosis,Cytotoxicity,Others,Biodistribution,Microscope,Plasma,Others
2010,Agglomerates,Spherical,Unknown,Unknown,Unpegylated,Phagocytosis,Cytotoxicity,Complement,Stability,Microscope,Serum,Others
2010,Agglomerates,Spherical,Coated,Unknown,Unpegylated,Unknown,Cytotoxicity,Macrophages,Biodistribution,Spectrum,Plasma,Others
2010,Peptide,Others,Unknown,Unknown,Unpegylated,Unknown,Unknown,Inflammation,Targeting,Spectrum,Others,Albumin
2010,Others,Others,Coated,Unknown,Unpegylated,Unknown,Cytotoxicity,Others,Biodistribution,Proteomics,Plasma,Others
2011,Lipoplexes,Spherical,Coated,Positive charge,Unpegylated,Phagocytosis,Unknown,Macrophages,Biodistribution,Sdspage,Plasma,Others
2011,Lipoplexes,Spherical,Coated,Positive charge,Unpegylated,Phagocytosis,Cytotoxicity,Complement,Biodistribution,Proteomics,Plasma,Fibrinogen
2011,Lipoplexes,Others,Unknown,Positive charge,Unpegylated,Unknown,Unknown,Complement,Biodistribution,Proteomics,Plasma,Lipoprotein
2011,Lipoplexes,Others,Coated,Positive charge,Unpegylated,Phagocytosis,Unknown,Others,Stability,Fluorescence,Plasma,Others
2011,Lipoplexes,Others,Coated,Positive charge,Unpegylated,Phagocytosis,Unknown,Macrophages,Anticancer,Sdspage,Plasma,Albumin
2011,Lipoplexes,Others,Coated,Positive charge,Unpegylated,Endocytosis,Cytotoxicity,Others,Release,Sdspage,Serum,Albumin
2011,Silver,Others,Coated,Positive charge,Unpegylated,Unknown,Cytotoxicity,Immune response,Biodistribution,Spectrum,Serum,Albumin
2011,Micelles,Others,Coated,Positive charge,Unpegylated,Unknown,Unknown,Others,Others,Spectrum,Plasma,Lipoprotein
2011,Quantum,Others,Coated,Negative charge,Unpegylated,Unknown,Cytotoxicity,Others,Stability,Spectrum,Serum,Albumin
2011,Carbon,Nanotubes,Coated,Positive charge,Unpegylated,Unknown,Cytotoxicity,Dendritic cells,Enzymes,Spectrum,Serum,Fibrinogen
2011,Carbon,Nanosheets,Coated,Negative charge,Unpegylated,Unknown,Cytotoxicity,Others,Biodistribution,Fluorescence,Medium,Albumin
2011,Gold,Others,Unknown,Unknown,Unpegylated,Unknown,Cytotoxicity,Others,Anticancer,Wavelength,Serum,Albumin
2011,Agglomerates,Spherical,Coated,Positive charge,Unpegylated,Unknown,Unknown,Others,Biodistribution,Spectrum,Bovine,Albumin
2011,Others,Others,Coated,Negative charge,Unpegylated,Endocytosis,Cytotoxicity,Others,Biodistribution,Spectrum,Medium,Others
2011,Lipoplexes,Others,Coated,Negative charge,Unpegylated,Unknown,Cytotoxicity,Others,Biodistribution,Fluorescence,Serum,Lipoprotein
2011,Micelles,Nanosheets,Coated,Positive charge,Unpegylated,Unknown,Unknown,Complement,Biodistribution,Microscope,Others,Others
2011,Peptide,Spherical,Coated,Negative charge,Unpegylated,Phagocytosis,Cytotoxicity,Complement,Release,Proteomics,Serum,Albumin
2011,Agglomerates,Others,Coated,Negative charge,Unpegylated,Unknown,Unknown,Others,Biodistribution,Spectrum,Plasma,Lipoprotein
2011,Micelles,Spherical,Unknown,Negative charge,Unpegylated,Unknown,Unknown,Others,Biodistribution,Spectrum,Others,Others
2011,Quantum,Nanotubes,Coated,Positive charge,Unpegylated,Unknown,Unknown,Complement,Biodistribution,Proteomics,Plasma,Lipoprotein
2011,Others,Others,Coated,Positive charge,Unpegylated,Exocytosis,Cytotoxicity,Others,Biodistribution,Microscope,Medium,Others
2011,Gold,Spherical,Coated,Positive charge,Unpegylated,Unknown,Cytotoxicity,Inflammation,Targeting,Microscope,Medium,Fibrinogen
2011,Surfactants,Nanotubes,Coated,Negative charge,Unpegylated,Phagocytosis,Cytotoxicity,Macrophages,Biodistribution,Sdspage,Serum,Albumin
2011,Others,Nanotubes,Coated,Negative charge,Unpegylated,Phagocytosis,Cytotoxicity,Macrophages,Release,Microscope,Plasma,Fibrinogen
2011,Others,Spherical,Coated,Negative charge,Unpegylated,Unknown,Cytotoxicity,Complement,Biodistribution,Proteomics,Plasma,Albumin
2011,Micelles,Spherical,Unknown,Negative charge,Unpegylated,Unknown,Unknown,Others,Targeting,Fluorescence,Others,Others
2011,Silicon,Others,Coated,Negative charge,Unpegylated,Unknown,Cytotoxicity,Others,Enzymes,Spectrum,Bovine,Others
2011,Micelles,Amorphous,Coated,Negative charge,Unpegylated,Unknown,Cytotoxicity,Inflammation,Release,Proteomics,Medium,Others
2011,Peptide,Others,Coated,Positive charge,Unpegylated,Phagocytosis,Cytotoxicity,Complement,Targeting,Proteomics,Plasma,Lipoprotein
2012,Micelles,Others,Coated,Positive charge,Unpegylated,Unknown,Unknown,Others,Antibacterial,Microscope,Medium,Others
2012,Others,Others,Unknown,Positive charge,Unpegylated,Unknown,Cytotoxicity,Complement,Biodistribution,Sdspage,Plasma,Albumin
2012,Gold,Others,Coated,Positive charge,Unpegylated,Unknown,Cytotoxicity,Others,Anticancer,Proteomics,Plasma,Fibrinogen
2012,Peptide,Others,Coated,Negative charge,Unpegylated,Unknown,Cytotoxicity,Others,Stability,Spectrum,Serum,Albumin
2012,Lipoplexes,Others,Coated,Negative charge,Unpegylated,Phagocytosis,Mitochondrial toxicity,Complement,Targeting,Proteomics,Plasma,Lipoprotein
2012,Lipoplexes,Others,Coated,Positive charge,Unpegylated,Unknown,Cytotoxicity,Others,Biodistribution,Proteomics,Plasma,Fibrinogen
2012,Polystyrene,Nanotubes,Unknown,Positive charge,Unpegylated,Unknown,Cytotoxicity,Immune response,Biodistribution,Fluorescence,Serum,Lipoprotein
2012,Carbon,Nanotubes,Coated,Positive charge,Unpegylated,Endocytosis,Cytotoxicity,Others,Stability,Fluorescence,Plasma,Fibrinogen
2012,Peptide,Spherical,Coated,Unknown,Unpegylated,Unknown,Cytotoxicity,Complement,Targeting,Spectrum,Plasma,Lipoprotein
2012,Agglomerates,Spherical,Coated,Positive charge,Unpegylated,Unknown,Cytotoxicity,Cytokines,Biodistribution,Fluorescence,Plasma,Fibrinogen
2012,Silver,Spherical,Coated,Positive charge,Unpegylated,Unknown,Cytotoxicity,Others,Antibacterial,Spectrum,Medium,Albumin
2012,Others,Spherical,Coated,Positive charge,Unpegylated,Unknown,Cytotoxicity,Others,Biodistribution,Spectrum,Plasma,Albumin
2012,Lipoplexes,Nanotubes,Unknown,Negative charge,Unpegylated,Unknown,Cytotoxicity,Others,Biodistribution,Fluorescence,Others,Others
2012,Gold,Others,Coated,Negative charge,Unpegylated,Unknown,Cytotoxicity,Immune response,Anticancer,Others,Serum,Others
2012,Magnetic,Spherical,Coated,Positive charge,Unpegylated,Unknown,Unknown,Complement,Biodistribution,Spectrum,Plasma,Lipoprotein
2012,Others,Others,Coated,Negative charge,Unpegylated,Unknown,Cytotoxicity,Inflammation,Therapy,Sdspage,Medium,Albumin
2012,Silicon,Amorphous,Coated,Positive charge,Unpegylated,Unknown,Cytotoxicity,Others,Enzymes,Spectrum,Medium,Others
2012,Carbon,Nanotubes,Coated,Negative charge,Unpegylated,Phagocytosis,Cytotoxicity,Macrophages,Biodistribution,Spectrum,Bovine,Others
2012,Gold,Others,Coated,Negative charge,Unpegylated,Unknown,Cytotoxicity,Immune response,Biodistribution,Fluorescence,Serum,Lipoprotein
2012,Silicon,Nanosheets,Coated,Positive charge,Unpegylated,Endocytosis,Cytotoxicity,Complement,Biodistribution,Microscope,Serum,Transferrin
2012,Others,Others,Coated,Negative charge,Unpegylated,Unknown,Cytotoxicity,Others,Anticancer,Fluorescence,Bovine,Albumin
2012,Others,Nanorods,Coated,Negative charge,Unpegylated,Unknown,Cytotoxicity,Others,Biodistribution,Fluorescence,Serum,Albumin
2012,Peptide,Spherical,Coated,Unknown,Unpegylated,Unknown,Cytotoxicity,Others,Stability,Fluorescence,Others,Transferrin
2012,Others,Spherical,Coated,Positive charge,Unpegylated,Unknown,Cytotoxicity,Dendritic cells,Enzymes,Spectrum,Serum,Others
2012,Magnetic,Others,Coated,Negative charge,Unpegylated,Unknown,Cytotoxicity,Immune response,Biodistribution,Microscope,Medium,Others
2012,Polystyrene,Others,Coated,Unknown,Unpegylated,Phagocytosis,Cytotoxicity,Others,Biodistribution,Fluorescence,Plasma,Transferrin
2012,Polystyrene,Spherical,Coated,Negative charge,Unpegylated,Unknown,Cytotoxicity,Complement,Therapy,Sdspage,Plasma,Others
2012,Others,Spherical,Coated,Positive charge,Unpegylated,Endocytosis,Cytotoxicity,Macrophages,Biodistribution,Spectrum,Plasma,Transferrin
2012,Silver,Nanotubes,Coated,Negative charge,Unpegylated,Unknown,Unknown,Others,Biodistribution,Spectrum,Bovine,Albumin
2012,Carbon,Nanosheets,Coated,Positive charge,Unpegylated,Phagocytosis,Cytotoxicity,Immune response,Therapy,Spectrum,Serum,Albumin
2012,Oxidative,Amorphous,Coated,Negative charge,Unpegylated,Unknown,Cytotoxicity,Macrophages,Others,Spectrum,Serum,Albumin
2012,Gold,Spherical,Coated,Unknown,Unpegylated,Unknown,Cytotoxicity,Inflammation,Antibacterial,Proteomics,Serum,Fibrinogen
2012,Others,Amorphous,Coated,Negative charge,Unpegylated,Unknown,Cytotoxicity,Others,Biodistribution,Spectrum,Serum,Albumin
2012,Others,Others,Coated,Unknown,Unpegylated,Unknown,Cytotoxicity,Others,Biodistribution,Fluorescence,Serum,Transferrin
2012,Silver,Nanotubes,Coated,Unknown,Unpegylated,Endocytosis,Cytotoxicity,Macrophages,Anticancer,Fluorescence,Medium,Albumin
2012,Carbon,Nanotubes,Coated,Positive charge,Unpegylated,Unknown,Cytotoxicity,Inflammation,Biodistribution,Proteomics,Medium,Albumin
2012,Others,Nanotubes,Coated,Positive charge,Unpegylated,Unknown,Cytotoxicity,Others,Biodistribution,Spectrum,Serum,Albumin
2012,Others,Spherical,Coated,Negative charge,Unpegylated,Unknown,Cytotoxicity,Complement,Biodistribution,Proteomics,Medium,Others
2012,Others,Others,Unknown,Positive charge,Unpegylated,Unknown,Cytotoxicity,Others,Anticancer,Microscope,Medium,Others
2013,Others,Others,Unknown,Negative charge,Unpegylated,Phagocytosis,Cytotoxicity,Complement,Biodistribution,Spectrum,Serum,Albumin
2013,Micelles,Others,Coated,Negative charge,Unpegylated,Unknown,Cytotoxicity,Others,Biodistribution,Microscope,Medium,Albumin
2013,Silver,Spherical,Coated,Negative charge,Unpegylated,Unknown,Cytotoxicity,Inflammation,Stability,Spectrum,Serum,Albumin
2013,Agglomerates,Spherical,Coated,Positive charge,Unpegylated,Unknown,Cytotoxicity,Others,Others,Spectrum,Bovine,Albumin
2013,Carbon,Nanotubes,Coated,Positive charge,Unpegylated,Unknown,Cytotoxicity,Inflammation,Biodistribution,Proteomics,Medium,Albumin
2013,Lipoplexes,Spherical,Coated,Positive charge,Unpegylated,Unknown,Unknown,Others,Biodistribution,Spectrum,Plasma,Others
2013,Lipoplexes,Nanotubes,Coated,Unknown,Unpegylated,Unknown,Cytotoxicity,Others,Biodistribution,Fluorescence,Serum,Albumin
2013,Others,Spherical,Unknown,Negative charge,Unpegylated,Unknown,Cytotoxicity,Others,Release,Fluorescence,Plasma,Others
2013,Gold,Nanorods,Unknown,Positive charge,Unpegylated,Unknown,Cytotoxicity,Others,Others,Microscope,Plasma,Albumin
2013,Silver,Nanosheets,Coated,Positive charge,Unpegylated,Unknown,Cytotoxicity,Immune response,Biodistribution,Uvvis,Serum,Albumin
2013,Gold,Nanorods,Coated,Negative charge,Unpegylated,Unknown,Cytotoxicity,Macrophages,Stability,Spectrum,Serum,Albumin
2013,Silver,Others,Coated,Negative charge,Unpegylated,Unknown,Cytotoxicity,Macrophages,Biodistribution,Spectrum,Medium,Others
2013,Silicon,Spherical,Coated,Neutral,Unpegylated,Unknown,Cytotoxicity,Others,Enzymes,Proteomics,Plasma,Lipoprotein
2013,Gold,Nanotubes,Coated,Negative charge,Unpegylated,Unknown,Hemotoxicity,Others,Biodistribution,Spectrum,Serum,Albumin
2013,Silver,Others,Coated,Positive charge,Unpegylated,Phagocytosis,Cytotoxicity,Immune response,Biodistribution,Sdspage,Medium,Fibrinogen
2013,Colloids,Others,Unknown,Positive charge,Unpegylated,Endocytosis,Cytotoxicity,Others,Anticancer,Microscope,Bovine,Others
2013,Surfactants,Nanotubes,Coated,Negative charge,Unpegylated,Phagocytosis,Cytotoxicity,Inflammation,Biodistribution,Microscope,Others,Lipoprotein
2013,Gold,Others,Coated,Negative charge,Unpegylated,Unknown,Unknown,Others,Biodistribution,Spectrum,Plasma,Fibrinogen
2013,Agglomerates,Spherical,Coated,Positive charge,Unpegylated,Phagocytosis,Cytotoxicity,Complement,Stability,Sdspage,Serum,Lipoprotein
2013,Silver,Spherical,Coated,Unknown,Unpegylated,Unknown,Cytotoxicity,Others,Antibacterial,Microscope,Medium,Albumin
2013,Silver,Nanosheets,Coated,Negative charge,Unpegylated,Unknown,Unknown,Immune response,Enzymes,Spectrum,Medium,Others
2013,Gold,Others,Coated,Unknown,Unpegylated,Unknown,Unknown,Others,Stability,Spectrum,Serum,Albumin
2013,Magnetic,Others,Coated,Positive charge,Unpegylated,Unknown,Cytotoxicity,Others,Anticancer,Microscope,Medium,Others
2013,Peptide,Nanosheets,Coated,Neutral,Unpegylated,Unknown,Cytotoxicity,Complement,Biodistribution,Microscope,Plasma,Fibrinogen
2013,Lipoplexes,Others,Coated,Positive charge,Unpegylated,Endocytosis,Unknown,Complement,Targeting,Microscope,Plasma,Lipoprotein
2013,Micelles,Spherical,Coated,Positive charge,Unpegylated,Unknown,Cytotoxicity,Others,Enzymes,Fluorescence,Others,Others
2013,Agglomerates,Others,Coated,Negative charge,Unpegylated,Unknown,Cytotoxicity,Others,Biodistribution,Spectrum,Medium,Albumin
2013,Oxidative,Others,Coated,Positive charge,Unpegylated,Endocytosis,Cytotoxicity,Cytokines,Biodistribution,Fluorescence,Medium,Others
2013,Magnetic,Others,Coated,Negative charge,Unpegylated,Endocytosis,Cytotoxicity,Inflammation,Biodistribution,Fluorescence,Serum,Albumin
2013,Silicon,Nanotubes,Coated,Positive charge,Unpegylated,Unknown,Cytotoxicity,Others,Others,Microscope,Plasma,Others
2013,Magnetic,Others,Coated,Positive charge,Unpegylated,Unknown,Cytotoxicity,Others,Targeting,Proteomics,Plasma,Albumin
2013,Peptide,Urchin,Coated,Positive charge,Unpegylated,Unknown,Cytotoxicity,Others,Biodistribution,Others,Others,Others
2013,Magnetic,Others,Coated,Negative charge,Unpegylated,Unknown,Unknown,Macrophages,Stability,Spectrum,Medium,Albumin
2013,Silicon,Others,Coated,Positive charge,Unpegylated,Unknown,Hemotoxicity,Complement,Enzymes,Microscope,Serum,Lipoprotein
2013,Peptide,Spherical,Coated,Negative charge,Unpegylated,Unknown,Cytotoxicity,Inflammation,Release,Fluorescence,Plasma,Lipoprotein
2013,Peptide,Others,Unknown,Negative charge,Unpegylated,Phagocytosis,Cytotoxicity,Macrophages,Enzymes,Spectrum,Serum,Lipoprotein
2013,Zwitterionic,Others,Coated,Negative charge,Unpegylated,Unknown,Unknown,Others,Biodistribution,Spectrum,Serum,Fibrinogen
2013,Silicon,Spherical,Coated,Positive charge,Unpegylated,Endocytosis,Cytotoxicity,Inflammation,Release,Fluorescence,Serum,Albumin
2013,Others,Spherical,Coated,Negative charge,Unpegylated,Unknown,Cytotoxicity,Others,Release,Microscope,Medium,Albumin
2013,Micelles,Nanotubes,Coated,Negative charge,Unpegylated,Phagocytosis,Cytotoxicity,Complement,Biodistribution,Fluorescence,Plasma,Albumin
2013,Others,Nanotubes,Coated,Negative charge,Unpegylated,Unknown,Cytotoxicity,Others,Biodistribution,Microscope,Serum,Albumin
2013,Others,Spherical,Coated,Unknown,Unpegylated,Unknown,Cytotoxicity,Others,Stability,Others,Serum,Albumin
2013,Others,Nanotubes,Coated,Positive charge,Unpegylated,Phagocytosis,Cytotoxicity,Macrophages,Biodistribution,Proteomics,Serum,Lipoprotein
2013,Peptide,Others,Unknown,Positive charge,Unpegylated,Unknown,Unknown,Others,Enzymes,Spectrum,Serum,Albumin
2013,Gold,Nanotubes,Coated,Negative charge,Unpegylated,Unknown,Cytotoxicity,Inflammation,Biodistribution,Spectrum,Serum,Albumin
2013,Silicon,Amorphous,Coated,Negative charge,Unpegylated,Unknown,Cytotoxicity,Complement,Release,Microscope,Plasma,Lipoprotein
2013,Others,Others,Coated,Positive charge,Unpegylated,Endocytosis,Cytotoxicity,Others,Biodistribution,Fluorescence,Medium,Albumin
2013,Colloids,Others,Coated,Unknown,Unpegylated,Unknown,Cytotoxicity,Others,Anticancer,Sdspage,Plasma,Others
2013,Magnetic,Nanorods,Coated,Positive charge,Unpegylated,Phagocytosis,Cytotoxicity,Dendritic cells,Biodistribution,Fluorescence,Serum,Albumin
2013,Others,Urchin,Coated,Positive charge,Unpegylated,Endocytosis,Cytotoxicity,Inflammation,Release,Fluorescence,Serum,Albumin
2013,Silver,Nanosheets,Coated,Negative charge,Unpegylated,Unknown,Cytotoxicity,Others,Release,Spectrum,Plasma,Others
2013,Micelles,Others,Unknown,Positive charge,Unpegylated,Endocytosis,Cytotoxicity,Immune response,Biodistribution,Sdspage,Others,Others
2013,Micelles,Others,Coated,Negative charge,Unpegylated,Phagocytosis,Cytotoxicity,Macrophages,Biodistribution,Sdspage,Serum,Albumin
2013,Peptide,Others,Coated,Positive charge,Unpegylated,Unknown,Cytotoxicity,Others,Therapy,Fluorescence,Serum,Albumin
2013,Micelles,Others,Coated,Positive charge,Unpegylated,Unknown,Cytotoxicity,Dendritic cells,Biodistribution,Wavelength,Plasma,Albumin
2014,Oxidative,Others,Coated,Negative charge,Unpegylated,Unknown,Cytotoxicity,Macrophages,Anticancer,Microscope,Medium,Others
2014,Others,Amorphous,Coated,Positive charge,Unpegylated,Unknown,Cytotoxicity,Immune response,Enzymes,Spectrum,Medium,Others
2014,Silicon,Nanotubes,Coated,Negative charge,Unpegylated,Endocytosis,Cytotoxicity,Inflammation,Biodistribution,Spectrum,Plasma,Lipoprotein
2014,Agglomerates,Nanorods,Unknown,Positive charge,Unpegylated,Unknown,Unknown,Others,Stability,Spectrum,Bovine,Albumin
2014,Magnetic,Others,Coated,Negative charge,Unpegylated,Endocytosis,Cytotoxicity,Others,Biodistribution,Microscope,Medium,Others
2014,Quantum,Others,Coated,Positive charge,Unpegylated,Unknown,Cytotoxicity,Others,Others,Fluorescence,Bovine,Albumin
2014,Silver,Nanotubes,Coated,Negative charge,Unpegylated,Unknown,Cytotoxicity,Others,Release,Spectrum,Medium,Albumin
2014,Gold,Spherical,Coated,Positive charge,Unpegylated,Unknown,Cytotoxicity,Immune response,Stability,Fluorescence,Medium,Others
2014,Quantum,Spherical,Coated,Positive charge,Unpegylated,Unknown,Cytotoxicity,Others,Biodistribution,Fluorescence,Serum,Albumin
2014,Others,Spherical,Coated,Negative charge,Unpegylated,Unknown,Unknown,Others,Anticancer,Fluorescence,Serum,Albumin
2014,Carbon,Nanosheets,Coated,Positive charge,Unpegylated,Unknown,Cytotoxicity,Immune response,Stability,Spectrum,Medium,Fibrinogen
2014,Micelles,Amorphous,Coated,Positive charge,Unpegylated,Endocytosis,Hemotoxicity,Inflammation,Stability,Sdspage,Serum,Albumin
2014,Silicon,Others,Unknown,Negative charge,Unpegylated,Unknown,Cytotoxicity,Others,Others,Spectrum,Others,Others
2014,Lipoplexes,Others,Coated,Positive charge,Unpegylated,Phagocytosis,Cytotoxicity,Macrophages,Anticancer,Others,Plasma,Others
2014,Others,Amorphous,Coated,Negative charge,Unpegylated,Unknown,Cytotoxicity,Complement,Biodistribution,Fluorescence,Plasma,Albumin
2014,Quantum,Others,Unknown,Negative charge,Unpegylated,Unknown,Unknown,Others,Anticancer,Spectrum,Medium,Others
2014,Silicon,Amorphous,Coated,Negative charge,Unpegylated,Endocytosis,Cytotoxicity,Monocytes,Release,Microscope,Serum,Albumin
2014,Oxidative,Others,Coated,Positive charge,Unpegylated,Unknown,Cytotoxicity,Others,Biodistribution,Spectrum,Medium,Transferrin
2014,Gold,Others,Coated,Negative charge,Unpegylated,Unknown,Cytotoxicity,Others,Anticancer,Proteomics,Medium,Albumin
2014,Silicon,Amorphous,Coated,Negative charge,Unpegylated,Unknown,Cytotoxicity,Macrophages,Targeting,Fluorescence,Serum,Albumin
2014,Silicon,Amorphous,Coated,Unknown,Unpegylated,Unknown,Cytotoxicity,Complement,Anticancer,Sdspage,Plasma,Albumin
2014,Silicon,Nanotubes,Unknown,Positive charge,Unpegylated,Phagocytosis,Cytotoxicity,Inflammation,Biodistribution,Sdspage,Plasma,Albumin
2014,Magnetic,Others,Coated,Negative charge,Unpegylated,Unknown,Unknown,Macrophages,Therapy,Microscope,Serum,Albumin
2014,Gold,Spherical,Coated,Positive charge,Unpegylated,Unknown,Unknown,Others,Targeting,Fluorescence,Serum,Albumin
2014,Micelles,Others,Unknown,Positive charge,Unpegylated,Unknown,Cytotoxicity,Others,Anticancer,Others,Others,Others
2014,Quantum,Spherical,Coated,Negative charge,Unpegylated,Unknown,Cytotoxicity,Others,Enzymes,Sdspage,Others,Others
2014,Micelles,Others,Coated,Positive charge,Unpegylated,Exocytosis,Cytotoxicity,Dendritic cells,Biodistribution,Sdspage,Serum,Others
2014,Silicon,Others,Coated,Positive charge,Unpegylated,Unknown,Unknown,Inflammation,Stability,Microscope,Serum,Albumin
2014,Silicon,Others,Coated,Unknown,Unpegylated,Unknown,Cytotoxicity,Others,Release,Sdspage,Serum,Albumin
2014,Others,Spherical,Unknown,Positive charge,Unpegylated,Unknown,Cytotoxicity,Others,Targeting,Fluorescence,Serum,Transferrin
2014,Others,Others,Unknown,Negative charge,Unpegylated,Unknown,Cytotoxicity,Complement,Enzymes,Sdspage,Plasma,Others
2014,Others,Spherical,Coated,Positive charge,Unpegylated,Unknown,Cytotoxicity,Macrophages,Stability,Proteomics,Plasma,Fibrinogen
2014,Magnetic,Spherical,Coated,Negative charge,Unpegylated,Unknown,Cytotoxicity,Others,Biodistribution,Microscope,Others,Others
2014,Others,Others,Coated,Positive charge,Unpegylated,Unknown,Cytotoxicity,Others,Biodistribution,Spectrum,Medium,Others
2014,Magnetic,Spherical,Coated,Negative charge,Unpegylated,Unknown,Unknown,Others,Others,Spectrum,Bovine,Albumin
2014,Carbon,Nanotubes,Coated,Negative charge,Unpegylated,Endocytosis,Cytotoxicity,Inflammation,Biodistribution,Spectrum,Serum,Albumin
2014,Silver,Others,Coated,Negative charge,Unpegylated,Endocytosis,Cytotoxicity,Monocytes,Antibacterial,Microscope,Medium,Others
2014,Others,Spherical,Unknown,Positive charge,Unpegylated,Unknown,Hemotoxicity,Macrophages,Stability,Spectrum,Serum,Albumin
2014,Micelles,Spherical,Coated,Positive charge,Unpegylated,Endocytosis,Cytotoxicity,Others,Biodistribution,Fluorescence,Serum,Albumin
2014,Gold,Nanorods,Coated,Positive charge,Unpegylated,Unknown,Cytotoxicity,Others,Biodistribution,Spectrum,Serum,Lipoprotein
2014,Silver,Others,Coated,Negative charge,Unpegylated,Unknown,Cytotoxicity,Others,Biodistribution,Spectrum,Plasma,Others
2014,Silver,Others,Unknown,Positive charge,Unpegylated,Unknown,Hemotoxicity,Complement,Therapy,Spectrum,Serum,Albumin
2014,Carbon,Spherical,Coated,Positive charge,Unpegylated,Endocytosis,Cytotoxicity,Dendritic cells,Release,Fluorescence,Medium,Others
2014,Others,Others,Coated,Positive charge,Unpegylated,Unknown,Cytotoxicity,Others,Biodistribution,Spectrum,Serum,Albumin
2014,Polystyrene,Others,Coated,Unknown,Unpegylated,Unknown,Cytotoxicity,Others,Biodistribution,Spectrum,Others,Others
2014,Lipoplexes,Spherical,Coated,Negative charge,Unpegylated,Unknown,Cytotoxicity,Others,Others,Fluorescence,Medium,Others
2014,Silver,Nanotubes,Coated,Positive charge,Unpegylated,Unknown,Cytotoxicity,Monocytes,Release,Proteomics,Medium,Albumin
2014,Silicon,Spherical,Coated,Negative charge,Unpegylated,Unknown,Cytotoxicity,Macrophages,Stability,Spectrum,Plasma,Albumin
2014,Others,Others,Unknown,Positive charge,Unpegylated,Unknown,Hemotoxicity,Immune response,Therapy,Others,Plasma,Others
2014,Magnetic,Others,Coated,Neutral,Unpegylated,Endocytosis,Cytotoxicity,Complement,Biodistribution,Spectrum,Serum,Lipoprotein
2014,Magnetic,Others,Coated,Neutral,Unpegylated,Unknown,Unknown,Immune response,Stability,Sdspage,Serum,Albumin
2014,Polystyrene,Spherical,Coated,Negative charge,Unpegylated,Unknown,Cytotoxicity,Others,Enzymes,Fluorescence,Plasma,Fibrinogen
2014,Others,Others,Coated,Positive charge,Unpegylated,Phagocytosis,Cytotoxicity,Macrophages,Biodistribution,Fluorescence,Serum,Albumin
2014,Agglomerates,Spherical,Coated,Positive charge,Unpegylated,Unknown,Cytotoxicity,Others,Therapy,Spectrum,Serum,Albumin
2014,Oxidative,Nanotubes,Unknown,Positive charge,Unpegylated,Phagocytosis,Cytotoxicity,Complement,Biodistribution,Spectrum,Plasma,Lipoprotein
2014,Oxidative,Spherical,Uncoated,Negative charge,Unpegylated,Endocytosis,Cytotoxicity,Complement,Stability,Spectrum,Plasma,Albumin
2014,Silver,Spherical,Coated,Negative charge,Unpegylated,Phagocytosis,Cytotoxicity,Macrophages,Release,Microscope,Serum,Albumin
2014,Others,Nanotubes,Coated,Positive charge,Unpegylated,Endocytosis,Cytotoxicity,Macrophages,Biodistribution,Fluorescence,Serum,Albumin
2014,Oxidative,Nanorods,Coated,Negative charge,Unpegylated,Unknown,Cytotoxicity,Others,Antibacterial,Spectrum,Medium,Albumin
2014,Peptide,Spherical,Coated,Positive charge,Unpegylated,Unknown,Cytotoxicity,Others,Stability,Fluorescence,Plasma,Others
2014,Gold,Spherical,Coated,Positive charge,Unpegylated,Unknown,Unknown,Inflammation,Stability,Spectrum,Bovine,Fibrinogen
2014,Surfactants,Spherical,Coated,Negative charge,Unpegylated,Unknown,Cytotoxicity,Others,Biodistribution,Spectrum,Others,Others
2014,Others,Others,Unknown,Negative charge,Unpegylated,Endocytosis,Cytotoxicity,Dendritic cells,Biodistribution,Fluorescence,Medium,Others
2014,Lipoplexes,Spherical,Coated,Negative charge,Unpegylated,Endocytosis,Cytotoxicity,Others,Biodistribution,Microscope,Serum,Albumin
2014,Gold,Others,Coated,Negative charge,Unpegylated,Unknown,Cytotoxicity,Others,Enzymes,Spectrum,Serum,Albumin
2014,Micelles,Spherical,Coated,Negative charge,Unpegylated,Unknown,Hemotoxicity,Complement,Biodistribution,Spectrum,Serum,Albumin
2014,Magnetic,Spherical,Coated,Negative charge,Unpegylated,Phagocytosis,Cytotoxicity,Macrophages,Release,Microscope,Serum,Albumin
2014,Oxidative,Spherical,Coated,Negative charge,Unpegylated,Unknown,Cytotoxicity,Immune response,Release,Icpms,Medium,Others
2014,Others,Others,Coated,Negative charge,Unpegylated,Unknown,Cytotoxicity,Immune response,Anticancer,Spectrum,Serum,Albumin
2014,Others,Others,Coated,Positive charge,Unpegylated,Unknown,Cytotoxicity,Others,Enzymes,Spectrum,Plasma,Fibrinogen
2014,Gold,Nanorods,Coated,Positive charge,Unpegylated,Endocytosis,Mitochondrial toxicity,Cytokines,Anticancer,Microscope,Medium,Others
2015,Magnetic,Others,Coated,Negative charge,Unpegylated,Unknown,Cytotoxicity,Immune response,Stability,Spectrum,Plasma,Albumin
2015,Magnetic,Spherical,Unknown,Negative charge,Unpegylated,Unknown,Unknown,Others,Anticancer,Fluorescence,Plasma,Fibrinogen
2015,Peptide,Others,Coated,Positive charge,Unpegylated,Unknown,Cytotoxicity,Others,Release,Spectrum,Medium,Others
2015,Magnetic,Nanotubes,Coated,Negative charge,Unpegylated,Phagocytosis,Cytotoxicity,Macrophages,Anticancer,Microscope,Medium,Others
2015,Oxidative,Nanotubes,Coated,Positive charge,Unpegylated,Unknown,Cytotoxicity,Complement,Enzymes,Sdspage,Plasma,Fibrinogen
2015,Agglomerates,Spherical,Coated,Negative charge,Unpegylated,Unknown,Cytotoxicity,Macrophages,Biodistribution,Spectrum,Serum,Others
2015,Others,Nanorods,Coated,Negative charge,Unpegylated,Unknown,Cytotoxicity,Others,Biodistribution,Microscope,Serum,Albumin
2015,Silver,Spherical,Coated,Positive charge,Unpegylated,Phagocytosis,Cytotoxicity,Macrophages,Biodistribution,Spectrum,Serum,Lipoprotein
2015,Others,Others,Coated,Negative charge,Unpegylated,Phagocytosis,Cytotoxicity,Others,Anticancer,Spectrum,Medium,Others
2015,Others,Nanotubes,Coated,Negative charge,Unpegylated,Unknown,Cytotoxicity,Macrophages,Biodistribution,Microscope,Serum,Albumin
2015,Silver,Others,Coated,Negative charge,Unpegylated,Unknown,Cytotoxicity,Others,Stability,Uvvis,Serum,Albumin
2015,Gold,Spherical,Coated,Unknown,Unpegylated,Unknown,Unknown,Others,Biodistribution,Fluorescence,Serum,Albumin
2015,Agglomerates,Others,Coated,Positive charge,Unpegylated,Endocytosis,Cytotoxicity,Complement,Biodistribution,Microscope,Serum,Others
2015,Gold,Others,Coated,Negative charge,Unpegylated,Phagocytosis,Unknown,Macrophages,Biodistribution,Spectrum,Serum,Albumin
2015,Silicon,Amorphous,Coated,Negative charge,Unpegylated,Unknown,Cytotoxicity,Macrophages,Stability,Spectrum,Serum,Albumin
2015,Agglomerates,Others,Coated,Negative charge,Unpegylated,Phagocytosis,Cytotoxicity,Immune response,Biodistribution,Spectrum,Serum,Fibrinogen
2015,Agglomerates,Nanorods,Coated,Negative charge,Unpegylated,Unknown,Unknown,Macrophages,Stability,Uvvis,Bovine,Albumin
2015,Carbon,Nanosheets,Coated,Negative charge,Unpegylated,Unknown,Cytotoxicity,Others,Antibacterial,Microscope,Medium,Albumin
2015,Agglomerates,Amorphous,Coated,Negative charge,Unpegylated,Phagocytosis,Cytotoxicity,Macrophages,Biodistribution,Sdspage,Plasma,Fibrinogen
2015,Magnetic,Others,Coated,Negative charge,Unpegylated,Endocytosis,Cytotoxicity,Others,Biodistribution,Microscope,Bovine,Albumin
2015,Carbon,Nanotubes,Coated,Positive charge,Unpegylated,Unknown,Cytotoxicity,Inflammation,Biodistribution,Others,Serum,Fibrinogen
2015,Silver,Others,Coated,Negative charge,Unpegylated,Unknown,Unknown,Others,Biodistribution,Fluorescence,Serum,Albumin
2015,Carbon,Nanosheets,Coated,Negative charge,Unpegylated,Phagocytosis,Cytotoxicity,Inflammation,Anticancer,Microscope,Plasma,Fibrinogen
2015,Silicon,Spherical,Unknown,Unknown,Unpegylated,Unknown,Unknown,Others,Others,Others,Others,Others
2015,Agglomerates,Others,Unknown,Negative charge,Unpegylated,Unknown,Unknown,Others,Stability,Spectrum,Bovine,Albumin
2015,Agglomerates,Spherical,Unknown,Positive charge,Unpegylated,Unknown,Cytotoxicity,Others,Stability,Spectrum,Serum,Albumin
2015,Silver,Spherical,Coated,Unknown,Unpegylated,Unknown,Cytotoxicity,Others,Biodistribution,Spectrum,Medium,Albumin
2015,Oxidative,Others,Unknown,Negative charge,Unpegylated,Unknown,Cytotoxicity,Inflammation,Anticancer,Sdspage,Plasma,Others
2015,Others,Spherical,Coated,Positive charge,Unpegylated,Unknown,Cytotoxicity,Immune response,Biodistribution,Microscope,Medium,Others
2015,Micelles,Others,Coated,Negative charge,Unpegylated,Phagocytosis,Cytotoxicity,Immune response,Biodistribution,Spectrum,Medium,Others
2015,Polystyrene,Spherical,Coated,Unknown,Unpegylated,Unknown,Unknown,Immune response,Targeting,Microscope,Plasma,Transferrin
2015,Peptide,Others,Coated,Positive charge,Unpegylated,Unknown,Cytotoxicity,Complement,Biodistribution,Spectrum,Medium,Fibrinogen
2015,Polystyrene,Others,Coated,Negative charge,Unpegylated,Unknown,Unknown,Complement,Stability,Fluorescence,Serum,Albumin
2015,Lipoplexes,Others,Coated,Positive charge,Unpegylated,Unknown,Cytotoxicity,Complement,Biodistribution,Fluorescence,Plasma,Others
2015,Others,Others,Coated,Positive charge,Unpegylated,Endocytosis,Cytotoxicity,Complement,Biodistribution,Spectrum,Plasma,Lipoprotein
2015,Others,Spherical,Unknown,Negative charge,Unpegylated,Unknown,Cytotoxicity,Others,Biodistribution,Others,Serum,Albumin
2015,Others,Nanotubes,Unknown,Positive charge,Unpegylated,Unknown,Cytotoxicity,Inflammation,Targeting,Proteomics,Serum,Lipoprotein
2015,Carbon,Nanotubes,Coated,Positive charge,Unpegylated,Unknown,Cytotoxicity,Immune response,Enzymes,Fluorescence,Serum,Albumin
2015,Others,Others,Coated,Neutral,Unpegylated,Unknown,Cytotoxicity,Others,Biodistribution,Spectrum,Plasma,Albumin
2015,Magnetic,Spherical,Coated,Negative charge,Unpegylated,Unknown,Cytotoxicity,Others,Biodistribution,Others,Others,Others
2015,Others,Nanosheets,Coated,Negative charge,Unpegylated,Unknown,Cytotoxicity,Macrophages,Anticancer,Fluorescence,Serum,Albumin
2015,Magnetic,Others,Coated,Negative charge,Unpegylated,Endocytosis,Cytotoxicity,Complement,Targeting,Microscope,Serum,Lipoprotein
2015,Lipoplexes,Spherical,Coated,Unknown,Unpegylated,Unknown,Unknown,Immune response,Anticancer,Spectrum,Serum,Albumin
2015,Silicon,Others,Coated,Negative charge,Unpegylated,Unknown,Hemotoxicity,Immune response,Biodistribution,Microscope,Plasma,Albumin
2015,Others,Others,Coated,Neutral,Unpegylated,Unknown,Unknown,Others,Therapy,Icpms,Serum,Albumin
2015,Silver,Nanosheets,Coated,Positive charge,Unpegylated,Unknown,Cytotoxicity,Macrophages,Antibacterial,Spectrum,Serum,Albumin
2015,Magnetic,Nanotubes,Coated,Positive charge,Unpegylated,Unknown,Cytotoxicity,Macrophages,Stability,Spectrum,Medium,Albumin
2015,Agglomerates,Others,Coated,Negative charge,Unpegylated,Unknown,Cytotoxicity,Others,Stability,Spectrum,Bovine,Others
2015,Silver,Others,Coated,Negative charge,Unpegylated,Unknown,Cytotoxicity,Others,Stability,Icpms,Bovine,Albumin
2015,Lipoplexes,Others,Coated,Positive charge,Unpegylated,Phagocytosis,Cytotoxicity,Macrophages,Biodistribution,Fluorescence,Medium,Others
2015,Others,Spherical,Coated,Positive charge,Unpegylated,Unknown,Cytotoxicity,Others,Targeting,Fluorescence,Plasma,Albumin
2015,Oxidative,Spherical,Coated,Unknown,Unpegylated,Endocytosis,Cytotoxicity,Others,Biodistribution,Others,Serum,Albumin
2015,Magnetic,Others,Coated,Positive charge,Unpegylated,Endocytosis,Cytotoxicity,Inflammation,Biodistribution,Microscope,Serum,Albumin
2015,Silver,Nanosheets,Coated,Positive charge,Unpegylated,Unknown,Cytotoxicity,Others,Enzymes,Sdspage,Medium,Others
2015,Lipoplexes,Others,Coated,Positive charge,Unpegylated,Unknown,Cytotoxicity,Complement,Biodistribution,Spectrum,Plasma,Albumin
2015,Lipoplexes,Nanotubes,Coated,Unknown,Unpegylated,Unknown,Cytotoxicity,Macrophages,Biodistribution,Proteomics,Plasma,Albumin
2015,Peptide,Nanosheets,Coated,Positive charge,Unpegylated,Unknown,Cytotoxicity,Complement,Therapy,Spectrum,Plasma,Fibrinogen
2015,Silicon,Nanosheets,Coated,Unknown,Unpegylated,Unknown,Cytotoxicity,Cytokines,Release,Spectrum,Plasma,Fibrinogen
2015,Others,Nanosheets,Coated,Positive charge,Unpegylated,Unknown,Unknown,Complement,Others,Fluorescence,Serum,Albumin
2015,Oxidative,Others,Coated,Negative charge,Unpegylated,Unknown,Cytotoxicity,Inflammation,Release,Spectrum,Plasma,Albumin
2015,Others,Spherical,Coated,Negative charge,Unpegylated,Unknown,Cytotoxicity,Cytokines,Release,Spectrum,Plasma,Fibrinogen
2015,Silicon,Others,Coated,Positive charge,Unpegylated,Endocytosis,Cytotoxicity,Macrophages,Biodistribution,Fluorescence,Serum,Albumin
2015,Others,Spherical,Coated,Negative charge,Unpegylated,Endocytosis,Cytotoxicity,Immune response,Release,Fluorescence,Serum,Others
2015,Others,Others,Coated,Negative charge,Unpegylated,Endocytosis,Cytotoxicity,Others,Anticancer,Fluorescence,Serum,Albumin
2015,Silver,Nanotubes,Coated,Unknown,Unpegylated,Unknown,Cytotoxicity,Macrophages,Release,Spectrum,Serum,Albumin
2015,Silver,Nanotubes,Coated,Negative charge,Unpegylated,Unknown,Cytotoxicity,Inflammation,Biodistribution,Spectrum,Serum,Albumin
2015,Others,Spherical,Unknown,Positive charge,Unpegylated,Unknown,Unknown,Others,Stability,Sdspage,Medium,Others
2015,Silver,Nanorods,Coated,Positive charge,Unpegylated,Unknown,Cytotoxicity,Macrophages,Biodistribution,Spectrum,Serum,Albumin
2015,Oxidative,Spherical,Coated,Positive charge,Unpegylated,Endocytosis,Cytotoxicity,Monocytes,Antibacterial,Microscope,Serum,Albumin
2015,Micelles,Nanotubes,Coated,Positive charge,Unpegylated,Unknown,Cytotoxicity,Others,Enzymes,Fluorescence,Serum,Others
2015,Oxidative,Amorphous,Coated,Negative charge,Unpegylated,Unknown,Cytotoxicity,Complement,Release,Microscope,Serum,Albumin
2015,Oxidative,Nanotubes,Coated,Positive charge,Unpegylated,Endocytosis,Cytotoxicity,Complement,Anticancer,Microscope,Medium,Albumin
2015,Magnetic,Others,Coated,Negative charge,Unpegylated,Endocytosis,Cytotoxicity,Others,Anticancer,Microscope,Bovine,Others
2015,Colloids,Others,Coated,Negative charge,Unpegylated,Unknown,Unknown,Others,Release,Sdspage,Serum,Albumin
2015,Agglomerates,Spherical,Coated,Positive charge,Unpegylated,Endocytosis,Cytotoxicity,Inflammation,Release,Fluorescence,Serum,Albumin
2015,Silicon,Amorphous,Coated,Negative charge,Unpegylated,Endocytosis,Cytotoxicity,Inflammation,Biodistribution,Microscope,Plasma,Others
2015,Gold,Nanosheets,Coated,Positive charge,Unpegylated,Unknown,Cytotoxicity,Inflammation,Biodistribution,Microscope,Plasma,Fibrinogen
2015,Gold,Others,Coated,Positive charge,Unpegylated,Unknown,Cytotoxicity,Others,Biodistribution,Spectrum,Medium,Others
2015,Others,Amorphous,Coated,Positive charge,Unpegylated,Phagocytosis,Cytotoxicity,Macrophages,Release,Microscope,Serum,Albumin
2015,Silicon,Amorphous,Coated,Unknown,Unpegylated,Unknown,Cytotoxicity,Cytokines,Release,Microscope,Plasma,Fibrinogen
2015,Oxidative,Spherical,Coated,Negative charge,Unpegylated,Unknown,Cytotoxicity,Others,Anticancer,Proteomics,Serum,Others
2015,Magnetic,Others,Coated,Unknown,Unpegylated,Unknown,Unknown,Macrophages,Others,Proteomics,Plasma,Others
2015,Polystyrene,Spherical,Coated,Negative charge,Unpegylated,Unknown,Cytotoxicity,Macrophages,Enzymes,Sdspage,Medium,Albumin
2015,Colloids,Spherical,Coated,Negative charge,Unpegylated,Phagocytosis,Unknown,Macrophages,Enzymes,Sdspage,Plasma,Others
2015,Gold,Spherical,Unknown,Positive charge,Unpegylated,Unknown,Unknown,Others,Stability,Spectrum,Plasma,Albumin
2015,Silver,Spherical,Coated,Positive charge,Unpegylated,Unknown,Cytotoxicity,Inflammation,Antibacterial,Microscope,Bovine,Fibrinogen
2015,Magnetic,Others,Coated,Negative charge,Unpegylated,Unknown,Cytotoxicity,Others,Biodistribution,Sdspage,Serum,Others
2015,Polystyrene,Others,Coated,Negative charge,Unpegylated,Unknown,Unknown,Immune response,Stability,Spectrum,Serum,Others
2015,Others,Amorphous,Coated,Negative charge,Unpegylated,Phagocytosis,Hemotoxicity,Complement,Antibacterial,Spectrum,Serum,Albumin
2015,Gold,Others,Unknown,Positive charge,Unpegylated,Unknown,Unknown,Others,Biodistribution,Uvvis,Medium,Others
2015,Silicon,Amorphous,Coated,Positive charge,Unpegylated,Unknown,Cytotoxicity,Monocytes,Biodistribution,Sdspage,Plasma,Albumin
2015,Others,Others,Coated,Negative charge,Unpegylated,Unknown,Cytotoxicity,Immune response,Biodistribution,Proteomics,Plasma,Others
2015,Magnetic,Others,Coated,Negative charge,Unpegylated,Endocytosis,Cytotoxicity,Others,Targeting,Spectrum,Bovine,Albumin
2015,Micelles,Others,Coated,Negative charge,Unpegylated,Phagocytosis,Cytotoxicity,Immune response,Biodistribution,Microscope,Serum,Albumin
2015,Others,Spherical,Coated,Positive charge,Unpegylated,Phagocytosis,Cytotoxicity,Macrophages,Targeting,Microscope,Serum,Albumin
2015,Micelles,Spherical,Coated,Positive charge,Unpegylated,Unknown,Cytotoxicity,Others,Antibacterial,Spectrum,Medium,Others
2015,Carbon,Nanotubes,Coated,Negative charge,Unpegylated,Unknown,Cytotoxicity,Others,Biodistribution,Fluorescence,Medium,Others
2015,Gold,Others,Unknown,Negative charge,Unpegylated,Unknown,Cytotoxicity,Immune response,Anticancer,Spectrum,Serum,Others
2015,Oxidative,Spherical,Coated,Positive charge,Unpegylated,Endocytosis,Cytotoxicity,Immune response,Biodistribution,Spectrum,Serum,Albumin
2016,Carbon,Nanotubes,Coated,Neutral,Unpegylated,Unknown,Cytotoxicity,Immune response,Therapy,Others,Bovine,Albumin
2016,Oxidative,Others,Coated,Negative charge,Unpegylated,Unknown,Cytotoxicity,Inflammation,Enzymes,Spectrum,Medium,Others
2016,Oxidative,Others,Coated,Negative charge,Unpegylated,Endocytosis,Cytotoxicity,Macrophages,Enzymes,Proteomics,Plasma,Others
2016,Magnetic,Spherical,Coated,Negative charge,Unpegylated,Unknown,Cytotoxicity,Others,Enzymes,Spectrum,Serum,Albumin
2016,Silver,Others,Coated,Positive charge,Unpegylated,Unknown,Cytotoxicity,Others,Stability,Spectrum,Bovine,Albumin
2016,Agglomerates,Spherical,Coated,Positive charge,Unpegylated,Endocytosis,Cytotoxicity,Inflammation,Biodistribution,Proteomics,Plasma,Others
2016,Others,Nanotubes,Coated,Positive charge,Unpegylated,Endocytosis,Cytotoxicity,Macrophages,Biodistribution,Fluorescence,Serum,Albumin
2016,Silver,Others,Coated,Negative charge,Unpegylated,Unknown,Cytotoxicity,Others,Stability,Uvvis,Serum,Others
2016,Silver,Others,Coated,Negative charge,Unpegylated,Endocytosis,Cytotoxicity,Immune response,Enzymes,Spectrum,Bovine,Albumin
2016,Surfactants,Others,Coated,Negative charge,Unpegylated,Unknown,Cytotoxicity,Complement,Biodistribution,Microscope,Plasma,Albumin
2016,Gold,Spherical,Coated,Unknown,Unpegylated,Unknown,Unknown,Others,Biodistribution,Fluorescence,Medium,Albumin
2016,Agglomerates,Others,Unknown,Unknown,Unpegylated,Unknown,Unknown,Others,Biodistribution,Fluorescence,Bovine,Albumin
2016,Oxidative,Others,Unknown,Negative charge,Unpegylated,Unknown,Cytotoxicity,Others,Biodistribution,Fluorescence,Serum,Albumin
2016,Silicon,Others,Unknown,Negative charge,Unpegylated,Phagocytosis,Cytotoxicity,Macrophages,Anticancer,Fluorescence,Serum,Albumin
2016,Agglomerates,Spherical,Coated,Negative charge,Unpegylated,Unknown,Cytotoxicity,Others,Biodistribution,Spectrum,Plasma,Albumin
2016,Others,Others,Coated,Negative charge,Unpegylated,Unknown,Unknown,Dendritic cells,Targeting,Fluorescence,Serum,Others
2016,Oxidative,Nanosheets,Coated,Positive charge,Unpegylated,Endocytosis,Cytotoxicity,Others,Biodistribution,Fluorescence,Plasma,Albumin
2016,Gold,Others,Unknown,Negative charge,Unpegylated,Unknown,Cytotoxicity,Others,Biodistribution,Sdspage,Plasma,Others
2016,Others,Others,Uncoated,Positive charge,Unpegylated,Unknown,Cytotoxicity,Others,Stability,Spectrum,Medium,Others
2016,Gold,Others,Coated,Negative charge,Unpegylated,Unknown,Unknown,Immune response,Biodistribution,Fluorescence,Plasma,Transferrin
2016,Virus,Spherical,Coated,Unknown,Unpegylated,Unknown,Unknown,Immune response,Biodistribution,Microscope,Medium,Others
2016,Gold,Others,Coated,Positive charge,Unpegylated,Unknown,Unknown,Complement,Biodistribution,Microscope,Serum,Albumin
2016,Lipoplexes,Nanosheets,Coated,Negative charge,Unpegylated,Unknown,Cytotoxicity,Macrophages,Anticancer,Sdspage,Plasma,Albumin
2016,Others,Others,Coated,Positive charge,Unpegylated,Endocytosis,Cytotoxicity,Others,Release,Spectrum,Plasma,Others
2016,Silver,Others,Coated,Negative charge,Unpegylated,Unknown,Cytotoxicity,Others,Targeting,Spectrum,Plasma,Albumin
2016,Gold,Nanotubes,Coated,Positive charge,Unpegylated,Unknown,Cytotoxicity,Others,Stability,Fluorescence,Serum,Albumin
2016,Oxidative,Nanosheets,Coated,Negative charge,Unpegylated,Unknown,Cytotoxicity,Inflammation,Biodistribution,Spectrum,Plasma,Fibrinogen
2016,Others,Nanorods,Coated,Positive charge,Unpegylated,Endocytosis,Cytotoxicity,Dendritic cells,Anticancer,Spectrum,Medium,Albumin
2016,Silicon,Amorphous,Coated,Negative charge,Unpegylated,Unknown,Cytotoxicity,Macrophages,Biodistribution,Fluorescence,Medium,Others
2016,Silicon,Amorphous,Coated,Negative charge,Unpegylated,Unknown,Cytotoxicity,Macrophages,Antibacterial,Fluorescence,Serum,Albumin
2016,Oxidative,Spherical,Coated,Unknown,Unpegylated,Unknown,Cytotoxicity,Others,Release,Spectrum,Plasma,Others
2016,Magnetic,Others,Coated,Negative charge,Unpegylated,Unknown,Cytotoxicity,Others,Biodistribution,Microscope,Medium,Others
2016,Carbon,Spherical,Coated,Negative charge,Unpegylated,Unknown,Cytotoxicity,Immune response,Biodistribution,Microscope,Plasma,Albumin
2016,Silver,Nanotubes,Coated,Unknown,Unpegylated,Unknown,Cytotoxicity,Cytokines,Anticancer,Fluorescence,Serum,Albumin
2016,Others,Spherical,Coated,Negative charge,Unpegylated,Unknown,Cytotoxicity,Macrophages,Enzymes,Spectrum,Others,Others
2016,Micelles,Others,Coated,Negative charge,Unpegylated,Endocytosis,Cytotoxicity,Others,Biodistribution,Microscope,Serum,Others
2016,Carbon,Nanotubes,Coated,Positive charge,Unpegylated,Unknown,Cytotoxicity,Inflammation,Stability,Spectrum,Serum,Albumin
2016,Silver,Spherical,Coated,Negative charge,Unpegylated,Unknown,Cytotoxicity,Others,Biodistribution,Sdspage,Serum,Transferrin
2016,Gold,Spherical,Coated,Negative charge,Unpegylated,Unknown,Cytotoxicity,Others,Stability,Uvvis,Medium,Others
2016,Silicon,Others,Coated,Negative charge,Unpegylated,Unknown,Cytotoxicity,Complement,Enzymes,Proteomics,Plasma,Albumin
2016,Silicon,Others,Coated,Negative charge,Unpegylated,Unknown,Cytotoxicity,Others,Biodistribution,Fluorescence,Bovine,Albumin
2016,Gold,Nanorods,Coated,Negative charge,Unpegylated,Endocytosis,Cytotoxicity,Inflammation,Biodistribution,Microscope,Medium,Albumin
2016,Gold,Nanotubes,Coated,Positive charge,Unpegylated,Unknown,Cytotoxicity,Others,Enzymes,Spectrum,Medium,Others
2016,Surfactants,Spherical,Coated,Positive charge,Unpegylated,Phagocytosis,Cytotoxicity,Complement,Biodistribution,Microscope,Plasma,Albumin
2016,Carbon,Nanotubes,Coated,Negative charge,Unpegylated,Unknown,Cytotoxicity,Others,Antibacterial,Spectrum,Bovine,Others
2016,Peptide,Nanorods,Coated,Positive charge,Unpegylated,Unknown,Cytotoxicity,Others,Release,Spectrum,Serum,Albumin
2016,Others,Others,Coated,Unknown,Unpegylated,Unknown,Unknown,Others,Targeting,Fluorescence,Serum,Lipoprotein
2016,Gold,Nanorods,Coated,Negative charge,Unpegylated,Endocytosis,Cytotoxicity,Cytokines,Biodistribution,Sdspage,Bovine,Albumin
2016,Carbon,Nanotubes,Coated,Positive charge,Unpegylated,Unknown,Cytotoxicity,Inflammation,Biodistribution,Spectrum,Medium,Others
2016,Peptide,Spherical,Unknown,Positive charge,Unpegylated,Unknown,Unknown,Others,Antibacterial,Spectrum,Others,Others
2016,Others,Others,Coated,Unknown,Unpegylated,Unknown,Cytotoxicity,Others,Biodistribution,Others,Serum,Others
2016,Silver,Spherical,Coated,Negative charge,Unpegylated,Unknown,Cytotoxicity,Macrophages,Antibacterial,Microscope,Medium,Albumin
2016,Silver,Nanotubes,Coated,Negative charge,Unpegylated,Endocytosis,Cytotoxicity,Inflammation,Biodistribution,Proteomics,Plasma,Others
2016,Gold,Spherical,Unknown,Unknown,Unpegylated,Unknown,Unknown,Others,Anticancer,Sdspage,Serum,Albumin
2016,Others,Spherical,Coated,Negative charge,Unpegylated,Endocytosis,Cytotoxicity,Inflammation,Targeting,Microscope,Serum,Transferrin
2016,Gold,Spherical,Unknown,Negative charge,Unpegylated,Unknown,Cytotoxicity,Cytokines,Anticancer,Spectrum,Others,Others
2016,Gold,Spherical,Unknown,Negative charge,Unpegylated,Unknown,Cytotoxicity,Cytokines,Anticancer,Spectrum,Others,Others
2016,Silver,Spherical,Coated,Unknown,Unpegylated,Unknown,Cytotoxicity,Inflammation,Release,Spectrum,Serum,Albumin
2016,Silver,Others,Coated,Unknown,Unpegylated,Unknown,Cytotoxicity,Inflammation,Release,Spectrum,Serum,Albumin
2016,Peptide,Others,Coated,Positive charge,Unpegylated,Unknown,Cytotoxicity,Inflammation,Biodistribution,Spectrum,Bovine,Others
2016,Others,Nanotubes,Coated,Negative charge,Unpegylated,Phagocytosis,Cytotoxicity,Others,Anticancer,Spectrum,Serum,Albumin
2016,Silicon,Spherical,Coated,Unknown,Unpegylated,Phagocytosis,Cytotoxicity,Macrophages,Biodistribution,Microscope,Serum,Fibrinogen
2016,Lipoplexes,Spherical,Coated,Positive charge,Unpegylated,Endocytosis,Cytotoxicity,Immune response,Release,Spectrum,Plasma,Others
2016,Silicon,Spherical,Coated,Unknown,Unpegylated,Unknown,Unknown,Others,Others,Sdspage,Plasma,Lipoprotein
2016,Lipoplexes,Spherical,Coated,Unknown,Unpegylated,Phagocytosis,Cytotoxicity,Complement,Release,Fluorescence,Serum,Albumin
2016,Polystyrene,Spherical,Coated,Positive charge,Unpegylated,Unknown,Cytotoxicity,Others,Release,Proteomics,Medium,Others
2016,Others,Spherical,Coated,Positive charge,Unpegylated,Unknown,Hemotoxicity,Immune response,Enzymes,Spectrum,Serum,Lipoprotein
2016,Agglomerates,Others,Coated,Negative charge,Unpegylated,Unknown,Cytotoxicity,Macrophages,Others,Microscope,Medium,Others
2016,Gold,Spherical,Coated,Positive charge,Unpegylated,Unknown,Cytotoxicity,Complement,Biodistribution,Spectrum,Serum,Others
2016,Gold,Spherical,Coated,Negative charge,Unpegylated,Unknown,Cytotoxicity,Immune response,Release,Microscope,Medium,Others
2016,Others,Spherical,Coated,Positive charge,Unpegylated,Unknown,Cytotoxicity,Inflammation,Biodistribution,Fluorescence,Serum,Albumin
2016,Gold,Nanorods,Coated,Negative charge,Unpegylated,Unknown,Cytotoxicity,Others,Biodistribution,Spectrum,Serum,Albumin
2016,Colloids,Amorphous,Coated,Negative charge,Unpegylated,Unknown,Cytotoxicity,Macrophages,Stability,Uvvis,Medium,Albumin
2016,Silicon,Amorphous,Coated,Negative charge,Unpegylated,Endocytosis,Cytotoxicity,Macrophages,Biodistribution,Microscope,Serum,Lipoprotein
2016,Others,Others,Coated,Positive charge,Unpegylated,Unknown,Cytotoxicity,Others,Anticancer,Microscope,Plasma,Others
2016,Micelles,Spherical,Coated,Negative charge,Unpegylated,Endocytosis,Cytotoxicity,Macrophages,Anticancer,Proteomics,Plasma,Fibrinogen
2016,Micelles,Spherical,Coated,Positive charge,Unpegylated,Unknown,Cytotoxicity,Inflammation,Release,Microscope,Medium,Others
2016,Others,Others,Unknown,Negative charge,Unpegylated,Unknown,Cytotoxicity,Others,Therapy,Others,Plasma,Others
2016,Lipoplexes,Spherical,Coated,Unknown,Unpegylated,Unknown,Cytotoxicity,Inflammation,Biodistribution,Microscope,Serum,Lipoprotein
2016,Others,Nanotubes,Coated,Positive charge,Unpegylated,Unknown,Unknown,Others,Biodistribution,Spectrum,Serum,Albumin
2016,Others,Spherical,Coated,Unknown,Unpegylated,Unknown,Cytotoxicity,Monocytes,Therapy,Microscope,Serum,Albumin
2016,Silicon,Others,Coated,Negative charge,Unpegylated,Unknown,Cytotoxicity,Others,Biodistribution,Microscope,Serum,Albumin
2016,Silicon,Spherical,Coated,Positive charge,Unpegylated,Unknown,Cytotoxicity,Others,Antibacterial,Microscope,Bovine,Albumin
2016,Silver,Nanotubes,Unknown,Positive charge,Unpegylated,Unknown,Cytotoxicity,Immune response,Antibacterial,Fluorescence,Medium,Albumin
2016,Carbon,Others,Unknown,Positive charge,Unpegylated,Unknown,Cytotoxicity,Dendritic cells,Enzymes,Spectrum,Serum,Others
2016,Micelles,Others,Coated,Negative charge,Unpegylated,Endocytosis,Cytotoxicity,Others,Targeting,Fluorescence,Medium,Others
2016,Micelles,Others,Coated,Negative charge,Unpegylated,Endocytosis,Cytotoxicity,Dendritic cells,Release,Fluorescence,Medium,Others
2016,Micelles,Spherical,Coated,Positive charge,Unpegylated,Unknown,Cytotoxicity,Inflammation,Biodistribution,Microscope,Bovine,Albumin
2016,Others,Spherical,Coated,Negative charge,Unpegylated,Endocytosis,Cytotoxicity,Macrophages,Stability,Spectrum,Plasma,Albumin
2016,Silver,Spherical,Coated,Unknown,Unpegylated,Endocytosis,Cytotoxicity,Macrophages,Release,Spectrum,Medium,Others
2016,Silicon,Others,Coated,Unknown,Unpegylated,Unknown,Cytotoxicity,Others,Stability,Fluorescence,Plasma,Transferrin
2016,Magnetic,Others,Unknown,Negative charge,Unpegylated,Unknown,Cytotoxicity,Others,Targeting,Microscope,Plasma,Others
2016,Micelles,Others,Unknown,Unknown,Unpegylated,Endocytosis,Unknown,Others,Release,Others,Bovine,Others
2016,Surfactants,Others,Coated,Positive charge,Unpegylated,Phagocytosis,Cytotoxicity,Inflammation,Biodistribution,Spectrum,Serum,Albumin
2016,Polystyrene,Others,Unknown,Neutral,Unpegylated,Unknown,Cytotoxicity,Others,Biodistribution,Fluorescence,Serum,Albumin
2016,Silicon,Amorphous,Unknown,Negative charge,Unpegylated,Unknown,Cytotoxicity,Others,Biodistribution,Spectrum,Others,Others
2016,Others,Amorphous,Coated,Positive charge,Unpegylated,Unknown,Cytotoxicity,Others,Enzymes,Spectrum,Serum,Albumin
2016,Silicon,Spherical,Coated,Negative charge,Unpegylated,Unknown,Unknown,Others,Biodistribution,Others,Others,Others
2016,Silver,Nanorods,Coated,Positive charge,Unpegylated,Endocytosis,Cytotoxicity,Others,Biodistribution,Spectrum,Medium,Others
2016,Magnetic,Spherical,Coated,Negative charge,Unpegylated,Unknown,Cytotoxicity,Others,Release,Fluorescence,Medium,Albumin
2016,Silver,Spherical,Coated,Positive charge,Unpegylated,Unknown,Cytotoxicity,Others,Antibacterial,Microscope,Serum,Albumin
2016,Others,Spherical,Coated,Unknown,Unpegylated,Unknown,Unknown,Others,Biodistribution,Spectrum,Plasma,Albumin
2016,Gold,Others,Unknown,Negative charge,Unpegylated,Unknown,Unknown,Others,Biodistribution,Proteomics,Bovine,Others
2017,Colloids,Others,Coated,Negative charge,Unpegylated,Unknown,Cytotoxicity,Macrophages,Stability,Microscope,Serum,Albumin
2017,Nanovesicles,Others,Coated,Positive charge,Unpegylated,Endocytosis,Cytotoxicity,Others,Biodistribution,Fluorescence,Medium,Others
2017,Others,Nanorods,Coated,Unknown,Unpegylated,Unknown,Cytotoxicity,Inflammation,Anticancer,Fluorescence,Serum,Albumin
2017,Oxidative,Spherical,Coated,Positive charge,Unpegylated,Unknown,Cytotoxicity,Others,Biodistribution,Spectrum,Serum,Albumin
2017,Silicon,Amorphous,Coated,Negative charge,Unpegylated,Unknown,Hemotoxicity,Inflammation,Biodistribution,Spectrum,Plasma,Albumin
2017,Oxidative,Nanotubes,Coated,Positive charge,Unpegylated,Unknown,Cytotoxicity,Macrophages,Enzymes,Fluorescence,Serum,Others
2017,Oxidative,Others,Coated,Unknown,Unpegylated,Endocytosis,Cytotoxicity,Others,Biodistribution,Spectrum,Plasma,Others
2017,Silicon,Amorphous,Unknown,Negative charge,Unpegylated,Unknown,Cytotoxicity,Others,Targeting,Proteomics,Serum,Albumin
2017,Agglomerates,Spherical,Coated,Negative charge,Unpegylated,Unknown,Cytotoxicity,Others,Biodistribution,Spectrum,Serum,Albumin
2017,Lipoplexes,Nanotubes,Coated,Negative charge,Unpegylated,Unknown,Cytotoxicity,Complement,Anticancer,Microscope,Serum,Albumin
2017,Colloids,Spherical,Coated,Negative charge,Unpegylated,Unknown,Cytotoxicity,Immune response,Stability,Sdspage,Plasma,Albumin
2017,Gold,Others,Coated,Negative charge,Unpegylated,Unknown,Cytotoxicity,Immune response,Anticancer,Icpms,Others,Transferrin
2017,Silver,Nanosheets,Coated,Positive charge,Unpegylated,Unknown,Cytotoxicity,Others,Stability,Spectrum,Serum,Albumin
2017,Micelles,Others,Coated,Positive charge,Unpegylated,Phagocytosis,Cytotoxicity,Inflammation,Biodistribution,Spectrum,Serum,Lipoprotein
2017,Magnetic,Others,Coated,Negative charge,Unpegylated,Unknown,Cytotoxicity,Others,Biodistribution,Sdspage,Serum,Albumin
2017,Oxidative,Others,Coated,Positive charge,Unpegylated,Unknown,Unknown,Complement,Biodistribution,Microscope,Serum,Albumin
2017,Micelles,Nanotubes,Coated,Positive charge,Unpegylated,Endocytosis,Cytotoxicity,Others,Anticancer,Microscope,Serum,Albumin
2017,Lipoplexes,Others,Coated,Negative charge,Unpegylated,Unknown,Unknown,Others,Anticancer,Sdspage,Serum,Albumin
2017,Silicon,Others,Coated,Unknown,Unpegylated,Unknown,Cytotoxicity,Complement,Biodistribution,Microscope,Others,Albumin
2017,Gold,Spherical,Coated,Positive charge,Unpegylated,Unknown,Hemotoxicity,Others,Stability,Spectrum,Medium,Albumin
2017,Colloids,Nanorods,Coated,Positive charge,Unpegylated,Phagocytosis,Cytotoxicity,Immune response,Targeting,Spectrum,Serum,Albumin
2017,Silicon,Amorphous,Coated,Positive charge,Unpegylated,Unknown,Cytotoxicity,Immune response,Enzymes,Spectrum,Plasma,Lipoprotein
2017,Micelles,Spherical,Coated,Positive charge,Unpegylated,Phagocytosis,Cytotoxicity,Complement,Release,Spectrum,Serum,Albumin
2017,Others,Others,Unknown,Positive charge,Unpegylated,Unknown,Cytotoxicity,Others,Biodistribution,Spectrum,Medium,Others
2017,Silicon,Others,Unknown,Positive charge,Unpegylated,Unknown,Cytotoxicity,Complement,Targeting,Fluorescence,Serum,Transferrin
2017,Silicon,Spherical,Coated,Negative charge,Unpegylated,Unknown,Unknown,Others,Antibacterial,Microscope,Medium,Others
2017,Silicon,Spherical,Unknown,Negative charge,Unpegylated,Endocytosis,Cytotoxicity,Others,Others,Fluorescence,Others,Others
2017,Others,Spherical,Coated,Positive charge,Unpegylated,Unknown,Unknown,Complement,Targeting,Microscope,Serum,Fibrinogen
2017,Gold,Amorphous,Coated,Negative charge,Unpegylated,Phagocytosis,Mitochondrial toxicity,Dendritic cells,Anticancer,Microscope,Medium,Albumin
2017,Others,Others,Coated,Unknown,Unpegylated,Unknown,Cytotoxicity,Others,Biodistribution,Sdspage,Serum,Albumin
2017,Polystyrene,Nanotubes,Coated,Unknown,Unpegylated,Unknown,Cytotoxicity,Others,Anticancer,Others,Plasma,Transferrin
2017,Silicon,Amorphous,Unknown,Negative charge,Unpegylated,Unknown,Cytotoxicity,Macrophages,Biodistribution,Fluorescence,Bovine,Others
2017,Colloids,Others,Uncoated,Neutral,Unpegylated,Unknown,Cytotoxicity,Macrophages,Biodistribution,Spectrum,Medium,Others
2017,Oxidative,Spherical,Coated,Negative charge,Unpegylated,Endocytosis,Cytotoxicity,Immune response,Targeting,Spectrum,Serum,Albumin
2017,Agglomerates,Spherical,Coated,Positive charge,Unpegylated,Phagocytosis,Cytotoxicity,Macrophages,Biodistribution,Microscope,Medium,Others
2017,Silicon,Others,Coated,Positive charge,Unpegylated,Unknown,Unknown,Others,Release,Fluorescence,Medium,Others
2017,Others,Others,Coated,Positive charge,Unpegylated,Unknown,Cytotoxicity,Immune response,Biodistribution,Fluorescence,Plasma,Lipoprotein
2017,Others,Nanotubes,Coated,Unknown,Unpegylated,Unknown,Cytotoxicity,Inflammation,Others,Proteomics,Medium,Others
2017,Agglomerates,Others,Coated,Negative charge,Unpegylated,Unknown,Cytotoxicity,Others,Biodistribution,Fluorescence,Medium,Albumin
2017,Micelles,Spherical,Coated,Neutral,Unpegylated,Endocytosis,Cytotoxicity,Cytokines,Anticancer,Fluorescence,Medium,Albumin
2017,Agglomerates,Others,Coated,Negative charge,Unpegylated,Unknown,Unknown,Others,Enzymes,Spectrum,Others,Others
2017,Surfactants,Nanotubes,Coated,Negative charge,Unpegylated,Phagocytosis,Cytotoxicity,Macrophages,Biodistribution,Spectrum,Plasma,Albumin
2017,Others,Amorphous,Coated,Negative charge,Unpegylated,Unknown,Cytotoxicity,Others,Stability,Spectrum,Serum,Others
2017,Others,Others,Coated,Negative charge,Unpegylated,Phagocytosis,Unknown,Others,Anticancer,Fluorescence,Serum,Others
2017,Magnetic,Others,Coated,Negative charge,Unpegylated,Unknown,Cytotoxicity,Others,Stability,Sdspage,Serum,Albumin
2017,Gold,Nanosheets,Coated,Negative charge,Unpegylated,Phagocytosis,Cytotoxicity,Immune response,Biodistribution,Microscope,Plasma,Others
2017,Quantum,Spherical,Coated,Negative charge,Unpegylated,Unknown,Hemotoxicity,Others,Anticancer,Spectrum,Plasma,Albumin
2017,Oxidative,Others,Coated,Positive charge,Unpegylated,Unknown,Cytotoxicity,Complement,Enzymes,Spectrum,Serum,Albumin
2017,Peptide,Others,Unknown,Negative charge,Unpegylated,Endocytosis,Cytotoxicity,Macrophages,Biodistribution,Microscope,Plasma,Albumin
2017,Silver,Others,Coated,Negative charge,Unpegylated,Phagocytosis,Cytotoxicity,Macrophages,Release,Proteomics,Medium,Albumin
2017,Silver,Nanorods,Coated,Positive charge,Unpegylated,Unknown,Cytotoxicity,Others,Anticancer,Spectrum,Serum,Albumin
2017,Silicon,Spherical,Coated,Unknown,Unpegylated,Unknown,Unknown,Others,Biodistribution,Others,Serum,Others
2017,Others,Nanostars,Coated,Negative charge,Unpegylated,Unknown,Cytotoxicity,Others,Biodistribution,Fluorescence,Serum,Albumin
2017,Others,Others,Coated,Unknown,Unpegylated,Phagocytosis,Cytotoxicity,Immune response,Antibacterial,Proteomics,Plasma,Albumin
2017,Peptide,Others,Coated,Positive charge,Unpegylated,Unknown,Cytotoxicity,Monocytes,Targeting,Proteomics,Medium,Others
2017,Others,Others,Coated,Negative charge,Unpegylated,Phagocytosis,Unknown,Dendritic cells,Biodistribution,Fluorescence,Serum,Albumin
2017,Silver,Spherical,Coated,Negative charge,Unpegylated,Phagocytosis,Cytotoxicity,Complement,Biodistribution,Proteomics,Plasma,Fibrinogen
2017,Colloids,Nanorods,Coated,Negative charge,Unpegylated,Unknown,Cytotoxicity,Others,Release,Fluorescence,Bovine,Albumin
2017,Magnetic,Others,Coated,Positive charge,Unpegylated,Unknown,Unknown,Others,Enzymes,Fluorescence,Others,Lipoprotein
2017,Others,Nanotubes,Coated,Positive charge,Unpegylated,Unknown,Cytotoxicity,Others,Stability,Spectrum,Plasma,Others
2017,Silver,Others,Coated,Negative charge,Unpegylated,Unknown,Cytotoxicity,Macrophages,Biodistribution,Spectrum,Serum,Albumin
2017,Peptide,Nanotubes,Coated,Negative charge,Unpegylated,Unknown,Cytotoxicity,Others,Stability,Sdspage,Medium,Others
2017,Colloids,Others,Coated,Negative charge,Unpegylated,Unknown,Unknown,Immune response,Enzymes,Spectrum,Bovine,Others
2017,Silver,Others,Unknown,Negative charge,Unpegylated,Unknown,Cytotoxicity,Others,Antibacterial,Fluorescence,Serum,Albumin
2017,Agglomerates,Others,Unknown,Negative charge,Unpegylated,Unknown,Cytotoxicity,Others,Anticancer,Sdspage,Bovine,Albumin
2017,Lipoplexes,Others,Coated,Positive charge,Unpegylated,Phagocytosis,Cytotoxicity,Complement,Biodistribution,Proteomics,Plasma,Albumin
2017,Agglomerates,Others,Coated,Positive charge,Unpegylated,Unknown,Unknown,Immune response,Stability,Fluorescence,Serum,Albumin
2017,Colloids,Others,Coated,Unknown,Unpegylated,Unknown,Unknown,Others,Biodistribution,Others,Medium,Others
2017,Others,Spherical,Coated,Negative charge,Unpegylated,Phagocytosis,Cytotoxicity,Macrophages,Biodistribution,Fluorescence,Serum,Albumin
2017,Oxidative,Nanotubes,Unknown,Negative charge,Unpegylated,Unknown,Cytotoxicity,Others,Enzymes,Fluorescence,Plasma,Others
2017,Silicon,Spherical,Coated,Unknown,Unpegylated,Unknown,Cytotoxicity,Complement,Therapy,Spectrum,Serum,Albumin
2017,Silicon,Others,Unknown,Unknown,Unpegylated,Unknown,Cytotoxicity,Others,Others,Microscope,Medium,Others
2017,Carbon,Nanotubes,Coated,Positive charge,Unpegylated,Unknown,Cytotoxicity,Immune response,Biodistribution,Spectrum,Plasma,Fibrinogen
2017,Silver,Others,Coated,Positive charge,Unpegylated,Unknown,Cytotoxicity,Immune response,Anticancer,Spectrum,Serum,Albumin
2017,Silver,Spherical,Coated,Negative charge,Unpegylated,Unknown,Cytotoxicity,Macrophages,Stability,Spectrum,Medium,Lipoprotein
2017,Carbon,Nanotubes,Coated,Neutral,Unpegylated,Phagocytosis,Cytotoxicity,Complement,Biodistribution,Spectrum,Serum,Lipoprotein
2017,Oxidative,Others,Coated,Positive charge,Unpegylated,Unknown,Cytotoxicity,Immune response,Anticancer,Fluorescence,Serum,Albumin
2017,Oxidative,Amorphous,Coated,Negative charge,Unpegylated,Endocytosis,Cytotoxicity,Macrophages,Release,Microscope,Medium,Albumin
2017,Polystyrene,Others,Coated,Unknown,Unpegylated,Unknown,Cytotoxicity,Macrophages,Biodistribution,Microscope,Serum,Transferrin
2017,Magnetic,Nanorods,Coated,Neutral,Unpegylated,Unknown,Unknown,Others,Anticancer,Spectrum,Serum,Albumin
2017,Others,Nanosheets,Unknown,Positive charge,Unpegylated,Unknown,Cytotoxicity,Others,Stability,Spectrum,Serum,Albumin
2017,Gold,Spherical,Coated,Negative charge,Unpegylated,Unknown,Cytotoxicity,Others,Biodistribution,Fluorescence,Serum,Albumin
2017,Gold,Nanotubes,Unknown,Negative charge,Unpegylated,Exocytosis,Cytotoxicity,Inflammation,Enzymes,Fluorescence,Serum,Transferrin
2017,Oxidative,Nanotubes,Coated,Negative charge,Unpegylated,Unknown,Cytotoxicity,Dendritic cells,Stability,Spectrum,Bovine,Others
2017,Others,Spherical,Coated,Negative charge,Unpegylated,Unknown,Cytotoxicity,Macrophages,Biodistribution,Spectrum,Serum,Albumin
2017,Polystyrene,Amorphous,Coated,Negative charge,Unpegylated,Unknown,Cytotoxicity,Others,Antibacterial,Spectrum,Medium,Albumin
2017,Unknown,Spherical,Unknown,Unknown,Unpegylated,Unknown,Unknown,Others,Release,Others,Others,Others
2017,Polystyrene,Others,Coated,Positive charge,Unpegylated,Unknown,Cytotoxicity,Others,Biodistribution,Fluorescence,Bovine,Albumin
2017,Unknown,Others,Unknown,Unknown,Unpegylated,Unknown,Unknown,Others,Biodistribution,Others,Others,Others
2017,Virus,Others,Coated,Negative charge,Unpegylated,Unknown,Cytotoxicity,Others,Biodistribution,Microscope,Medium,Others
2017,Others,Others,Coated,Negative charge,Unpegylated,Unknown,Cytotoxicity,Immune response,Anticancer,Proteomics,Serum,Lipoprotein
2017,Silver,Nanosheets,Coated,Positive charge,Unpegylated,Unknown,Cytotoxicity,Others,Antibacterial,Spectrum,Medium,Others
2017,Oxidative,Spherical,Coated,Positive charge,Unpegylated,Endocytosis,Cytotoxicity,Inflammation,Release,Sdspage,Serum,Albumin
2017,Agglomerates,Others,Coated,Positive charge,Unpegylated,Unknown,Unknown,Others,Others,Microscope,Serum,Albumin
2017,Silver,Spherical,Coated,Positive charge,Unpegylated,Unknown,Cytotoxicity,Others,Stability,Spectrum,Serum,Albumin
2017,Gold,Nanotubes,Coated,Positive charge,Unpegylated,Unknown,Cytotoxicity,Macrophages,Biodistribution,Spectrum,Serum,Transferrin
2017,Silver,Others,Unknown,Negative charge,Unpegylated,Unknown,Cytotoxicity,Others,Stability,Spectrum,Serum,Albumin
2017,Silicon,Amorphous,Unknown,Positive charge,Unpegylated,Endocytosis,Cytotoxicity,Cytokines,Targeting,Proteomics,Medium,Fibrinogen
2017,Peptide,Nanosheets,Coated,Positive charge,Unpegylated,Unknown,Cytotoxicity,Others,Stability,Fluorescence,Serum,Albumin
2017,Magnetic,Spherical,Coated,Neutral,Unpegylated,Unknown,Unknown,Others,Antibacterial,Spectrum,Medium,Others
2017,Others,Spherical,Coated,Unknown,Unpegylated,Phagocytosis,Cytotoxicity,Macrophages,Stability,Others,Medium,Transferrin
2017,Silver,Spherical,Unknown,Positive charge,Unpegylated,Unknown,Cytotoxicity,Others,Antibacterial,Spectrum,Serum,Albumin
2017,Oxidative,Others,Unknown,Unknown,Unpegylated,Unknown,Cytotoxicity,Others,Others,Others,Others,Others
2017,Others,Nanorods,Coated,Positive charge,Unpegylated,Endocytosis,Cytotoxicity,Others,Therapy,Fluorescence,Serum,Albumin
2017,Quantum,Spherical,Coated,Negative charge,Unpegylated,Unknown,Cytotoxicity,Others,Stability,Fluorescence,Serum,Transferrin
2017,Others,Others,Unknown,Negative charge,Unpegylated,Unknown,Cytotoxicity,Complement,Biodistribution,Fluorescence,Plasma,Fibrinogen
2017,Oxidative,Others,Coated,Positive charge,Unpegylated,Endocytosis,Cytotoxicity,Inflammation,Biodistribution,Fluorescence,Plasma,Albumin
2017,Micelles,Spherical,Coated,Positive charge,Unpegylated,Unknown,Unknown,Others,Biodistribution,Sdspage,Serum,Others
2017,Others,Nanorods,Unknown,Positive charge,Unpegylated,Endocytosis,Cytotoxicity,Macrophages,Anticancer,Microscope,Serum,Albumin
2017,Micelles,Spherical,Coated,Positive charge,Unpegylated,Exocytosis,Cytotoxicity,Macrophages,Release,Microscope,Medium,Albumin
2017,Carbon,Amorphous,Coated,Negative charge,Unpegylated,Unknown,Cytotoxicity,Macrophages,Enzymes,Spectrum,Bovine,Others
2017,Polystyrene,Spherical,Unknown,Negative charge,Unpegylated,Unknown,Cytotoxicity,Macrophages,Biodistribution,Spectrum,Bovine,Transferrin
2017,Gold,Others,Coated,Negative charge,Unpegylated,Unknown,Unknown,Others,Biodistribution,Fluorescence,Plasma,Albumin
2017,Virus,Others,Coated,Positive charge,Unpegylated,Unknown,Unknown,Immune response,Anticancer,Others,Serum,Others
2017,Carbon,Nanosheets,Coated,Negative charge,Unpegylated,Phagocytosis,Cytotoxicity,Macrophages,Anticancer,Fluorescence,Medium,Albumin
2018,Others,Nanorods,Coated,Negative charge,Unpegylated,Unknown,Cytotoxicity,Immune response,Biodistribution,Spectrum,Serum,Albumin
2018,Agglomerates,Others,Coated,Positive charge,Unpegylated,Unknown,Cytotoxicity,Macrophages,Stability,Microscope,Serum,Albumin
2018,Silicon,Amorphous,Unknown,Unknown,Unpegylated,Unknown,Cytotoxicity,Inflammation,Biodistribution,Wavelength,Others,Others
2018,Micelles,Nanosheets,Coated,Positive charge,Unpegylated,Unknown,Cytotoxicity,Others,Anticancer,Microscope,Medium,Albumin
2018,Silver,Others,Coated,Positive charge,Unpegylated,Unknown,Cytotoxicity,Inflammation,Biodistribution,Spectrum,Serum,Albumin
2018,Carbon,Nanosheets,Coated,Negative charge,Unpegylated,Unknown,Cytotoxicity,Macrophages,Biodistribution,Microscope,Serum,Others
2018,Oxidative,Others,Coated,Negative charge,Unpegylated,Unknown,Unknown,Inflammation,Biodistribution,Microscope,Plasma,Others
2018,Others,Nanosheets,Coated,Negative charge,Unpegylated,Unknown,Cytotoxicity,Macrophages,Release,Fluorescence,Serum,Albumin
2018,Polystyrene,Others,Coated,Negative charge,Unpegylated,Endocytosis,Cytotoxicity,Complement,Biodistribution,Fluorescence,Medium,Lipoprotein
2018,Magnetic,Spherical,Coated,Negative charge,Unpegylated,Unknown,Cytotoxicity,Macrophages,Biodistribution,Microscope,Serum,Lipoprotein
2018,Others,Nanotubes,Coated,Negative charge,Unpegylated,Phagocytosis,Cytotoxicity,Complement,Biodistribution,Spectrum,Serum,Others
2018,Gold,Others,Coated,Negative charge,Unpegylated,Unknown,Cytotoxicity,Others,Anticancer,Microscope,Serum,Fibrinogen
2018,Oxidative,Nanotubes,Coated,Negative charge,Unpegylated,Unknown,Cytotoxicity,Complement,Biodistribution,Fluorescence,Serum,Albumin
2018,Micelles,Others,Coated,Neutral,Unpegylated,Unknown,Unknown,Others,Others,Others,Plasma,Others
2018,Gold,Others,Unknown,Unknown,Unpegylated,Unknown,Unknown,Others,Stability,Spectrum,Others,Others
2018,Colloids,Spherical,Unknown,Positive charge,Unpegylated,Unknown,Cytotoxicity,Cytokines,Release,Fluorescence,Serum,Others
2018,Quantum,Others,Coated,Unknown,Unpegylated,Unknown,Unknown,Others,Enzymes,Spectrum,Bovine,Albumin
2018,Silver,Spherical,Unknown,Positive charge,Unpegylated,Phagocytosis,Cytotoxicity,Others,Anticancer,Spectrum,Serum,Transferrin
2018,Micelles,Spherical,Coated,Positive charge,Unpegylated,Phagocytosis,Cytotoxicity,Inflammation,Anticancer,Fluorescence,Plasma,Albumin
2018,Others,Spherical,Coated,Negative charge,Unpegylated,Phagocytosis,Cytotoxicity,Complement,Targeting,Microscope,Medium,Albumin
2018,Lipoplexes,Others,Coated,Negative charge,Unpegylated,Endocytosis,Cytotoxicity,Others,Biodistribution,Fluorescence,Plasma,Lipoprotein
2018,Quantum,Others,Coated,Positive charge,Unpegylated,Unknown,Cytotoxicity,Others,Stability,Spectrum,Others,Others
2018,Silver,Spherical,Coated,Positive charge,Unpegylated,Unknown,Cytotoxicity,Complement,Antibacterial,Spectrum,Medium,Others
2018,Others,Nanosheets,Coated,Positive charge,Unpegylated,Phagocytosis,Hemotoxicity,Macrophages,Biodistribution,Spectrum,Plasma,Albumin
2018,Oxidative,Spherical,Coated,Negative charge,Unpegylated,Phagocytosis,Cytotoxicity,Complement,Release,Sdspage,Plasma,Fibrinogen
2018,Silver,Nanosheets,Coated,Negative charge,Unpegylated,Unknown,Cytotoxicity,Others,Antibacterial,Spectrum,Medium,Others
2018,Silver,Spherical,Coated,Positive charge,Unpegylated,Unknown,Cytotoxicity,Cytokines,Release,Microscope,Serum,Albumin
2018,Silicon,Spherical,Coated,Negative charge,Unpegylated,Unknown,Cytotoxicity,Cytokines,Anticancer,Spectrum,Serum,Albumin
2018,Colloids,Others,Coated,Negative charge,Unpegylated,Endocytosis,Cytotoxicity,Monocytes,Anticancer,Spectrum,Medium,Others
2018,Silver,Spherical,Unknown,Positive charge,Unpegylated,Unknown,Cytotoxicity,Others,Others,Spectrum,Plasma,Albumin
2018,Colloids,Others,Unknown,Negative charge,Unpegylated,Unknown,Cytotoxicity,Macrophages,Release,Microscope,Medium,Others
2018,Agglomerates,Nanotubes,Coated,Negative charge,Unpegylated,Phagocytosis,Cytotoxicity,Macrophages,Anticancer,Fluorescence,Medium,Albumin
2018,Lipoplexes,Spherical,Coated,Negative charge,Unpegylated,Phagocytosis,Cytotoxicity,Complement,Biodistribution,Sdspage,Serum,Albumin
2018,Peptide,Spherical,Unknown,Positive charge,Unpegylated,Unknown,Cytotoxicity,Others,Anticancer,Fluorescence,Plasma,Others
2018,Gold,Spherical,Unknown,Negative charge,Unpegylated,Endocytosis,Cytotoxicity,Others,Anticancer,Microscope,Plasma,Albumin
2018,Agglomerates,Nanorods,Coated,Negative charge,Unpegylated,Phagocytosis,Cytotoxicity,Immune response,Anticancer,Spectrum,Plasma,Lipoprotein
2018,Micelles,Others,Coated,Negative charge,Unpegylated,Unknown,Unknown,Immune response,Biodistribution,Spectrum,Bovine,Albumin
2018,Peptide,Nanotubes,Coated,Positive charge,Unpegylated,Unknown,Cytotoxicity,Immune response,Biodistribution,Spectrum,Others,Others
2018,Others,Nanotubes,Coated,Positive charge,Unpegylated,Unknown,Cytotoxicity,Immune response,Stability,Fluorescence,Serum,Albumin
2018,Peptide,Nanotubes,Coated,Unknown,Unpegylated,Unknown,Cytotoxicity,Others,Enzymes,Fluorescence,Others,Others
2018,Agglomerates,Spherical,Coated,Negative charge,Unpegylated,Unknown,Cytotoxicity,Others,Biodistribution,Microscope,Plasma,Albumin
2018,Silver,Spherical,Unknown,Unknown,Unpegylated,Unknown,Cytotoxicity,Immune response,Others,Others,Medium,Others
2018,Magnetic,Spherical,Coated,Positive charge,Unpegylated,Unknown,Cytotoxicity,Immune response,Anticancer,Spectrum,Plasma,Albumin
2018,Others,Nanotubes,Coated,Positive charge,Unpegylated,Unknown,Cytotoxicity,Macrophages,Therapy,Fluorescence,Serum,Fibrinogen
2018,Agglomerates,Nanosheets,Coated,Positive charge,Unpegylated,Unknown,Cytotoxicity,Others,Stability,Spectrum,Bovine,Albumin
2018,Silicon,Amorphous,Coated,Positive charge,Unpegylated,Phagocytosis,Cytotoxicity,Macrophages,Biodistribution,Microscope,Medium,Others
2018,Others,Spherical,Coated,Positive charge,Unpegylated,Unknown,Unknown,Others,Anticancer,Spectrum,Serum,Albumin
2018,Silver,Spherical,Unknown,Unknown,Unpegylated,Unknown,Cytotoxicity,Others,Biodistribution,Fluorescence,Serum,Albumin
2018,Micelles,Others,Coated,Negative charge,Unpegylated,Phagocytosis,Cytotoxicity,Macrophages,Biodistribution,Microscope,Plasma,Lipoprotein
2018,Silver,Others,Coated,Negative charge,Unpegylated,Unknown,Cytotoxicity,Others,Antibacterial,Fluorescence,Serum,Albumin
2018,Oxidative,Others,Coated,Positive charge,Unpegylated,Unknown,Cytotoxicity,Cytokines,Anticancer,Microscope,Medium,Fibrinogen
2018,Silver,Others,Coated,Negative charge,Unpegylated,Unknown,Cytotoxicity,Inflammation,Biodistribution,Fluorescence,Bovine,Albumin
2018,Oxidative,Nanotubes,Coated,Neutral,Unpegylated,Unknown,Cytotoxicity,Macrophages,Biodistribution,Fluorescence,Serum,Albumin
2018,Others,Others,Coated,Positive charge,Unpegylated,Unknown,Unknown,Immune response,Biodistribution,Fluorescence,Serum,Others
2018,Others,Others,Unknown,Positive charge,Unpegylated,Endocytosis,Cytotoxicity,Others,Anticancer,Fluorescence,Serum,Albumin
2018,Carbon,Nanotubes,Coated,Neutral,Unpegylated,Unknown,Cytotoxicity,Monocytes,Release,Microscope,Serum,Albumin
2018,Carbon,Nanotubes,Unknown,Positive charge,Unpegylated,Unknown,Cytotoxicity,Inflammation,Stability,Fluorescence,Serum,Albumin
2018,Others,Others,Coated,Positive charge,Unpegylated,Endocytosis,Cytotoxicity,Others,Biodistribution,Fluorescence,Serum,Albumin
2018,Peptide,Others,Coated,Positive charge,Unpegylated,Unknown,Unknown,Inflammation,Biodistribution,Sdspage,Bovine,Others
2018,Others,Spherical,Coated,Positive charge,Unpegylated,Unknown,Cytotoxicity,Immune response,Therapy,Others,Plasma,Fibrinogen
2018,Magnetic,Others,Coated,Negative charge,Unpegylated,Endocytosis,Cytotoxicity,Immune response,Antibacterial,Microscope,Serum,Others
2018,Lipoplexes,Others,Unknown,Positive charge,Unpegylated,Unknown,Unknown,Inflammation,Biodistribution,Others,Plasma,Lipoprotein
2018,Agglomerates,Spherical,Coated,Negative charge,Unpegylated,Unknown,Cytotoxicity,Others,Biodistribution,Spectrum,Medium,Albumin
2018,Gold,Spherical,Uncoated,Positive charge,Unpegylated,Unknown,Cytotoxicity,Inflammation,Release,Microscope,Medium,Others
2018,Silver,Spherical,Coated,Positive charge,Unpegylated,Unknown,Cytotoxicity,Others,Therapy,Fluorescence,Medium,Others
2018,Micelles,Spherical,Coated,Negative charge,Unpegylated,Unknown,Cytotoxicity,Dendritic cells,Release,Spectrum,Medium,Albumin
2018,Micelles,Spherical,Unknown,Unknown,Unpegylated,Unknown,Cytotoxicity,Cytokines,Release,Proteomics,Serum,Lipoprotein
2018,Lipoplexes,Spherical,Coated,Negative charge,Unpegylated,Phagocytosis,Mitochondrial toxicity,Macrophages,Biodistribution,Microscope,Others,Others
2018,Silver,Others,Coated,Positive charge,Unpegylated,Endocytosis,Cytotoxicity,Immune response,Stability,Spectrum,Serum,Fibrinogen
2018,Carbon,Nanotubes,Coated,Positive charge,Unpegylated,Phagocytosis,Cytotoxicity,Macrophages,Release,Spectrum,Medium,Albumin
2018,Magnetic,Spherical,Coated,Negative charge,Unpegylated,Phagocytosis,Cytotoxicity,Complement,Therapy,Spectrum,Serum,Lipoprotein
2018,Carbon,Nanotubes,Unknown,Negative charge,Unpegylated,Endocytosis,Cytotoxicity,Complement,Therapy,Sdspage,Plasma,Lipoprotein
2018,Silicon,Spherical,Coated,Positive charge,Unpegylated,Phagocytosis,Cytotoxicity,Macrophages,Targeting,Fluorescence,Serum,Lipoprotein
2018,Others,Others,Unknown,Unknown,Unpegylated,Unknown,Cytotoxicity,Others,Anticancer,Proteomics,Plasma,Others
2018,Micelles,Spherical,Coated,Negative charge,Unpegylated,Unknown,Cytotoxicity,Immune response,Biodistribution,Sdspage,Plasma,Albumin
2018,Peptide,Spherical,Coated,Positive charge,Unpegylated,Unknown,Cytotoxicity,Immune response,Targeting,Proteomics,Serum,Albumin
2018,Oxidative,Spherical,Unknown,Positive charge,Unpegylated,Unknown,Cytotoxicity,Inflammation,Anticancer,Proteomics,Medium,Others
2018,Micelles,Nanorods,Coated,Negative charge,Unpegylated,Endocytosis,Cytotoxicity,Macrophages,Release,Fluorescence,Serum,Others
2018,Others,Nanotubes,Coated,Negative charge,Unpegylated,Endocytosis,Cytotoxicity,Inflammation,Antibacterial,Wavelength,Bovine,Others
2018,Agglomerates,Others,Coated,Negative charge,Unpegylated,Unknown,Cytotoxicity,Others,Stability,Spectrum,Serum,Albumin
2018,Oxidative,Others,Coated,Negative charge,Unpegylated,Endocytosis,Unknown,Inflammation,Anticancer,Spectrum,Plasma,Albumin
2018,Magnetic,Spherical,Coated,Negative charge,Unpegylated,Endocytosis,Cytotoxicity,Macrophages,Anticancer,Microscope,Medium,Others
2018,Silicon,Spherical,Coated,Positive charge,Unpegylated,Unknown,Cytotoxicity,Others,Antibacterial,Microscope,Medium,Others
2018,Quantum,Spherical,Coated,Positive charge,Unpegylated,Unknown,Cytotoxicity,Inflammation,Enzymes,Proteomics,Medium,Albumin
2018,Zwitterionic,Others,Coated,Positive charge,Unpegylated,Unknown,Cytotoxicity,Macrophages,Release,Fluorescence,Medium,Albumin
2018,Agglomerates,Others,Coated,Negative charge,Unpegylated,Endocytosis,Cytotoxicity,Macrophages,Biodistribution,Spectrum,Plasma,Albumin
2018,Micelles,Amorphous,Coated,Positive charge,Unpegylated,Unknown,Cytotoxicity,Dendritic cells,Biodistribution,Spectrum,Serum,Albumin
2018,Nanovesicles,Others,Coated,Positive charge,Unpegylated,Endocytosis,Cytotoxicity,Immune response,Biodistribution,Microscope,Plasma,Others
2018,Micelles,Others,Unknown,Unknown,Unpegylated,Unknown,Unknown,Others,Biodistribution,Others,Others,Others
2018,Gold,Others,Unknown,Positive charge,Unpegylated,Unknown,Unknown,Others,Biodistribution,Fluorescence,Serum,Albumin
2018,Others,Spherical,Coated,Negative charge,Unpegylated,Unknown,Cytotoxicity,Complement,Targeting,Microscope,Serum,Others
2018,Micelles,Spherical,Coated,Negative charge,Unpegylated,Unknown,Unknown,Others,Others,Others,Plasma,Fibrinogen
2018,Agglomerates,Nanotubes,Coated,Negative charge,Unpegylated,Unknown,Cytotoxicity,Others,Biodistribution,Fluorescence,Serum,Albumin
2018,Lipoplexes,Nanosheets,Coated,Positive charge,Unpegylated,Endocytosis,Hemotoxicity,Inflammation,Stability,Spectrum,Serum,Albumin
2018,Peptide,Amorphous,Coated,Negative charge,Unpegylated,Unknown,Cytotoxicity,Inflammation,Biodistribution,Proteomics,Serum,Others
2018,Agglomerates,Nanosheets,Coated,Positive charge,Unpegylated,Unknown,Cytotoxicity,Macrophages,Stability,Spectrum,Serum,Albumin
2018,Oxidative,Others,Coated,Positive charge,Unpegylated,Phagocytosis,Cytotoxicity,Cytokines,Therapy,Microscope,Medium,Others
2018,Others,Others,Coated,Negative charge,Unpegylated,Unknown,Unknown,Others,Biodistribution,Spectrum,Serum,Albumin
2018,Others,Spherical,Coated,Negative charge,Unpegylated,Unknown,Cytotoxicity,Immune response,Anticancer,Others,Plasma,Fibrinogen
2018,Others,Nanorods,Coated,Negative charge,Unpegylated,Unknown,Unknown,Others,Stability,Others,Serum,Albumin
2018,Agglomerates,Others,Coated,Negative charge,Unpegylated,Phagocytosis,Cytotoxicity,Macrophages,Stability,Spectrum,Medium,Albumin
2018,Silicon,Nanosheets,Coated,Positive charge,Unpegylated,Unknown,Cytotoxicity,Others,Stability,Spectrum,Serum,Albumin
2018,Carbon,Nanosheets,Coated,Positive charge,Unpegylated,Unknown,Cytotoxicity,Inflammation,Biodistribution,Microscope,Plasma,Albumin
2018,Silver,Spherical,Coated,Positive charge,Unpegylated,Unknown,Hemotoxicity,Others,Biodistribution,Spectrum,Serum,Albumin
2018,Others,Others,Coated,Positive charge,Unpegylated,Unknown,Cytotoxicity,Others,Anticancer,Fluorescence,Bovine,Others
2018,Gold,Others,Coated,Positive charge,Unpegylated,Endocytosis,Cytotoxicity,Others,Biodistribution,Spectrum,Serum,Albumin
2018,Gold,Spherical,Coated,Positive charge,Unpegylated,Unknown,Unknown,Others,Stability,Spectrum,Bovine,Albumin
2018,Others,Others,Coated,Negative charge,Unpegylated,Unknown,Cytotoxicity,Immune response,Antibacterial,Microscope,Serum,Albumin
2018,Others,Others,Coated,Negative charge,Unpegylated,Unknown,Cytotoxicity,Others,Enzymes,Spectrum,Serum,Albumin
2018,Others,Others,Coated,Positive charge,Unpegylated,Unknown,Unknown,Dendritic cells,Release,Fluorescence,Serum,Others
2018,Others,Others,Coated,Negative charge,Unpegylated,Unknown,Cytotoxicity,Macrophages,Anticancer,Sdspage,Medium,Others
2018,Lipoplexes,Spherical,Coated,Unknown,Unpegylated,Unknown,Cytotoxicity,Others,Biodistribution,Fluorescence,Others,Others
2018,Micelles,Others,Coated,Positive charge,Unpegylated,Unknown,Unknown,Others,Release,Spectrum,Plasma,Albumin
2018,Others,Others,Coated,Positive charge,Unpegylated,Unknown,Cytotoxicity,Others,Biodistribution,Spectrum,Serum,Albumin
2018,Silicon,Nanorods,Coated,Negative charge,Unpegylated,Unknown,Cytotoxicity,Complement,Biodistribution,Proteomics,Serum,Albumin
2018,Oxidative,Amorphous,Coated,Positive charge,Unpegylated,Phagocytosis,Cytotoxicity,Macrophages,Anticancer,Microscope,Medium,Others
2018,Agglomerates,Spherical,Coated,Positive charge,Unpegylated,Unknown,Cytotoxicity,Others,Antibacterial,Proteomics,Medium,Albumin
2018,Oxidative,Others,Unknown,Negative charge,Unpegylated,Endocytosis,Cytotoxicity,Macrophages,Biodistribution,Microscope,Medium,Albumin
2018,Peptide,Others,Coated,Positive charge,Unpegylated,Unknown,Cytotoxicity,Complement,Targeting,Proteomics,Plasma,Albumin
2018,Micelles,Others,Coated,Positive charge,Unpegylated,Endocytosis,Cytotoxicity,Others,Release,Fluorescence,Serum,Albumin
2019,Peptide,Others,Unknown,Positive charge,Unpegylated,Unknown,Unknown,Immune response,Stability,Spectrum,Serum,Others
2019,Oxidative,Nanotubes,Coated,Negative charge,Unpegylated,Unknown,Cytotoxicity,Inflammation,Biodistribution,Microscope,Serum,Albumin
2019,Others,Spherical,Coated,Positive charge,Unpegylated,Phagocytosis,Cytotoxicity,Macrophages,Anticancer,Fluorescence,Serum,Albumin
2019,Silicon,Amorphous,Coated,Negative charge,Unpegylated,Unknown,Cytotoxicity,Immune response,Stability,Microscope,Serum,Albumin
2019,Others,Nanosheets,Coated,Positive charge,Unpegylated,Unknown,Cytotoxicity,Others,Anticancer,Fluorescence,Serum,Albumin
2019,Others,Nanorods,Coated,Negative charge,Unpegylated,Unknown,Cytotoxicity,Inflammation,Biodistribution,Spectrum,Plasma,Albumin
2019,Silicon,Amorphous,Coated,Negative charge,Unpegylated,Unknown,Cytotoxicity,Complement,Release,Microscope,Medium,Albumin
2019,Lipoplexes,Others,Unknown,Unknown,Unpegylated,Unknown,Cytotoxicity,Complement,Biodistribution,Fluorescence,Plasma,Lipoprotein
2019,Others,Urchin,Coated,Negative charge,Unpegylated,Phagocytosis,Cytotoxicity,Immune response,Stability,Sdspage,Medium,Albumin
2019,Carbon,Others,Coated,Negative charge,Unpegylated,Endocytosis,Cytotoxicity,Others,Biodistribution,Fluorescence,Serum,Others
2019,Surfactants,Nanorods,Coated,Positive charge,Unpegylated,Unknown,Cytotoxicity,Macrophages,Stability,Spectrum,Medium,Albumin
2019,Silver,Spherical,Coated,Negative charge,Unpegylated,Endocytosis,Cytotoxicity,Inflammation,Biodistribution,Microscope,Plasma,Albumin
2019,Others,Others,Coated,Negative charge,Unpegylated,Unknown,Unknown,Immune response,Biodistribution,Fluorescence,Serum,Albumin
2019,Lipoplexes,Nanorods,Unknown,Positive charge,Unpegylated,Endocytosis,Cytotoxicity,Others,Targeting,Microscope,Plasma,Others
2019,Gold,Nanorods,Coated,Positive charge,Unpegylated,Unknown,Cytotoxicity,Macrophages,Stability,Spectrum,Medium,Others
2019,Agglomerates,Others,Coated,Positive charge,Unpegylated,Unknown,Cytotoxicity,Inflammation,Enzymes,Spectrum,Bovine,Others
2019,Silicon,Others,Coated,Positive charge,Unpegylated,Unknown,Cytotoxicity,Immune response,Antibacterial,Spectrum,Medium,Albumin
2019,Lipoplexes,Others,Coated,Positive charge,Unpegylated,Unknown,Unknown,Complement,Anticancer,Proteomics,Plasma,Others
2019,Micelles,Nanotubes,Coated,Negative charge,Unpegylated,Exocytosis,Cytotoxicity,Macrophages,Biodistribution,Fluorescence,Medium,Albumin
2019,Others,Others,Coated,Positive charge,Unpegylated,Unknown,Cytotoxicity,Others,Release,Sdspage,Plasma,Albumin
2019,Gold,Nanorods,Coated,Negative charge,Unpegylated,Unknown,Cytotoxicity,Others,Release,Spectrum,Plasma,Transferrin
2019,Micelles,Others,Coated,Positive charge,Unpegylated,Phagocytosis,Cytotoxicity,Macrophages,Anticancer,Fluorescence,Plasma,Albumin
2019,Others,Spherical,Coated,Negative charge,Unpegylated,Unknown,Cytotoxicity,Others,Biodistribution,Spectrum,Serum,Albumin
2019,Micelles,Spherical,Coated,Negative charge,Unpegylated,Unknown,Cytotoxicity,Macrophages,Biodistribution,Others,Medium,Albumin
2019,Silver,Nanotubes,Coated,Positive charge,Unpegylated,Unknown,Cytotoxicity,Inflammation,Anticancer,Spectrum,Serum,Albumin
2019,Silver,Others,Coated,Negative charge,Unpegylated,Phagocytosis,Cytotoxicity,Immune response,Anticancer,Proteomics,Serum,Albumin
2019,Others,Nanosheets,Coated,Negative charge,Unpegylated,Unknown,Cytotoxicity,Inflammation,Therapy,Fluorescence,Plasma,Fibrinogen
2019,Peptide,Nanosheets,Coated,Positive charge,Unpegylated,Unknown,Cytotoxicity,Immune response,Stability,Fluorescence,Serum,Transferrin
2019,Peptide,Others,Coated,Negative charge,Unpegylated,Unknown,Cytotoxicity,Immune response,Biodistribution,Proteomics,Serum,Fibrinogen
2019,Micelles,Spherical,Coated,Positive charge,Unpegylated,Phagocytosis,Cytotoxicity,Macrophages,Biodistribution,Proteomics,Serum,Albumin
2019,Agglomerates,Others,Unknown,Unknown,Unpegylated,Unknown,Unknown,Macrophages,Anticancer,Fluorescence,Medium,Albumin
2019,Carbon,Nanotubes,Coated,Negative charge,Unpegylated,Unknown,Cytotoxicity,Inflammation,Release,Fluorescence,Serum,Albumin
2019,Oxidative,Spherical,Coated,Positive charge,Unpegylated,Unknown,Cytotoxicity,Macrophages,Anticancer,Spectrum,Serum,Albumin
2019,Gold,Spherical,Unknown,Unknown,Unpegylated,Unknown,Cytotoxicity,Others,Biodistribution,Microscope,Plasma,Others
2019,Colloids,Nanorods,Coated,Positive charge,Unpegylated,Unknown,Cytotoxicity,Complement,Stability,Spectrum,Serum,Albumin
2019,Lipoplexes,Others,Coated,Positive charge,Unpegylated,Phagocytosis,Hemotoxicity,Complement,Stability,Fluorescence,Serum,Fibrinogen
2019,Silver,Nanosheets,Coated,Positive charge,Unpegylated,Unknown,Cytotoxicity,Complement,Biodistribution,Proteomics,Plasma,Albumin
2019,Polystyrene,Nanotubes,Coated,Negative charge,Unpegylated,Endocytosis,Cytotoxicity,Immune response,Targeting,Spectrum,Medium,Others
2019,Surfactants,Others,Unknown,Positive charge,Unpegylated,Unknown,Cytotoxicity,Others,Enzymes,Proteomics,Medium,Others
2019,Colloids,Others,Unknown,Unknown,Unpegylated,Unknown,Unknown,Others,Others,Others,Others,Others
2019,Magnetic,Others,Coated,Negative charge,Unpegylated,Phagocytosis,Cytotoxicity,Cytokines,Biodistribution,Spectrum,Plasma,Fibrinogen
2019,Carbon,Others,Unknown,Negative charge,Unpegylated,Unknown,Cytotoxicity,Others,Biodistribution,Fluorescence,Serum,Albumin
2019,Lipoplexes,Others,Coated,Negative charge,Unpegylated,Unknown,Cytotoxicity,Inflammation,Anticancer,Fluorescence,Medium,Albumin
2019,Peptide,Nanorods,Coated,Negative charge,Unpegylated,Unknown,Cytotoxicity,Inflammation,Enzymes,Fluorescence,Plasma,Albumin
2019,Gold,Nanosheets,Coated,Negative charge,Unpegylated,Unknown,Cytotoxicity,Others,Anticancer,Spectrum,Plasma,Albumin
2019,Magnetic,Spherical,Unknown,Positive charge,Unpegylated,Phagocytosis,Cytotoxicity,Inflammation,Anticancer,Fluorescence,Bovine,Transferrin
2019,Magnetic,Others,Coated,Negative charge,Unpegylated,Endocytosis,Cytotoxicity,Immune response,Anticancer,Spectrum,Bovine,Others
2019,Silver,Others,Coated,Positive charge,Unpegylated,Endocytosis,Cytotoxicity,Others,Enzymes,Spectrum,Medium,Fibrinogen
2019,Magnetic,Others,Coated,Negative charge,Unpegylated,Phagocytosis,Cytotoxicity,Complement,Biodistribution,Fluorescence,Medium,Others
2019,Colloids,Spherical,Unknown,Negative charge,Unpegylated,Unknown,Cytotoxicity,Others,Release,Fluorescence,Medium,Albumin
2019,Magnetic,Nanotubes,Coated,Neutral,Unpegylated,Unknown,Unknown,Others,Stability,Microscope,Serum,Albumin
2019,Nanoplastics,Spherical,Coated,Negative charge,Unpegylated,Unknown,Cytotoxicity,Inflammation,Biodistribution,Spectrum,Serum,Albumin
2019,Micelles,Others,Coated,Negative charge,Unpegylated,Unknown,Unknown,Others,Stability,Fluorescence,Medium,Others
2019,Lipoplexes,Spherical,Unknown,Positive charge,Unpegylated,Phagocytosis,Cytotoxicity,Macrophages,Biodistribution,Fluorescence,Serum,Albumin
2019,Oxidative,Nanosheets,Coated,Negative charge,Unpegylated,Phagocytosis,Cytotoxicity,Immune response,Stability,Spectrum,Bovine,Albumin
2019,Gold,Nanotubes,Coated,Negative charge,Unpegylated,Unknown,Cytotoxicity,Macrophages,Anticancer,Spectrum,Serum,Lipoprotein
2019,Agglomerates,Others,Coated,Negative charge,Unpegylated,Phagocytosis,Cytotoxicity,Monocytes,Biodistribution,Spectrum,Plasma,Albumin
2019,Others,Others,Coated,Unknown,Unpegylated,Endocytosis,Unknown,Inflammation,Anticancer,Icpms,Serum,Others
2019,Oxidative,Others,Unknown,Positive charge,Unpegylated,Unknown,Cytotoxicity,Others,Enzymes,Spectrum,Plasma,Albumin
2019,Micelles,Spherical,Coated,Negative charge,Unpegylated,Unknown,Cytotoxicity,Inflammation,Targeting,Fluorescence,Serum,Albumin
2019,Quantum,Nanosheets,Coated,Positive charge,Unpegylated,Endocytosis,Cytotoxicity,Immune response,Biodistribution,Fluorescence,Serum,Albumin
2019,Magnetic,Others,Unknown,Positive charge,Unpegylated,Endocytosis,Cytotoxicity,Others,Biodistribution,Icpms,Serum,Others
2019,Virus,Nanorods,Coated,Positive charge,Unpegylated,Unknown,Unknown,Others,Targeting,Spectrum,Plasma,Albumin
2019,Silicon,Amorphous,Coated,Positive charge,Unpegylated,Unknown,Cytotoxicity,Inflammation,Release,Fluorescence,Serum,Albumin
2019,Others,Spherical,Coated,Negative charge,Unpegylated,Endocytosis,Cytotoxicity,Others,Biodistribution,Fluorescence,Medium,Others
2019,Carbon,Amorphous,Unknown,Positive charge,Unpegylated,Unknown,Cytotoxicity,Others,Release,Spectrum,Medium,Albumin
2019,Carbon,Nanotubes,Coated,Positive charge,Unpegylated,Unknown,Cytotoxicity,Others,Anticancer,Spectrum,Plasma,Albumin
2019,Others,Nanotubes,Coated,Negative charge,Unpegylated,Endocytosis,Cytotoxicity,Others,Targeting,Microscope,Plasma,Transferrin
2019,Agglomerates,Nanosheets,Coated,Positive charge,Unpegylated,Unknown,Cytotoxicity,Others,Stability,Spectrum,Serum,Albumin
2019,Micelles,Others,Unknown,Positive charge,Unpegylated,Unknown,Cytotoxicity,Others,Anticancer,Microscope,Plasma,Others
2019,Silver,Others,Coated,Unknown,Unpegylated,Unknown,Cytotoxicity,Immune response,Biodistribution,Spectrum,Serum,Others
2019,Micelles,Spherical,Coated,Negative charge,Unpegylated,Unknown,Unknown,Others,Enzymes,Fluorescence,Others,Others
2019,Others,Nanosheets,Coated,Positive charge,Unpegylated,Unknown,Cytotoxicity,Macrophages,Anticancer,Fluorescence,Serum,Albumin
2019,Magnetic,Others,Coated,Positive charge,Unpegylated,Unknown,Cytotoxicity,Others,Enzymes,Spectrum,Medium,Others
2019,Carbon,Nanotubes,Coated,Negative charge,Unpegylated,Unknown,Unknown,Others,Biodistribution,Spectrum,Medium,Albumin
2019,Surfactants,Amorphous,Coated,Negative charge,Unpegylated,Phagocytosis,Cytotoxicity,Macrophages,Release,Spectrum,Others,Others
2019,Silicon,Amorphous,Coated,Negative charge,Unpegylated,Unknown,Cytotoxicity,Others,Others,Spectrum,Others,Others
2019,Magnetic,Others,Coated,Negative charge,Unpegylated,Unknown,Unknown,Immune response,Biodistribution,Spectrum,Serum,Transferrin
2019,Agglomerates,Spherical,Coated,Negative charge,Unpegylated,Unknown,Cytotoxicity,Others,Biodistribution,Microscope,Others,Others
2019,Magnetic,Others,Coated,Negative charge,Unpegylated,Unknown,Cytotoxicity,Cytokines,Stability,Spectrum,Serum,Albumin
2019,Gold,Spherical,Coated,Negative charge,Unpegylated,Unknown,Cytotoxicity,Others,Anticancer,Uvvis,Bovine,Albumin
2019,Silicon,Others,Coated,Positive charge,Unpegylated,Unknown,Cytotoxicity,Immune response,Biodistribution,Microscope,Serum,Albumin
2019,Silver,Others,Coated,Positive charge,Unpegylated,Unknown,Cytotoxicity,Others,Biodistribution,Uvvis,Medium,Albumin
2019,Agglomerates,Nanorods,Coated,Positive charge,Unpegylated,Unknown,Cytotoxicity,Others,Release,Spectrum,Plasma,Albumin
2019,Others,Spherical,Coated,Positive charge,Unpegylated,Unknown,Unknown,Others,Biodistribution,Spectrum,Plasma,Albumin
2019,Magnetic,Others,Coated,Negative charge,Unpegylated,Unknown,Cytotoxicity,Others,Biodistribution,Spectrum,Serum,Albumin
2019,Agglomerates,Others,Unknown,Negative charge,Unpegylated,Unknown,Cytotoxicity,Others,Stability,Spectrum,Medium,Others
2019,Others,Others,Coated,Negative charge,Unpegylated,Unknown,Unknown,Others,Stability,Spectrum,Medium,Albumin
2019,Silver,Spherical,Coated,Negative charge,Unpegylated,Endocytosis,Cytotoxicity,Immune response,Antibacterial,Spectrum,Serum,Albumin
2019,Magnetic,Spherical,Coated,Positive charge,Unpegylated,Endocytosis,Cytotoxicity,Others,Release,Wavelength,Plasma,Others
2019,Carbon,Nanotubes,Unknown,Unknown,Unpegylated,Unknown,Unknown,Others,Stability,Spectrum,Others,Others
2019,Lipoplexes,Others,Coated,Negative charge,Unpegylated,Unknown,Unknown,Others,Biodistribution,Fluorescence,Bovine,Others
2019,Micelles,Spherical,Coated,Negative charge,Unpegylated,Endocytosis,Cytotoxicity,Others,Antibacterial,Spectrum,Bovine,Others
2019,Others,Spherical,Coated,Positive charge,Unpegylated,Unknown,Cytotoxicity,Others,Anticancer,Proteomics,Plasma,Albumin
2019,Lipoplexes,Spherical,Unknown,Unknown,Unpegylated,Unknown,Unknown,Others,Anticancer,Proteomics,Serum,Others
2019,Silver,Spherical,Coated,Positive charge,Unpegylated,Unknown,Cytotoxicity,Others,Release,Spectrum,Plasma,Albumin
2019,Peptide,Spherical,Coated,Positive charge,Unpegylated,Phagocytosis,Cytotoxicity,Immune response,Biodistribution,Proteomics,Serum,Lipoprotein
2019,Silver,Others,Coated,Positive charge,Unpegylated,Unknown,Cytotoxicity,Others,Antibacterial,Spectrum,Serum,Others
2019,Others,Others,Coated,Negative charge,Unpegylated,Phagocytosis,Cytotoxicity,Macrophages,Enzymes,Sdspage,Medium,Albumin
2019,Micelles,Others,Coated,Negative charge,Unpegylated,Endocytosis,Cytotoxicity,Macrophages,Targeting,Microscope,Serum,Albumin
2019,Unknown,Spherical,Unknown,Unknown,Unpegylated,Unknown,Unknown,Others,Others,Others,Serum,Albumin
2019,Others,Spherical,Coated,Negative charge,Unpegylated,Unknown,Cytotoxicity,Others,Biodistribution,Spectrum,Medium,Transferrin
2019,Carbon,Nanosheets,Coated,Negative charge,Unpegylated,Unknown,Cytotoxicity,Complement,Biodistribution,Spectrum,Serum,Albumin
2019,Oxidative,Amorphous,Unknown,Negative charge,Unpegylated,Unknown,Cytotoxicity,Inflammation,Anticancer,Fluorescence,Medium,Albumin
2019,Oxidative,Others,Unknown,Negative charge,Unpegylated,Unknown,Cytotoxicity,Others,Antibacterial,Spectrum,Serum,Albumin
2019,Carbon,Nanosheets,Coated,Negative charge,Unpegylated,Phagocytosis,Cytotoxicity,Macrophages,Stability,Microscope,Serum,Albumin
2019,Others,Nanotubes,Coated,Negative charge,Unpegylated,Phagocytosis,Cytotoxicity,Complement,Anticancer,Proteomics,Plasma,Lipoprotein
2019,Others,Amorphous,Coated,Negative charge,Unpegylated,Phagocytosis,Mitochondrial toxicity,Inflammation,Release,Spectrum,Serum,Albumin
2019,Gold,Spherical,Coated,Unknown,Unpegylated,Unknown,Cytotoxicity,Macrophages,Anticancer,Microscope,Serum,Albumin
2019,Nanovesicles,Others,Unknown,Negative charge,Unpegylated,Unknown,Cytotoxicity,Others,Antibacterial,Fluorescence,Others,Others
2019,Gold,Others,Coated,Negative charge,Unpegylated,Unknown,Cytotoxicity,Immune response,Biodistribution,Spectrum,Plasma,Fibrinogen
2019,Silver,Others,Unknown,Negative charge,Unpegylated,Unknown,Cytotoxicity,Others,Enzymes,Spectrum,Others,Others
2019,Magnetic,Nanosheets,Coated,Positive charge,Unpegylated,Unknown,Cytotoxicity,Others,Biodistribution,Spectrum,Others,Others
2019,Silver,Spherical,Unknown,Negative charge,Unpegylated,Unknown,Cytotoxicity,Others,Antibacterial,Spectrum,Others,Others
2019,Silver,Others,Coated,Negative charge,Unpegylated,Unknown,Cytotoxicity,Macrophages,Antibacterial,Fluorescence,Plasma,Others
2019,Colloids,Nanotubes,Coated,Negative charge,Unpegylated,Unknown,Cytotoxicity,Others,Antibacterial,Fluorescence,Plasma,Others
2019,Gold,Others,Coated,Positive charge,Unpegylated,Unknown,Cytotoxicity,Inflammation,Stability,Microscope,Medium,Others
2019,Agglomerates,Spherical,Coated,Negative charge,Unpegylated,Unknown,Cytotoxicity,Others,Release,Fluorescence,Medium,Albumin
2019,Others,Spherical,Coated,Negative charge,Unpegylated,Unknown,Cytotoxicity,Others,Antibacterial,Fluorescence,Serum,Albumin
2019,Others,Spherical,Coated,Positive charge,Unpegylated,Unknown,Cytotoxicity,Macrophages,Anticancer,Microscope,Serum,Albumin
2019,Agglomerates,Nanorods,Unknown,Positive charge,Unpegylated,Unknown,Cytotoxicity,Others,Biodistribution,Spectrum,Serum,Albumin
2019,Gold,Nanotubes,Coated,Negative charge,Unpegylated,Unknown,Cytotoxicity,Others,Release,Spectrum,Others,Others
2019,Oxidative,Others,Coated,Positive charge,Unpegylated,Unknown,Cytotoxicity,Inflammation,Anticancer,Fluorescence,Medium,Others
2019,Silicon,Others,Unknown,Negative charge,Unpegylated,Unknown,Unknown,Complement,Anticancer,Proteomics,Serum,Lipoprotein
2019,Lipoplexes,Spherical,Unknown,Unknown,Unpegylated,Unknown,Unknown,Others,Release,Proteomics,Serum,Others
2019,Oxidative,Others,Coated,Negative charge,Unpegylated,Unknown,Cytotoxicity,Others,Release,Fluorescence,Medium,Lipoprotein
2019,Quantum,Others,Unknown,Unknown,Unpegylated,Unknown,Cytotoxicity,Others,Others,Wavelength,Others,Fibrinogen
2019,Agglomerates,Others,Coated,Negative charge,Unpegylated,Unknown,Cytotoxicity,Immune response,Stability,Fluorescence,Serum,Albumin
2019,Gold,Others,Unknown,Negative charge,Unpegylated,Unknown,Cytotoxicity,Immune response,Anticancer,Fluorescence,Bovine,Others
2019,Polystyrene,Nanorods,Coated,Positive charge,Unpegylated,Unknown,Unknown,Others,Enzymes,Fluorescence,Serum,Albumin
2019,Others,Nanorods,Coated,Positive charge,Unpegylated,Unknown,Cytotoxicity,Others,Biodistribution,Fluorescence,Serum,Others
2019,Agglomerates,Others,Coated,Neutral,Unpegylated,Unknown,Unknown,Others,Stability,Microscope,Serum,Others
2019,Quantum,Nanotubes,Coated,Unknown,Unpegylated,Endocytosis,Cytotoxicity,Others,Biodistribution,Fluorescence,Medium,Others
2019,Others,Spherical,Coated,Negative charge,Unpegylated,Endocytosis,Cytotoxicity,Others,Anticancer,Spectrum,Medium,Others
2019,Lipoplexes,Nanotubes,Coated,Negative charge,Unpegylated,Unknown,Cytotoxicity,Macrophages,Biodistribution,Microscope,Bovine,Albumin
2019,Gold,Spherical,Coated,Positive charge,Unpegylated,Unknown,Cytotoxicity,Immune response,Release,Spectrum,Serum,Albumin
2019,Magnetic,Spherical,Coated,Negative charge,Unpegylated,Unknown,Cytotoxicity,Complement,Stability,Microscope,Bovine,Albumin
2019,Silver,Others,Coated,Negative charge,Unpegylated,Endocytosis,Cytotoxicity,Inflammation,Antibacterial,Microscope,Medium,Others
2019,Micelles,Others,Coated,Positive charge,Unpegylated,Unknown,Cytotoxicity,Others,Release,Sdspage,Others,Others
2019,Micelles,Nanotubes,Coated,Positive charge,Unpegylated,Phagocytosis,Cytotoxicity,Immune response,Anticancer,Fluorescence,Serum,Transferrin
2019,Gold,Others,Coated,Positive charge,Unpegylated,Unknown,Cytotoxicity,Others,Biodistribution,Fluorescence,Serum,Albumin
2019,Silicon,Others,Unknown,Unknown,Unpegylated,Unknown,Unknown,Others,Biodistribution,Others,Others,Others
2019,Agglomerates,Spherical,Unknown,Unknown,Unpegylated,Unknown,Unknown,Others,Others,Others,Medium,Others
2019,Virus,Others,Coated,Positive charge,Unpegylated,Phagocytosis,Cytotoxicity,Immune response,Targeting,Microscope,Serum,Others
2019,Others,Others,Unknown,Positive charge,Unpegylated,Unknown,Cytotoxicity,Immune response,Release,Sdspage,Medium,Others
2020,Micelles,Others,Coated,Negative charge,Unpegylated,Unknown,Cytotoxicity,Others,Targeting,Microscope,Others,Others
2020,Others,Others,Coated,Positive charge,Unpegylated,Unknown,Cytotoxicity,Immune response,Biodistribution,Microscope,Serum,Others
2020,Micelles,Spherical,Coated,Negative charge,Unpegylated,Unknown,Unknown,Others,Biodistribution,Spectrum,Bovine,Albumin
2020,Lipoplexes,Spherical,Coated,Negative charge,Unpegylated,Unknown,Cytotoxicity,Inflammation,Enzymes,Proteomics,Serum,Transferrin
2020,Oxidative,Others,Coated,Negative charge,Unpegylated,Unknown,Cytotoxicity,Inflammation,Biodistribution,Microscope,Medium,Albumin
2020,Others,Others,Coated,Negative charge,Unpegylated,Endocytosis,Cytotoxicity,Macrophages,Biodistribution,Fluorescence,Serum,Albumin
2020,Micelles,Others,Unknown,Positive charge,Unpegylated,Unknown,Unknown,Others,Biodistribution,Spectrum,Serum,Albumin
2020,Silver,Spherical,Coated,Negative charge,Unpegylated,Unknown,Cytotoxicity,Others,Stability,Spectrum,Plasma,Albumin
2020,Others,Others,Unknown,Neutral,Unpegylated,Unknown,Cytotoxicity,Immune response,Biodistribution,Proteomics,Plasma,Others
2020,Others,Others,Unknown,Negative charge,Unpegylated,Unknown,Cytotoxicity,Others,Anticancer,Others,Serum,Others
2020,Polystyrene,Others,Unknown,Positive charge,Unpegylated,Unknown,Cytotoxicity,Others,Biodistribution,Spectrum,Plasma,Lipoprotein
2020,Gold,Nanorods,Coated,Positive charge,Unpegylated,Unknown,Unknown,Immune response,Stability,Fluorescence,Serum,Albumin
2020,Others,Nanotubes,Coated,Positive charge,Unpegylated,Phagocytosis,Unknown,Immune response,Biodistribution,Microscope,Plasma,Lipoprotein
2020,Lipoplexes,Spherical,Coated,Positive charge,Unpegylated,Unknown,Cytotoxicity,Others,Stability,Spectrum,Plasma,Others
2020,Silicon,Others,Unknown,Unknown,Unpegylated,Unknown,Unknown,Others,Others,Others,Others,Others
2020,Micelles,Others,Coated,Positive charge,Unpegylated,Phagocytosis,Cytotoxicity,Immune response,Biodistribution,Spectrum,Plasma,Others
2020,Oxidative,Nanosheets,Coated,Negative charge,Unpegylated,Unknown,Cytotoxicity,Others,Antibacterial,Spectrum,Serum,Albumin
2020,Agglomerates,Nanosheets,Coated,Positive charge,Unpegylated,Unknown,Cytotoxicity,Others,Enzymes,Spectrum,Plasma,Others
2020,Magnetic,Nanosheets,Coated,Negative charge,Unpegylated,Endocytosis,Cytotoxicity,Others,Biodistribution,Icpms,Plasma,Lipoprotein
2020,Carbon,Spherical,Coated,Negative charge,Unpegylated,Unknown,Cytotoxicity,Others,Biodistribution,Spectrum,Serum,Albumin
2020,Peptide,Others,Unknown,Unknown,Unpegylated,Unknown,Unknown,Complement,Biodistribution,Proteomics,Plasma,Albumin
2020,Gold,Spherical,Coated,Unknown,Unpegylated,Unknown,Unknown,Others,Anticancer,Microscope,Serum,Albumin
2020,Gold,Others,Coated,Negative charge,Unpegylated,Unknown,Unknown,Inflammation,Anticancer,Sdspage,Serum,Lipoprotein
2020,Micelles,Amorphous,Coated,Neutral,Unpegylated,Phagocytosis,Unknown,Macrophages,Release,Sdspage,Plasma,Albumin
2020,Silicon,Spherical,Coated,Negative charge,Unpegylated,Unknown,Cytotoxicity,Others,Biodistribution,Microscope,Medium,Others
2020,Others,Spherical,Coated,Negative charge,Unpegylated,Unknown,Cytotoxicity,Others,Biodistribution,Spectrum,Plasma,Others
2020,Magnetic,Others,Coated,Negative charge,Unpegylated,Unknown,Cytotoxicity,Others,Stability,Fluorescence,Serum,Albumin
2020,Others,Nanotubes,Coated,Negative charge,Unpegylated,Unknown,Cytotoxicity,Others,Release,Microscope,Medium,Others
2020,Silver,Others,Coated,Positive charge,Unpegylated,Unknown,Cytotoxicity,Others,Stability,Sdspage,Serum,Albumin
2020,Oxidative,Amorphous,Coated,Positive charge,Unpegylated,Phagocytosis,Cytotoxicity,Inflammation,Biodistribution,Spectrum,Medium,Albumin
2020,Gold,Others,Unknown,Positive charge,Unpegylated,Unknown,Cytotoxicity,Immune response,Anticancer,Sdspage,Serum,Fibrinogen
2020,Silver,Others,Unknown,Negative charge,Unpegylated,Unknown,Unknown,Complement,Anticancer,Proteomics,Serum,Lipoprotein
2020,Others,Nanosheets,Coated,Unknown,Unpegylated,Unknown,Unknown,Others,Anticancer,Spectrum,Plasma,Albumin
2020,Lipoplexes,Spherical,Coated,Negative charge,Unpegylated,Unknown,Cytotoxicity,Complement,Anticancer,Spectrum,Plasma,Others
2020,Others,Spherical,Coated,Negative charge,Unpegylated,Phagocytosis,Cytotoxicity,Complement,Release,Proteomics,Plasma,Others
2020,Agglomerates,Nanotubes,Coated,Negative charge,Unpegylated,Unknown,Cytotoxicity,Immune response,Stability,Microscope,Serum,Albumin
2020,Silver,Spherical,Coated,Negative charge,Unpegylated,Unknown,Cytotoxicity,Others,Enzymes,Spectrum,Others,Others
2020,Others,Urchin,Uncoated,Negative charge,Unpegylated,Unknown,Cytotoxicity,Immune response,Antibacterial,Proteomics,Medium,Lipoprotein
2020,Others,Spherical,Unknown,Negative charge,Unpegylated,Phagocytosis,Cytotoxicity,Immune response,Enzymes,Proteomics,Medium,Others
2020,Agglomerates,Others,Coated,Positive charge,Unpegylated,Endocytosis,Cytotoxicity,Macrophages,Anticancer,Microscope,Plasma,Fibrinogen
2020,Lipoplexes,Others,Coated,Positive charge,Unpegylated,Unknown,Cytotoxicity,Others,Biodistribution,Fluorescence,Medium,Others
2020,Silver,Spherical,Coated,Negative charge,Unpegylated,Unknown,Mitochondrial toxicity,Others,Anticancer,Proteomics,Serum,Others
2020,Silicon,Amorphous,Coated,Negative charge,Unpegylated,Unknown,Unknown,Others,Release,Proteomics,Serum,Albumin
2020,Silicon,Others,Coated,Positive charge,Unpegylated,Unknown,Unknown,Complement,Biodistribution,Sdspage,Serum,Albumin
2020,Agglomerates,Others,Coated,Positive charge,Unpegylated,Unknown,Cytotoxicity,Immune response,Biodistribution,Fluorescence,Serum,Albumin
2020,Micelles,Spherical,Coated,Positive charge,Unpegylated,Endocytosis,Cytotoxicity,Macrophages,Biodistribution,Fluorescence,Serum,Lipoprotein
2020,Carbon,Nanotubes,Unknown,Unknown,Unpegylated,Unknown,Cytotoxicity,Others,Anticancer,Spectrum,Medium,Others
2020,Polystyrene,Others,Coated,Negative charge,Unpegylated,Unknown,Cytotoxicity,Immune response,Release,Sdspage,Serum,Albumin
2020,Others,Others,Coated,Negative charge,Unpegylated,Unknown,Unknown,Immune response,Enzymes,Spectrum,Serum,Albumin
2020,Micelles,Amorphous,Coated,Positive charge,Unpegylated,Unknown,Cytotoxicity,Macrophages,Biodistribution,Microscope,Medium,Others
2020,Others,Nanosheets,Coated,Negative charge,Unpegylated,Phagocytosis,Cytotoxicity,Macrophages,Biodistribution,Fluorescence,Plasma,Albumin
2020,Others,Nanotubes,Coated,Negative charge,Unpegylated,Endocytosis,Cytotoxicity,Macrophages,Biodistribution,Spectrum,Serum,Albumin
2020,Micelles,Spherical,Coated,Positive charge,Unpegylated,Endocytosis,Cytotoxicity,Macrophages,Anticancer,Fluorescence,Serum,Albumin
2020,Micelles,Spherical,Unknown,Negative charge,Unpegylated,Unknown,Cytotoxicity,Others,Targeting,Proteomics,Others,Others
2020,Lipoplexes,Others,Coated,Neutral,Unpegylated,Unknown,Cytotoxicity,Others,Biodistribution,Microscope,Medium,Others
2020,Micelles,Nanosheets,Coated,Positive charge,Unpegylated,Unknown,Cytotoxicity,Others,Biodistribution,Proteomics,Serum,Albumin
2020,Others,Spherical,Coated,Positive charge,Unpegylated,Unknown,Cytotoxicity,Others,Biodistribution,Microscope,Plasma,Others
2020,Others,Spherical,Unknown,Negative charge,Unpegylated,Endocytosis,Cytotoxicity,Others,Anticancer,Microscope,Medium,Albumin
2020,Micelles,Others,Coated,Positive charge,Unpegylated,Unknown,Cytotoxicity,Others,Biodistribution,Spectrum,Others,Others
2020,Oxidative,Spherical,Unknown,Unknown,Unpegylated,Unknown,Unknown,Others,Biodistribution,Microscope,Serum,Others
2020,Others,Amorphous,Coated,Negative charge,Unpegylated,Unknown,Cytotoxicity,Complement,Biodistribution,Microscope,Serum,Albumin
2020,Quantum,Others,Coated,Negative charge,Unpegylated,Unknown,Cytotoxicity,Others,Biodistribution,Fluorescence,Serum,Albumin
2020,Micelles,Spherical,Coated,Unknown,Unpegylated,Unknown,Unknown,Others,Stability,Microscope,Medium,Others
2020,Others,Spherical,Coated,Negative charge,Unpegylated,Unknown,Cytotoxicity,Others,Biodistribution,Fluorescence,Plasma,Fibrinogen
2020,Micelles,Spherical,Unknown,Unknown,Unpegylated,Unknown,Unknown,Others,Biodistribution,Spectrum,Plasma,Fibrinogen
2020,Oxidative,Spherical,Coated,Positive charge,Unpegylated,Unknown,Cytotoxicity,Inflammation,Enzymes,Fluorescence,Bovine,Others
2020,Lipoplexes,Spherical,Unknown,Negative charge,Unpegylated,Unknown,Cytotoxicity,Others,Anticancer,Fluorescence,Medium,Others
2020,Silicon,Amorphous,Coated,Unknown,Unpegylated,Unknown,Cytotoxicity,Others,Biodistribution,Spectrum,Medium,Others
2020,Nanoplastics,Nanosheets,Coated,Negative charge,Unpegylated,Unknown,Cytotoxicity,Others,Biodistribution,Spectrum,Serum,Albumin
2020,Oxidative,Nanorods,Unknown,Negative charge,Unpegylated,Unknown,Cytotoxicity,Cytokines,Anticancer,Spectrum,Medium,Others
2020,Magnetic,Others,Coated,Negative charge,Unpegylated,Unknown,Cytotoxicity,Others,Stability,Spectrum,Serum,Albumin
2020,Gold,Spherical,Unknown,Negative charge,Unpegylated,Unknown,Cytotoxicity,Others,Biodistribution,Spectrum,Medium,Others
2020,Lipoplexes,Nanotubes,Coated,Negative charge,Unpegylated,Unknown,Cytotoxicity,Complement,Biodistribution,Spectrum,Plasma,Lipoprotein
2020,Silver,Others,Coated,Negative charge,Unpegylated,Unknown,Cytotoxicity,Inflammation,Enzymes,Microscope,Medium,Albumin
2020,Silicon,Others,Coated,Negative charge,Unpegylated,Unknown,Cytotoxicity,Others,Biodistribution,Spectrum,Medium,Transferrin
2020,Gold,Others,Coated,Positive charge,Unpegylated,Unknown,Cytotoxicity,Complement,Enzymes,Proteomics,Serum,Lipoprotein
2020,Colloids,Spherical,Unknown,Positive charge,Unpegylated,Unknown,Cytotoxicity,Inflammation,Anticancer,Fluorescence,Medium,Others
2020,Carbon,Amorphous,Unknown,Positive charge,Unpegylated,Unknown,Cytotoxicity,Inflammation,Biodistribution,Fluorescence,Serum,Albumin
2020,Lipoplexes,Spherical,Unknown,Negative charge,Unpegylated,Endocytosis,Cytotoxicity,Inflammation,Biodistribution,Fluorescence,Plasma,Lipoprotein
2020,Gold,Spherical,Unknown,Positive charge,Unpegylated,Unknown,Unknown,Others,Targeting,Fluorescence,Bovine,Albumin
2020,Peptide,Others,Coated,Positive charge,Unpegylated,Unknown,Cytotoxicity,Immune response,Anticancer,Microscope,Others,Others
2020,Silicon,Others,Coated,Negative charge,Unpegylated,Unknown,Cytotoxicity,Complement,Stability,Spectrum,Serum,Albumin
2020,Agglomerates,Spherical,Coated,Negative charge,Unpegylated,Phagocytosis,Cytotoxicity,Complement,Biodistribution,Proteomics,Medium,Albumin
2020,Silver,Spherical,Uncoated,Unknown,Unpegylated,Unknown,Unknown,Others,Antibacterial,Spectrum,Others,Others
2020,Silicon,Others,Coated,Negative charge,Unpegylated,Unknown,Cytotoxicity,Others,Stability,Spectrum,Medium,Albumin
2020,Silicon,Others,Coated,Negative charge,Unpegylated,Unknown,Cytotoxicity,Immune response,Release,Proteomics,Others,Others
2020,Others,Nanotubes,Coated,Negative charge,Unpegylated,Unknown,Cytotoxicity,Others,Stability,Spectrum,Medium,Albumin
2020,Others,Spherical,Coated,Negative charge,Unpegylated,Unknown,Cytotoxicity,Others,Biodistribution,Spectrum,Bovine,Others
2020,Peptide,Spherical,Coated,Negative charge,Unpegylated,Unknown,Unknown,Inflammation,Targeting,Microscope,Serum,Albumin
2020,Silver,Others,Coated,Negative charge,Unpegylated,Unknown,Cytotoxicity,Others,Biodistribution,Spectrum,Plasma,Albumin
2020,Others,Others,Coated,Negative charge,Unpegylated,Unknown,Cytotoxicity,Immune response,Biodistribution,Fluorescence,Plasma,Albumin
2020,Colloids,Nanosheets,Coated,Positive charge,Unpegylated,Unknown,Cytotoxicity,Others,Stability,Sdspage,Medium,Albumin
2020,Silicon,Spherical,Coated,Negative charge,Unpegylated,Unknown,Cytotoxicity,Others,Stability,Microscope,Bovine,Albumin
2020,Others,Nanosheets,Coated,Unknown,Unpegylated,Phagocytosis,Cytotoxicity,Macrophages,Anticancer,Proteomics,Plasma,Albumin
2020,Carbon,Nanosheets,Coated,Positive charge,Unpegylated,Unknown,Cytotoxicity,Others,Enzymes,Fluorescence,Others,Others
2020,Magnetic,Spherical,Coated,Negative charge,Unpegylated,Unknown,Cytotoxicity,Macrophages,Stability,Spectrum,Serum,Albumin
2020,Silicon,Others,Unknown,Negative charge,Unpegylated,Unknown,Cytotoxicity,Cytokines,Biodistribution,Spectrum,Medium,Lipoprotein
2020,Quantum,Others,Coated,Negative charge,Unpegylated,Unknown,Cytotoxicity,Immune response,Stability,Fluorescence,Serum,Albumin
2020,Silicon,Others,Coated,Negative charge,Unpegylated,Unknown,Cytotoxicity,Others,Anticancer,Microscope,Plasma,Others
2020,Silver,Spherical,Coated,Positive charge,Unpegylated,Endocytosis,Cytotoxicity,Inflammation,Anticancer,Spectrum,Medium,Albumin
2020,Others,Nanosheets,Coated,Negative charge,Unpegylated,Unknown,Cytotoxicity,Complement,Therapy,Proteomics,Plasma,Albumin
2020,Quantum,Spherical,Coated,Negative charge,Unpegylated,Phagocytosis,Cytotoxicity,Inflammation,Biodistribution,Fluorescence,Serum,Albumin
2020,Magnetic,Others,Unknown,Negative charge,Unpegylated,Endocytosis,Cytotoxicity,Others,Anticancer,Wavelength,Bovine,Albumin
2020,Lipoplexes,Others,Coated,Positive charge,Unpegylated,Endocytosis,Cytotoxicity,Immune response,Biodistribution,Fluorescence,Plasma,Others
2020,Nanovesicles,Others,Unknown,Unknown,Unpegylated,Unknown,Unknown,Others,Others,Proteomics,Serum,Others
2020,Peptide,Others,Unknown,Negative charge,Unpegylated,Unknown,Cytotoxicity,Macrophages,Targeting,Sdspage,Serum,Albumin
2020,Magnetic,Nanotubes,Coated,Positive charge,Unpegylated,Phagocytosis,Cytotoxicity,Macrophages,Anticancer,Spectrum,Plasma,Fibrinogen
2020,Carbon,Nanotubes,Coated,Positive charge,Unpegylated,Unknown,Cytotoxicity,Complement,Biodistribution,Fluorescence,Plasma,Fibrinogen
2020,Colloids,Others,Coated,Negative charge,Unpegylated,Unknown,Cytotoxicity,Others,Stability,Microscope,Medium,Others
2020,Quantum,Spherical,Coated,Unknown,Unpegylated,Phagocytosis,Cytotoxicity,Complement,Biodistribution,Microscope,Serum,Lipoprotein
2020,Silver,Others,Coated,Positive charge,Unpegylated,Unknown,Unknown,Others,Antibacterial,Proteomics,Bovine,Fibrinogen
2020,Magnetic,Others,Coated,Negative charge,Unpegylated,Unknown,Cytotoxicity,Complement,Biodistribution,Proteomics,Serum,Albumin
2020,Gold,Nanosheets,Coated,Positive charge,Unpegylated,Endocytosis,Cytotoxicity,Others,Biodistribution,Spectrum,Bovine,Albumin
2020,Oxidative,Amorphous,Coated,Negative charge,Unpegylated,Unknown,Cytotoxicity,Immune response,Stability,Spectrum,Serum,Albumin
2020,Gold,Others,Coated,Negative charge,Unpegylated,Unknown,Cytotoxicity,Others,Antibacterial,Microscope,Medium,Albumin
2020,Others,Nanorods,Coated,Negative charge,Unpegylated,Endocytosis,Cytotoxicity,Complement,Biodistribution,Proteomics,Serum,Transferrin
2020,Others,Others,Coated,Negative charge,Unpegylated,Unknown,Cytotoxicity,Macrophages,Stability,Fluorescence,Serum,Albumin
2020,Lipoplexes,Spherical,Coated,Negative charge,Unpegylated,Endocytosis,Cytotoxicity,Immune response,Anticancer,Sdspage,Plasma,Others
2020,Carbon,Others,Coated,Unknown,Unpegylated,Unknown,Unknown,Others,Biodistribution,Microscope,Plasma,Albumin
2020,Gold,Others,Coated,Negative charge,Unpegylated,Unknown,Cytotoxicity,Monocytes,Anticancer,Fluorescence,Medium,Transferrin
2020,Others,Amorphous,Coated,Negative charge,Unpegylated,Unknown,Cytotoxicity,Immune response,Biodistribution,Microscope,Serum,Albumin
2020,Lipoplexes,Spherical,Coated,Positive charge,Unpegylated,Phagocytosis,Cytotoxicity,Complement,Biodistribution,Fluorescence,Serum,Lipoprotein
2020,Others,Others,Unknown,Positive charge,Unpegylated,Endocytosis,Cytotoxicity,Immune response,Anticancer,Microscope,Serum,Albumin
2020,Others,Others,Unknown,Positive charge,Unpegylated,Unknown,Cytotoxicity,Others,Anticancer,Spectrum,Medium,Albumin
2020,Others,Others,Coated,Negative charge,Unpegylated,Endocytosis,Cytotoxicity,Immune response,Biodistribution,Microscope,Medium,Others
2020,Others,Nanorods,Coated,Positive charge,Unpegylated,Endocytosis,Cytotoxicity,Immune response,Anticancer,Microscope,Serum,Others
2020,Micelles,Nanotubes,Coated,Negative charge,Unpegylated,Endocytosis,Cytotoxicity,Others,Biodistribution,Microscope,Medium,Albumin
2020,Gold,Nanotubes,Coated,Positive charge,Unpegylated,Unknown,Cytotoxicity,Dendritic cells,Stability,Spectrum,Medium,Others
2020,Carbon,Spherical,Coated,Negative charge,Unpegylated,Unknown,Cytotoxicity,Complement,Biodistribution,Spectrum,Plasma,Fibrinogen
2020,Carbon,Nanosheets,Coated,Negative charge,Unpegylated,Unknown,Cytotoxicity,Macrophages,Biodistribution,Fluorescence,Serum,Albumin
2020,Agglomerates,Spherical,Coated,Positive charge,Unpegylated,Unknown,Unknown,Others,Release,Fluorescence,Serum,Albumin
2020,Silver,Nanotubes,Coated,Positive charge,Unpegylated,Unknown,Cytotoxicity,Macrophages,Enzymes,Spectrum,Bovine,Albumin
2020,Silicon,Others,Unknown,Negative charge,Unpegylated,Phagocytosis,Cytotoxicity,Macrophages,Release,Microscope,Medium,Others
2020,Others,Spherical,Unknown,Positive charge,Unpegylated,Endocytosis,Cytotoxicity,Macrophages,Enzymes,Spectrum,Bovine,Albumin
2020,Silver,Nanotubes,Coated,Unknown,Unpegylated,Endocytosis,Unknown,Macrophages,Therapy,Sdspage,Serum,Others
2020,Gold,Others,Unknown,Neutral,Unpegylated,Unknown,Unknown,Others,Anticancer,Others,Others,Others
2020,Gold,Others,Coated,Negative charge,Unpegylated,Unknown,Cytotoxicity,Others,Targeting,Fluorescence,Serum,Albumin
2020,Others,Others,Coated,Negative charge,Unpegylated,Phagocytosis,Cytotoxicity,Complement,Release,Proteomics,Plasma,Others
2020,Magnetic,Nanosheets,Coated,Positive charge,Unpegylated,Unknown,Unknown,Immune response,Biodistribution,Spectrum,Serum,Albumin
2020,Carbon,Nanotubes,Coated,Negative charge,Unpegylated,Unknown,Cytotoxicity,Others,Biodistribution,Spectrum,Medium,Others
2020,Silver,Amorphous,Coated,Negative charge,Unpegylated,Unknown,Cytotoxicity,Immune response,Antibacterial,Sdspage,Plasma,Albumin
2020,Others,Amorphous,Coated,Negative charge,Unpegylated,Unknown,Cytotoxicity,Inflammation,Enzymes,Fluorescence,Serum,Fibrinogen
2020,Silicon,Nanosheets,Coated,Positive charge,Unpegylated,Unknown,Cytotoxicity,Others,Enzymes,Spectrum,Bovine,Albumin
2020,Silicon,Spherical,Coated,Negative charge,Unpegylated,Phagocytosis,Cytotoxicity,Immune response,Biodistribution,Spectrum,Serum,Albumin
2020,Gold,Nanotubes,Coated,Negative charge,Unpegylated,Unknown,Cytotoxicity,Immune response,Stability,Spectrum,Serum,Albumin
2020,Others,Spherical,Unknown,Negative charge,Unpegylated,Unknown,Cytotoxicity,Others,Therapy,Fluorescence,Serum,Albumin
2020,Gold,Nanorods,Coated,Positive charge,Unpegylated,Unknown,Cytotoxicity,Others,Biodistribution,Spectrum,Serum,Fibrinogen
2020,Lipoplexes,Others,Unknown,Positive charge,Unpegylated,Endocytosis,Cytotoxicity,Macrophages,Biodistribution,Fluorescence,Plasma,Lipoprotein
2020,Lipoplexes,Others,Coated,Neutral,Unpegylated,Unknown,Unknown,Others,Biodistribution,Spectrum,Medium,Others
2020,Silver,Others,Unknown,Negative charge,Unpegylated,Unknown,Cytotoxicity,Immune response,Antibacterial,Microscope,Plasma,Others
2020,Gold,Nanorods,Coated,Negative charge,Unpegylated,Unknown,Cytotoxicity,Others,Stability,Fluorescence,Serum,Albumin
2020,Magnetic,Spherical,Coated,Positive charge,Unpegylated,Endocytosis,Cytotoxicity,Others,Anticancer,Fluorescence,Medium,Others
2020,Gold,Nanorods,Unknown,Negative charge,Unpegylated,Unknown,Unknown,Immune response,Release,Fluorescence,Serum,Albumin
2020,Others,Spherical,Coated,Negative charge,Unpegylated,Unknown,Cytotoxicity,Others,Anticancer,Microscope,Medium,Others
2020,Silicon,Others,Unknown,Positive charge,Unpegylated,Phagocytosis,Unknown,Others,Release,Spectrum,Bovine,Others
2020,Others,Nanotubes,Coated,Positive charge,Unpegylated,Unknown,Cytotoxicity,Others,Anticancer,Fluorescence,Plasma,Albumin
2020,Gold,Others,Coated,Positive charge,Unpegylated,Endocytosis,Cytotoxicity,Immune response,Anticancer,Spectrum,Medium,Albumin
2020,Peptide,Others,Coated,Negative charge,Unpegylated,Unknown,Cytotoxicity,Immune response,Biodistribution,Spectrum,Plasma,Fibrinogen
2020,Others,Others,Coated,Negative charge,Unpegylated,Unknown,Cytotoxicity,Macrophages,Targeting,Microscope,Serum,Fibrinogen
2020,Gold,Others,Coated,Positive charge,Unpegylated,Unknown,Cytotoxicity,Others,Anticancer,Spectrum,Bovine,Albumin
2020,Oxidative,Spherical,Unknown,Negative charge,Unpegylated,Phagocytosis,Cytotoxicity,Macrophages,Release,Microscope,Plasma,Others
2021,Others,Others,Unknown,Positive charge,Unpegylated,Phagocytosis,Cytotoxicity,Inflammation,Anticancer,Others,Serum,Others
2021,Others,Nanotubes,Coated,Positive charge,Unpegylated,Phagocytosis,Cytotoxicity,Macrophages,Biodistribution,Microscope,Serum,Albumin
2021,Peptide,Amorphous,Coated,Negative charge,Unpegylated,Endocytosis,Cytotoxicity,Complement,Biodistribution,Fluorescence,Medium,Transferrin
2021,Micelles,Others,Coated,Negative charge,Unpegylated,Unknown,Cytotoxicity,Cytokines,Targeting,Microscope,Medium,Others
2021,Oxidative,Others,Coated,Positive charge,Unpegylated,Unknown,Cytotoxicity,Inflammation,Biodistribution,Spectrum,Serum,Albumin
2021,Carbon,Nanotubes,Coated,Negative charge,Unpegylated,Unknown,Cytotoxicity,Inflammation,Biodistribution,Others,Medium,Fibrinogen
2021,Lipoplexes,Nanotubes,Coated,Positive charge,Unpegylated,Phagocytosis,Cytotoxicity,Macrophages,Stability,Spectrum,Serum,Albumin
2021,Virus,Others,Unknown,Positive charge,Unpegylated,Unknown,Cytotoxicity,Inflammation,Stability,Microscope,Others,Others
2021,Carbon,Nanosheets,Coated,Negative charge,Unpegylated,Unknown,Cytotoxicity,Others,Release,Spectrum,Medium,Others
2021,Others,Others,Coated,Negative charge,Unpegylated,Unknown,Cytotoxicity,Others,Biodistribution,Spectrum,Serum,Albumin
2021,Micelles,Spherical,Coated,Negative charge,Unpegylated,Unknown,Cytotoxicity,Others,Stability,Fluorescence,Serum,Albumin
2021,Peptide,Nanotubes,Coated,Positive charge,Unpegylated,Unknown,Cytotoxicity,Immune response,Release,Microscope,Medium,Albumin
2021,Lipoplexes,Others,Coated,Positive charge,Unpegylated,Unknown,Unknown,Others,Biodistribution,Fluorescence,Medium,Lipoprotein
2021,Peptide,Nanotubes,Coated,Positive charge,Unpegylated,Phagocytosis,Cytotoxicity,Macrophages,Release,Fluorescence,Serum,Albumin
2021,Gold,Spherical,Coated,Negative charge,Unpegylated,Endocytosis,Cytotoxicity,Others,Biodistribution,Fluorescence,Serum,Albumin
2021,Others,Amorphous,Coated,Positive charge,Unpegylated,Endocytosis,Cytotoxicity,Inflammation,Biodistribution,Microscope,Medium,Albumin
2021,Silver,Others,Unknown,Positive charge,Unpegylated,Unknown,Cytotoxicity,Others,Antibacterial,Fluorescence,Serum,Albumin
2021,Others,Spherical,Coated,Unknown,Unpegylated,Unknown,Cytotoxicity,Complement,Targeting,Others,Serum,Albumin
2021,Silver,Others,Coated,Unknown,Unpegylated,Unknown,Cytotoxicity,Others,Stability,Icpms,Serum,Others
2021,Gold,Nanorods,Coated,Positive charge,Unpegylated,Endocytosis,Cytotoxicity,Others,Biodistribution,Microscope,Medium,Albumin
2021,Others,Nanosheets,Coated,Negative charge,Unpegylated,Unknown,Cytotoxicity,Others,Biodistribution,Spectrum,Serum,Albumin
2021,Lipoplexes,Spherical,Coated,Negative charge,Unpegylated,Unknown,Unknown,Others,Stability,Spectrum,Plasma,Lipoprotein
2021,Others,Others,Coated,Positive charge,Unpegylated,Phagocytosis,Cytotoxicity,Dendritic cells,Targeting,Microscope,Serum,Albumin
2021,Micelles,Others,Coated,Unknown,Unpegylated,Endocytosis,Unknown,Macrophages,Biodistribution,Microscope,Serum,Albumin
2021,Agglomerates,Others,Coated,Positive charge,Unpegylated,Endocytosis,Cytotoxicity,Others,Enzymes,Fluorescence,Medium,Others
2021,Nanoplastics,Others,Coated,Negative charge,Unpegylated,Endocytosis,Cytotoxicity,Immune response,Stability,Microscope,Serum,Albumin
2021,Oxidative,Others,Coated,Positive charge,Unpegylated,Unknown,Cytotoxicity,Others,Release,Fluorescence,Medium,Albumin
2021,Others,Nanostars,Coated,Negative charge,Unpegylated,Endocytosis,Cytotoxicity,Others,Targeting,Proteomics,Serum,Albumin
2021,Silver,Nanorods,Coated,Negative charge,Unpegylated,Unknown,Cytotoxicity,Others,Therapy,Spectrum,Serum,Albumin
2021,Polystyrene,Others,Coated,Negative charge,Unpegylated,Unknown,Unknown,Inflammation,Anticancer,Sdspage,Plasma,Others
2021,Magnetic,Others,Unknown,Unknown,Unpegylated,Unknown,Unknown,Others,Anticancer,Proteomics,Plasma,Others
2021,Lipoplexes,Others,Coated,Negative charge,Unpegylated,Unknown,Unknown,Others,Anticancer,Sdspage,Plasma,Others
2021,Silicon,Spherical,Coated,Positive charge,Unpegylated,Unknown,Unknown,Others,Biodistribution,Spectrum,Serum,Albumin
2021,Silicon,Spherical,Coated,Positive charge,Unpegylated,Unknown,Cytotoxicity,Others,Stability,Microscope,Serum,Albumin
2021,Oxidative,Nanotubes,Coated,Negative charge,Unpegylated,Unknown,Cytotoxicity,Inflammation,Enzymes,Spectrum,Medium,Albumin
2021,Others,Nanosheets,Coated,Positive charge,Unpegylated,Unknown,Cytotoxicity,Others,Stability,Fluorescence,Serum,Albumin
2021,Silver,Spherical,Coated,Negative charge,Unpegylated,Unknown,Cytotoxicity,Complement,Anticancer,Proteomics,Serum,Lipoprotein
2021,Others,Nanosheets,Unknown,Positive charge,Unpegylated,Unknown,Cytotoxicity,Macrophages,Anticancer,Spectrum,Others,Others
2021,Others,Nanotubes,Coated,Negative charge,Unpegylated,Unknown,Cytotoxicity,Others,Antibacterial,Microscope,Others,Others
2021,Agglomerates,Others,Coated,Negative charge,Unpegylated,Unknown,Cytotoxicity,Inflammation,Enzymes,Fluorescence,Plasma,Albumin
2021,Colloids,Others,Coated,Negative charge,Unpegylated,Unknown,Cytotoxicity,Others,Stability,Spectrum,Medium,Others
2021,Oxidative,Others,Unknown,Negative charge,Unpegylated,Unknown,Cytotoxicity,Inflammation,Stability,Fluorescence,Serum,Albumin
2021,Oxidative,Spherical,Coated,Negative charge,Unpegylated,Phagocytosis,Cytotoxicity,Macrophages,Release,Sdspage,Medium,Fibrinogen
2021,Carbon,Nanotubes,Coated,Positive charge,Unpegylated,Unknown,Cytotoxicity,Others,Biodistribution,Proteomics,Bovine,Fibrinogen
2021,Gold,Others,Coated,Negative charge,Unpegylated,Endocytosis,Cytotoxicity,Immune response,Anticancer,Spectrum,Plasma,Others
2021,Micelles,Spherical,Coated,Positive charge,Unpegylated,Endocytosis,Cytotoxicity,Others,Anticancer,Microscope,Medium,Albumin
2021,Others,Others,Coated,Positive charge,Unpegylated,Endocytosis,Cytotoxicity,Inflammation,Biodistribution,Microscope,Plasma,Albumin
2021,Oxidative,Nanosheets,Coated,Negative charge,Unpegylated,Phagocytosis,Cytotoxicity,Others,Antibacterial,Microscope,Serum,Albumin
2021,Others,Spherical,Coated,Negative charge,Unpegylated,Phagocytosis,Cytotoxicity,Others,Stability,Microscope,Serum,Others
2021,Others,Nanorods,Coated,Negative charge,Unpegylated,Unknown,Cytotoxicity,Others,Biodistribution,Fluorescence,Serum,Albumin
2021,Nanoplastics,Others,Coated,Positive charge,Unpegylated,Endocytosis,Cytotoxicity,Others,Stability,Fluorescence,Serum,Albumin
2021,Virus,Spherical,Coated,Negative charge,Unpegylated,Endocytosis,Unknown,Immune response,Enzymes,Proteomics,Bovine,Others
2021,Others,Nanorods,Coated,Negative charge,Unpegylated,Endocytosis,Cytotoxicity,Others,Biodistribution,Microscope,Medium,Others
2021,Oxidative,Others,Coated,Negative charge,Unpegylated,Unknown,Cytotoxicity,Others,Enzymes,Others,Serum,Albumin
2021,Virus,Spherical,Coated,Positive charge,Unpegylated,Phagocytosis,Cytotoxicity,Others,Stability,Fluorescence,Medium,Others
2021,Carbon,Nanotubes,Coated,Positive charge,Unpegylated,Unknown,Cytotoxicity,Others,Stability,Fluorescence,Medium,Albumin
2021,Magnetic,Others,Coated,Unknown,Unpegylated,Unknown,Cytotoxicity,Others,Therapy,Icpms,Serum,Albumin
2021,Gold,Others,Coated,Positive charge,Unpegylated,Unknown,Cytotoxicity,Others,Therapy,Spectrum,Serum,Transferrin
2021,Zwitterionic,Nanosheets,Coated,Negative charge,Unpegylated,Unknown,Cytotoxicity,Others,Biodistribution,Others,Plasma,Lipoprotein
2021,Peptide,Others,Coated,Positive charge,Unpegylated,Unknown,Cytotoxicity,Complement,Biodistribution,Spectrum,Serum,Albumin
2021,Silver,Nanotubes,Unknown,Positive charge,Unpegylated,Unknown,Cytotoxicity,Others,Stability,Fluorescence,Serum,Albumin
2021,Others,Others,Coated,Positive charge,Unpegylated,Phagocytosis,Cytotoxicity,Immune response,Anticancer,Fluorescence,Others,Others
2021,Gold,Others,Coated,Positive charge,Unpegylated,Unknown,Unknown,Others,Anticancer,Spectrum,Bovine,Others
2021,Polystyrene,Nanotubes,Coated,Positive charge,Unpegylated,Unknown,Cytotoxicity,Others,Stability,Fluorescence,Bovine,Albumin
2021,Peptide,Nanosheets,Coated,Positive charge,Unpegylated,Unknown,Cytotoxicity,Cytokines,Biodistribution,Spectrum,Medium,Lipoprotein
2021,Peptide,Others,Coated,Positive charge,Unpegylated,Unknown,Unknown,Others,Biodistribution,Proteomics,Plasma,Albumin
2021,Colloids,Others,Unknown,Negative charge,Unpegylated,Phagocytosis,Cytotoxicity,Complement,Enzymes,Microscope,Medium,Others
2021,Lipoplexes,Others,Coated,Negative charge,Unpegylated,Endocytosis,Cytotoxicity,Immune response,Anticancer,Fluorescence,Medium,Others
2021,Silicon,Spherical,Coated,Unknown,Unpegylated,Unknown,Cytotoxicity,Inflammation,Biodistribution,Fluorescence,Serum,Lipoprotein
2021,Micelles,Spherical,Coated,Positive charge,Unpegylated,Unknown,Unknown,Others,Release,Spectrum,Others,Others
2021,Lipoplexes,Nanorods,Coated,Negative charge,Unpegylated,Endocytosis,Cytotoxicity,Macrophages,Antibacterial,Microscope,Serum,Transferrin
2021,Silver,Spherical,Coated,Positive charge,Unpegylated,Unknown,Unknown,Others,Biodistribution,Microscope,Bovine,Albumin
2021,Peptide,Others,Coated,Negative charge,Unpegylated,Unknown,Unknown,Complement,Targeting,Proteomics,Serum,Albumin
2021,Lipoplexes,Nanotubes,Coated,Positive charge,Unpegylated,Unknown,Cytotoxicity,Others,Biodistribution,Microscope,Medium,Others
2021,Others,Spherical,Unknown,Negative charge,Unpegylated,Unknown,Cytotoxicity,Immune response,Anticancer,Spectrum,Plasma,Others
2021,Virus,Nanorods,Coated,Positive charge,Unpegylated,Endocytosis,Cytotoxicity,Immune response,Biodistribution,Microscope,Serum,Others
2021,Peptide,Spherical,Coated,Positive charge,Unpegylated,Unknown,Cytotoxicity,Immune response,Release,Spectrum,Bovine,Fibrinogen
2021,Quantum,Others,Coated,Positive charge,Unpegylated,Unknown,Cytotoxicity,Immune response,Biodistribution,Spectrum,Serum,Albumin
2021,Carbon,Nanotubes,Coated,Negative charge,Unpegylated,Phagocytosis,Cytotoxicity,Macrophages,Stability,Proteomics,Plasma,Transferrin
2021,Others,Spherical,Coated,Negative charge,Unpegylated,Unknown,Cytotoxicity,Immune response,Anticancer,Spectrum,Plasma,Others
2021,Micelles,Others,Unknown,Negative charge,Unpegylated,Unknown,Cytotoxicity,Dendritic cells,Enzymes,Spectrum,Serum,Others
2021,Gold,Spherical,Coated,Negative charge,Unpegylated,Unknown,Cytotoxicity,Others,Biodistribution,Spectrum,Bovine,Albumin
2021,Micelles,Spherical,Coated,Positive charge,Unpegylated,Unknown,Cytotoxicity,Macrophages,Targeting,Sdspage,Plasma,Albumin
2021,Micelles,Others,Coated,Positive charge,Unpegylated,Unknown,Cytotoxicity,Others,Release,Spectrum,Bovine,Albumin
2021,Gold,Nanorods,Coated,Positive charge,Unpegylated,Unknown,Unknown,Others,Stability,Spectrum,Serum,Albumin
2021,Micelles,Others,Coated,Positive charge,Unpegylated,Unknown,Cytotoxicity,Complement,Biodistribution,Fluorescence,Medium,Lipoprotein
2021,Silver,Spherical,Coated,Negative charge,Unpegylated,Endocytosis,Cytotoxicity,Inflammation,Antibacterial,Microscope,Serum,Albumin
2021,Magnetic,Others,Coated,Negative charge,Unpegylated,Unknown,Cytotoxicity,Macrophages,Biodistribution,Spectrum,Others,Albumin
2021,Virus,Nanostars,Unknown,Positive charge,Unpegylated,Unknown,Cytotoxicity,Others,Targeting,Fluorescence,Serum,Others
2021,Others,Nanosheets,Unknown,Positive charge,Unpegylated,Unknown,Cytotoxicity,Complement,Anticancer,Proteomics,Plasma,Transferrin
2021,Silver,Others,Coated,Positive charge,Unpegylated,Endocytosis,Cytotoxicity,Others,Others,Microscope,Medium,Others
2021,Others,Spherical,Coated,Negative charge,Unpegylated,Unknown,Cytotoxicity,Complement,Biodistribution,Spectrum,Serum,Albumin
2021,Virus,Spherical,Coated,Positive charge,Unpegylated,Unknown,Unknown,Others,Targeting,Fluorescence,Plasma,Others
2021,Virus,Nanosheets,Coated,Negative charge,Unpegylated,Unknown,Cytotoxicity,Cytokines,Therapy,Microscope,Medium,Others
2021,Others,Others,Coated,Negative charge,Unpegylated,Endocytosis,Cytotoxicity,Macrophages,Biodistribution,Fluorescence,Medium,Others
2021,Micelles,Others,Coated,Negative charge,Unpegylated,Endocytosis,Cytotoxicity,Macrophages,Biodistribution,Fluorescence,Medium,Transferrin
2021,Others,Spherical,Coated,Unknown,Unpegylated,Unknown,Cytotoxicity,Others,Biodistribution,Others,Medium,Albumin
2021,Others,Others,Coated,Negative charge,Unpegylated,Unknown,Cytotoxicity,Complement,Enzymes,Proteomics,Plasma,Albumin
2021,Agglomerates,Others,Coated,Positive charge,Unpegylated,Endocytosis,Cytotoxicity,Others,Stability,Spectrum,Medium,Albumin
2021,Others,Others,Coated,Negative charge,Unpegylated,Unknown,Cytotoxicity,Immune response,Biodistribution,Proteomics,Plasma,Others
2021,Micelles,Spherical,Coated,Positive charge,Unpegylated,Unknown,Cytotoxicity,Complement,Biodistribution,Spectrum,Serum,Others
2021,Others,Spherical,Unknown,Positive charge,Unpegylated,Unknown,Cytotoxicity,Others,Enzymes,Spectrum,Medium,Others
2021,Others,Others,Coated,Negative charge,Unpegylated,Endocytosis,Cytotoxicity,Macrophages,Biodistribution,Microscope,Medium,Others
2021,Others,Amorphous,Coated,Negative charge,Unpegylated,Phagocytosis,Cytotoxicity,Macrophages,Antibacterial,Microscope,Bovine,Albumin
2021,Others,Nanostars,Unknown,Positive charge,Unpegylated,Endocytosis,Unknown,Macrophages,Anticancer,Spectrum,Medium,Others
2021,Carbon,Others,Unknown,Negative charge,Unpegylated,Unknown,Cytotoxicity,Inflammation,Anticancer,Fluorescence,Serum,Albumin
2021,Peptide,Spherical,Coated,Positive charge,Unpegylated,Unknown,Unknown,Others,Biodistribution,Others,Serum,Albumin
2021,Micelles,Others,Coated,Positive charge,Unpegylated,Unknown,Unknown,Others,Targeting,Spectrum,Others,Others
2021,Gold,Nanosheets,Coated,Positive charge,Unpegylated,Unknown,Cytotoxicity,Complement,Others,Others,Serum,Albumin
2021,Others,Spherical,Coated,Negative charge,Unpegylated,Exocytosis,Cytotoxicity,Others,Anticancer,Spectrum,Plasma,Albumin
2021,Others,Others,Coated,Negative charge,Unpegylated,Unknown,Unknown,Immune response,Others,Sdspage,Serum,Others
2021,Agglomerates,Others,Coated,Negative charge,Unpegylated,Exocytosis,Cytotoxicity,Monocytes,Release,Proteomics,Plasma,Fibrinogen
2021,Others,Spherical,Coated,Negative charge,Unpegylated,Unknown,Unknown,Others,Biodistribution,Spectrum,Plasma,Others
2021,Gold,Spherical,Coated,Positive charge,Unpegylated,Unknown,Cytotoxicity,Macrophages,Biodistribution,Spectrum,Bovine,Albumin
2021,Silver,Spherical,Unknown,Positive charge,Unpegylated,Unknown,Cytotoxicity,Others,Enzymes,Fluorescence,Serum,Albumin
2021,Silicon,Spherical,Coated,Negative charge,Unpegylated,Unknown,Unknown,Others,Biodistribution,Spectrum,Serum,Albumin
2021,Agglomerates,Nanostars,Coated,Unknown,Unpegylated,Unknown,Cytotoxicity,Others,Antibacterial,Microscope,Others,Others
2021,Agglomerates,Others,Coated,Positive charge,Unpegylated,Phagocytosis,Cytotoxicity,Macrophages,Stability,Spectrum,Bovine,Albumin
2021,Gold,Nanosheets,Coated,Positive charge,Unpegylated,Unknown,Cytotoxicity,Others,Targeting,Spectrum,Plasma,Fibrinogen
2021,Quantum,Nanosheets,Coated,Negative charge,Unpegylated,Unknown,Cytotoxicity,Others,Stability,Fluorescence,Serum,Albumin
2021,Lipoplexes,Others,Coated,Positive charge,Unpegylated,Endocytosis,Cytotoxicity,Complement,Biodistribution,Fluorescence,Serum,Others
2021,Agglomerates,Nanosheets,Coated,Negative charge,Unpegylated,Unknown,Cytotoxicity,Others,Stability,Microscope,Serum,Albumin
2021,Micelles,Others,Coated,Positive charge,Unpegylated,Phagocytosis,Cytotoxicity,Monocytes,Antibacterial,Fluorescence,Plasma,Albumin
2021,Others,Amorphous,Unknown,Negative charge,Unpegylated,Unknown,Cytotoxicity,Macrophages,Release,Icpms,Serum,Others
2021,Gold,Spherical,Coated,Unknown,Unpegylated,Endocytosis,Cytotoxicity,Others,Biodistribution,Microscope,Serum,Others
2021,Lipoplexes,Spherical,Coated,Neutral,Unpegylated,Phagocytosis,Cytotoxicity,Macrophages,Biodistribution,Fluorescence,Serum,Lipoprotein
2021,Lipoplexes,Others,Unknown,Negative charge,Unpegylated,Unknown,Unknown,Others,Biodistribution,Microscope,Medium,Lipoprotein
2021,Carbon,Amorphous,Coated,Unknown,Unpegylated,Endocytosis,Cytotoxicity,Macrophages,Stability,Microscope,Medium,Transferrin
2021,Lipoplexes,Others,Unknown,Negative charge,Unpegylated,Unknown,Cytotoxicity,Others,Targeting,Sdspage,Serum,Lipoprotein
2021,Micelles,Others,Coated,Negative charge,Unpegylated,Unknown,Unknown,Others,Others,Sdspage,Bovine,Others
2021,Gold,Others,Coated,Positive charge,Unpegylated,Endocytosis,Cytotoxicity,Macrophages,Anticancer,Spectrum,Medium,Others
2021,Others,Spherical,Coated,Negative charge,Unpegylated,Phagocytosis,Cytotoxicity,Macrophages,Biodistribution,Spectrum,Serum,Albumin
2021,Silicon,Nanotubes,Coated,Positive charge,Unpegylated,Phagocytosis,Cytotoxicity,Complement,Stability,Microscope,Plasma,Fibrinogen
2021,Others,Others,Coated,Positive charge,Unpegylated,Unknown,Cytotoxicity,Macrophages,Anticancer,Spectrum,Plasma,Lipoprotein
2021,Micelles,Spherical,Coated,Negative charge,Unpegylated,Unknown,Cytotoxicity,Macrophages,Stability,Spectrum,Medium,Others
2021,Nanovesicles,Others,Coated,Negative charge,Unpegylated,Endocytosis,Cytotoxicity,Immune response,Biodistribution,Fluorescence,Serum,Others
2021,Nanoplastics,Spherical,Coated,Unknown,Unpegylated,Unknown,Cytotoxicity,Others,Stability,Spectrum,Bovine,Albumin
2021,Micelles,Others,Unknown,Positive charge,Unpegylated,Unknown,Cytotoxicity,Others,Release,Sdspage,Plasma,Fibrinogen
2022,Carbon,Nanotubes,Unknown,Positive charge,Unpegylated,Unknown,Cytotoxicity,Others,Anticancer,Spectrum,Serum,Others
2022,Gold,Others,Unknown,Positive charge,Unpegylated,Unknown,Cytotoxicity,Immune response,Anticancer,Spectrum,Serum,Albumin
2022,Colloids,Spherical,Coated,Negative charge,Unpegylated,Unknown,Unknown,Inflammation,Anticancer,Spectrum,Medium,Transferrin
2022,Virus,Spherical,Unknown,Positive charge,Unpegylated,Endocytosis,Cytotoxicity,Inflammation,Therapy,Fluorescence,Medium,Others
2022,Colloids,Spherical,Coated,Negative charge,Unpegylated,Endocytosis,Unknown,Immune response,Enzymes,Spectrum,Others,Others
2022,Others,Nanosheets,Coated,Positive charge,Unpegylated,Unknown,Cytotoxicity,Others,Targeting,Fluorescence,Medium,Lipoprotein
2022,Carbon,Nanotubes,Coated,Positive charge,Unpegylated,Phagocytosis,Cytotoxicity,Macrophages,Anticancer,Fluorescence,Serum,Albumin
2022,Gold,Nanorods,Coated,Positive charge,Unpegylated,Phagocytosis,Cytotoxicity,Others,Biodistribution,Microscope,Serum,Others
2022,Polystyrene,Urchin,Coated,Negative charge,Unpegylated,Unknown,Cytotoxicity,Immune response,Stability,Spectrum,Serum,Albumin
2022,Agglomerates,Urchin,Coated,Positive charge,Unpegylated,Endocytosis,Cytotoxicity,Immune response,Biodistribution,Spectrum,Serum,Others
2022,Others,Others,Coated,Positive charge,Unpegylated,Unknown,Cytotoxicity,Others,Anticancer,Spectrum,Serum,Albumin
2022,Silver,Nanosheets,Coated,Positive charge,Unpegylated,Unknown,Cytotoxicity,Others,Biodistribution,Spectrum,Bovine,Albumin
2022,Silver,Spherical,Coated,Negative charge,Unpegylated,Unknown,Unknown,Others,Stability,Fluorescence,Serum,Albumin
2022,Lipoplexes,Spherical,Unknown,Negative charge,Unpegylated,Unknown,Cytotoxicity,Macrophages,Anticancer,Spectrum,Plasma,Lipoprotein
2022,Oxidative,Nanosheets,Coated,Unknown,Unpegylated,Unknown,Unknown,Inflammation,Anticancer,Sdspage,Plasma,Lipoprotein
2022,Others,Nanotubes,Coated,Negative charge,Unpegylated,Unknown,Cytotoxicity,Others,Therapy,Microscope,Bovine,Albumin
2022,Others,Nanorods,Coated,Negative charge,Unpegylated,Phagocytosis,Cytotoxicity,Others,Release,Sdspage,Medium,Albumin
2022,Others,Spherical,Coated,Unknown,Unpegylated,Unknown,Cytotoxicity,Others,Biodistribution,Microscope,Serum,Albumin
2022,Silicon,Amorphous,Coated,Negative charge,Unpegylated,Endocytosis,Cytotoxicity,Inflammation,Biodistribution,Microscope,Serum,Albumin
2022,Others,Nanosheets,Coated,Negative charge,Unpegylated,Endocytosis,Cytotoxicity,Immune response,Biodistribution,Spectrum,Medium,Albumin
2022,Lipoplexes,Others,Coated,Negative charge,Unpegylated,Endocytosis,Hemotoxicity,Others,Biodistribution,Microscope,Medium,Lipoprotein
2022,Silicon,Others,Coated,Negative charge,Unpegylated,Unknown,Unknown,Others,Stability,Icpms,Serum,Albumin
2022,Polystyrene,Others,Coated,Positive charge,Unpegylated,Unknown,Cytotoxicity,Others,Enzymes,Spectrum,Serum,Albumin
2022,Others,Nanosheets,Unknown,Unknown,Unpegylated,Unknown,Unknown,Others,Stability,Sdspage,Medium,Others
2022,Magnetic,Spherical,Coated,Negative charge,Unpegylated,Unknown,Cytotoxicity,Others,Stability,Microscope,Medium,Others
2022,Oxidative,Others,Coated,Positive charge,Unpegylated,Unknown,Cytotoxicity,Others,Biodistribution,Sdspage,Medium,Albumin
2022,Lipoplexes,Nanosheets,Coated,Negative charge,Unpegylated,Phagocytosis,Cytotoxicity,Inflammation,Antibacterial,Fluorescence,Plasma,Albumin
2022,Quantum,Others,Unknown,Positive charge,Unpegylated,Unknown,Cytotoxicity,Others,Stability,Fluorescence,Serum,Albumin
2022,Silver,Others,Coated,Positive charge,Unpegylated,Unknown,Cytotoxicity,Others,Release,Icpms,Plasma,Albumin
2022,Lipoplexes,Others,Coated,Positive charge,Unpegylated,Unknown,Cytotoxicity,Immune response,Anticancer,Microscope,Medium,Albumin
2022,Agglomerates,Spherical,Coated,Positive charge,Unpegylated,Endocytosis,Cytotoxicity,Immune response,Targeting,Proteomics,Medium,Albumin
2022,Others,Spherical,Coated,Positive charge,Unpegylated,Unknown,Cytotoxicity,Immune response,Release,Spectrum,Serum,Albumin
2022,Others,Others,Unknown,Positive charge,Unpegylated,Phagocytosis,Cytotoxicity,Immune response,Targeting,Fluorescence,Serum,Albumin
2022,Lipoplexes,Spherical,Unknown,Positive charge,Unpegylated,Unknown,Cytotoxicity,Immune response,Anticancer,Microscope,Medium,Albumin
2022,Others,Spherical,Unknown,Negative charge,Unpegylated,Endocytosis,Cytotoxicity,Inflammation,Anticancer,Spectrum,Serum,Albumin
2022,Lipoplexes,Spherical,Unknown,Negative charge,Unpegylated,Unknown,Cytotoxicity,Others,Biodistribution,Microscope,Others,Others
2022,Silicon,Spherical,Coated,Negative charge,Unpegylated,Unknown,Unknown,Others,Enzymes,Spectrum,Others,Others
2022,Oxidative,Others,Coated,Negative charge,Unpegylated,Unknown,Cytotoxicity,Macrophages,Enzymes,Spectrum,Others,Others
2022,Peptide,Spherical,Coated,Positive charge,Unpegylated,Endocytosis,Cytotoxicity,Others,Biodistribution,Fluorescence,Others,Others
2022,Others,Spherical,Coated,Positive charge,Unpegylated,Unknown,Cytotoxicity,Others,Stability,Spectrum,Plasma,Lipoprotein
2022,Others,Others,Coated,Negative charge,Unpegylated,Unknown,Cytotoxicity,Others,Biodistribution,Spectrum,Bovine,Albumin
2022,Others,Spherical,Coated,Positive charge,Unpegylated,Unknown,Cytotoxicity,Macrophages,Biodistribution,Spectrum,Serum,Lipoprotein
2022,Micelles,Spherical,Coated,Unknown,Unpegylated,Unknown,Cytotoxicity,Dendritic cells,Anticancer,Microscope,Serum,Albumin
2022,Silver,Others,Unknown,Negative charge,Unpegylated,Unknown,Unknown,Inflammation,Others,Others,Others,Others
2022,Others,Nanorods,Unknown,Positive charge,Unpegylated,Phagocytosis,Cytotoxicity,Inflammation,Stability,Microscope,Medium,Albumin
2022,Oxidative,Others,Unknown,Negative charge,Unpegylated,Unknown,Cytotoxicity,Inflammation,Release,Proteomics,Bovine,Others
2022,Agglomerates,Nanosheets,Coated,Negative charge,Unpegylated,Unknown,Unknown,Macrophages,Biodistribution,Fluorescence,Serum,Albumin
2022,Gold,Spherical,Coated,Unknown,Unpegylated,Unknown,Unknown,Others,Biodistribution,Microscope,Medium,Albumin
2022,Colloids,Spherical,Coated,Negative charge,Unpegylated,Unknown,Cytotoxicity,Cytokines,Release,Spectrum,Serum,Others
2022,Micelles,Spherical,Coated,Negative charge,Unpegylated,Unknown,Cytotoxicity,Macrophages,Targeting,Sdspage,Plasma,Albumin
2022,Micelles,Others,Coated,Negative charge,Unpegylated,Unknown,Cytotoxicity,Others,Antibacterial,Fluorescence,Serum,Albumin
2022,Others,Nanorods,Coated,Negative charge,Unpegylated,Unknown,Cytotoxicity,Immune response,Anticancer,Fluorescence,Serum,Albumin
2022,Others,Spherical,Coated,Unknown,Unpegylated,Unknown,Cytotoxicity,Others,Therapy,Proteomics,Plasma,Others
2022,Micelles,Others,Coated,Negative charge,Unpegylated,Unknown,Cytotoxicity,Inflammation,Release,Fluorescence,Medium,Others
2022,Virus,Spherical,Coated,Negative charge,Unpegylated,Unknown,Cytotoxicity,Inflammation,Targeting,Microscope,Others,Others
2022,Others,Others,Coated,Positive charge,Unpegylated,Endocytosis,Cytotoxicity,Others,Anticancer,Icpms,Serum,Transferrin
2022,Silver,Others,Coated,Positive charge,Unpegylated,Unknown,Cytotoxicity,Others,Antibacterial,Spectrum,Serum,Others
2022,Colloids,Spherical,Coated,Negative charge,Unpegylated,Unknown,Cytotoxicity,Others,Biodistribution,Spectrum,Serum,Albumin
2022,Magnetic,Others,Coated,Positive charge,Unpegylated,Unknown,Cytotoxicity,Macrophages,Biodistribution,Spectrum,Serum,Albumin
2022,Agglomerates,Spherical,Coated,Negative charge,Unpegylated,Unknown,Cytotoxicity,Immune response,Biodistribution,Spectrum,Serum,Albumin
2022,Peptide,Others,Coated,Unknown,Unpegylated,Exocytosis,Cytotoxicity,Inflammation,Release,Icpms,Plasma,Albumin
2022,Colloids,Others,Coated,Positive charge,Unpegylated,Unknown,Cytotoxicity,Others,Stability,Spectrum,Serum,Albumin
2022,Carbon,Nanotubes,Unknown,Positive charge,Unpegylated,Unknown,Cytotoxicity,Complement,Biodistribution,Fluorescence,Plasma,Others
2022,Quantum,Nanorods,Coated,Negative charge,Unpegylated,Unknown,Cytotoxicity,Others,Stability,Spectrum,Medium,Albumin
2022,Unknown,Spherical,Unknown,Neutral,Unpegylated,Unknown,Unknown,Others,Biodistribution,Microscope,Bovine,Others
2022,Silver,Others,Coated,Positive charge,Unpegylated,Unknown,Cytotoxicity,Cytokines,Biodistribution,Microscope,Serum,Albumin
2022,Silicon,Nanotubes,Coated,Negative charge,Unpegylated,Unknown,Cytotoxicity,Others,Anticancer,Fluorescence,Bovine,Lipoprotein
2022,Magnetic,Nanorods,Coated,Negative charge,Unpegylated,Unknown,Cytotoxicity,Others,Anticancer,Microscope,Medium,Fibrinogen
2022,Lipoplexes,Spherical,Coated,Positive charge,Unpegylated,Unknown,Cytotoxicity,Others,Stability,Microscope,Medium,Albumin
2022,Gold,Others,Unknown,Negative charge,Unpegylated,Unknown,Cytotoxicity,Others,Enzymes,Sdspage,Plasma,Albumin
2022,Quantum,Nanosheets,Coated,Negative charge,Unpegylated,Unknown,Unknown,Immune response,Stability,Fluorescence,Serum,Albumin
2022,Oxidative,Spherical,Coated,Negative charge,Unpegylated,Endocytosis,Cytotoxicity,Others,Anticancer,Fluorescence,Bovine,Transferrin
2022,Magnetic,Nanosheets,Unknown,Unknown,Unpegylated,Unknown,Unknown,Others,Anticancer,Proteomics,Plasma,Others
2022,Gold,Spherical,Unknown,Unknown,Unpegylated,Unknown,Unknown,Others,Anticancer,Proteomics,Plasma,Others
2022,Gold,Others,Unknown,Positive charge,Unpegylated,Unknown,Cytotoxicity,Others,Stability,Fluorescence,Others,Others
2022,Peptide,Others,Unknown,Positive charge,Unpegylated,Unknown,Unknown,Others,Targeting,Spectrum,Serum,Albumin
2022,Others,Others,Unknown,Negative charge,Unpegylated,Unknown,Cytotoxicity,Immune response,Anticancer,Fluorescence,Medium,Albumin
2022,Peptide,Nanotubes,Coated,Positive charge,Unpegylated,Unknown,Unknown,Others,Antibacterial,Fluorescence,Medium,Others
2022,Magnetic,Others,Unknown,Unknown,Unpegylated,Unknown,Unknown,Others,Anticancer,Spectrum,Serum,Albumin
2022,Micelles,Others,Coated,Negative charge,Unpegylated,Unknown,Unknown,Others,Others,Others,Others,Others
2022,Silver,Spherical,Coated,Positive charge,Unpegylated,Unknown,Cytotoxicity,Others,Antibacterial,Spectrum,Bovine,Albumin
2022,Lipoplexes,Others,Coated,Positive charge,Unpegylated,Phagocytosis,Cytotoxicity,Macrophages,Anticancer,Fluorescence,Plasma,Albumin
2022,Silicon,Spherical,Coated,Positive charge,Unpegylated,Unknown,Cytotoxicity,Inflammation,Anticancer,Proteomics,Plasma,Fibrinogen
2022,Gold,Nanorods,Coated,Negative charge,Unpegylated,Unknown,Cytotoxicity,Immune response,Anticancer,Spectrum,Plasma,Albumin
2022,Magnetic,Spherical,Coated,Unknown,Unpegylated,Unknown,Unknown,Others,Stability,Spectrum,Others,Others
2022,Others,Spherical,Coated,Positive charge,Unpegylated,Unknown,Cytotoxicity,Others,Antibacterial,Spectrum,Medium,Albumin
2022,Silicon,Spherical,Coated,Positive charge,Unpegylated,Unknown,Cytotoxicity,Others,Biodistribution,Microscope,Medium,Albumin
2022,Agglomerates,Nanosheets,Coated,Negative charge,Unpegylated,Unknown,Unknown,Others,Biodistribution,Fluorescence,Serum,Albumin
2022,Polystyrene,Others,Coated,Negative charge,Unpegylated,Phagocytosis,Cytotoxicity,Macrophages,Stability,Spectrum,Plasma,Lipoprotein
2022,Gold,Spherical,Coated,Positive charge,Unpegylated,Unknown,Cytotoxicity,Others,Stability,Spectrum,Serum,Albumin
2022,Peptide,Nanosheets,Coated,Positive charge,Unpegylated,Unknown,Cytotoxicity,Complement,Anticancer,Microscope,Others,Lipoprotein
2022,Others,Nanosheets,Coated,Positive charge,Unpegylated,Phagocytosis,Cytotoxicity,Complement,Stability,Proteomics,Plasma,Fibrinogen
2022,Others,Spherical,Unknown,Unknown,Unpegylated,Unknown,Cytotoxicity,Inflammation,Biodistribution,Sdspage,Plasma,Others
2022,Gold,Spherical,Unknown,Positive charge,Unpegylated,Unknown,Unknown,Immune response,Stability,Spectrum,Plasma,Fibrinogen
2022,Others,Others,Coated,Negative charge,Unpegylated,Unknown,Cytotoxicity,Others,Biodistribution,Fluorescence,Plasma,Others
2022,Others,Others,Coated,Negative charge,Unpegylated,Unknown,Cytotoxicity,Others,Stability,Proteomics,Plasma,Others
2022,Lipoplexes,Spherical,Coated,Positive charge,Unpegylated,Endocytosis,Cytotoxicity,Others,Antibacterial,Fluorescence,Medium,Others
2022,Others,Spherical,Coated,Positive charge,Unpegylated,Unknown,Cytotoxicity,Others,Enzymes,Uvvis,Others,Others
2022,Magnetic,Others,Unknown,Positive charge,Unpegylated,Unknown,Cytotoxicity,Others,Therapy,Proteomics,Medium,Others
2023,Others,Nanosheets,Coated,Negative charge,Unpegylated,Endocytosis,Cytotoxicity,Immune response,Anticancer,Microscope,Medium,Others
2023,Silicon,Nanosheets,Coated,Positive charge,Unpegylated,Unknown,Cytotoxicity,Others,Enzymes,Spectrum,Bovine,Albumin
2023,Others,Others,Coated,Negative charge,Unpegylated,Unknown,Cytotoxicity,Inflammation,Anticancer,Proteomics,Serum,Albumin
2023,Others,Others,Coated,Negative charge,Unpegylated,Unknown,Unknown,Others,Biodistribution,Sdspage,Medium,Others
2023,Others,Spherical,Coated,Negative charge,Unpegylated,Unknown,Cytotoxicity,Inflammation,Biodistribution,Spectrum,Serum,Albumin
2023,Others,Spherical,Unknown,Negative charge,Unpegylated,Unknown,Cytotoxicity,Macrophages,Biodistribution,Icpms,Serum,Albumin
2023,Micelles,Others,Coated,Negative charge,Unpegylated,Phagocytosis,Unknown,Others,Stability,Microscope,Plasma,Albumin
2023,Copper,Amorphous,Coated,Negative charge,Unpegylated,Endocytosis,Cytotoxicity,Macrophages,Biodistribution,Microscope,Medium,Albumin
2023,Magnetic,Nanosheets,Coated,Unknown,Unpegylated,Unknown,Cytotoxicity,Inflammation,Anticancer,Sdspage,Others,Others
2023,Peptide,Others,Coated,Positive charge,Unpegylated,Unknown,Cytotoxicity,Complement,Biodistribution,Fluorescence,Serum,Albumin
2023,Polystyrene,Others,Coated,Positive charge,Unpegylated,Unknown,Unknown,Macrophages,Biodistribution,Sdspage,Medium,Others
2023,Lipoplexes,Others,Unknown,Negative charge,Unpegylated,Phagocytosis,Cytotoxicity,Complement,Biodistribution,Spectrum,Plasma,Albumin
2023,Silver,Others,Coated,Negative charge,Unpegylated,Unknown,Cytotoxicity,Inflammation,Antibacterial,Sdspage,Serum,Albumin
2023,Micelles,Others,Coated,Negative charge,Unpegylated,Unknown,Unknown,Others,Others,Uvvis,Plasma,Fibrinogen
2023,Quantum,Spherical,Coated,Positive charge,Unpegylated,Unknown,Cytotoxicity,Immune response,Anticancer,Fluorescence,Serum,Albumin
2023,Others,Others,Coated,Negative charge,Unpegylated,Phagocytosis,Cytotoxicity,Dendritic cells,Stability,Sdspage,Serum,Albumin
2023,Lipoplexes,Others,Coated,Positive charge,Unpegylated,Endocytosis,Cytotoxicity,Others,Biodistribution,Spectrum,Plasma,Others
2023,Micelles,Others,Coated,Positive charge,Unpegylated,Unknown,Cytotoxicity,Dendritic cells,Anticancer,Spectrum,Medium,Others
2023,Quantum,Others,Unknown,Negative charge,Unpegylated,Endocytosis,Cytotoxicity,Macrophages,Biodistribution,Spectrum,Medium,Others
2023,Peptide,Others,Coated,Unknown,Unpegylated,Endocytosis,Cytotoxicity,Macrophages,Release,Fluorescence,Plasma,Albumin
2023,Carbon,Nanosheets,Coated,Negative charge,Unpegylated,Unknown,Cytotoxicity,Inflammation,Enzymes,Spectrum,Bovine,Albumin
2023,Others,Nanotubes,Coated,Negative charge,Unpegylated,Unknown,Cytotoxicity,Others,Enzymes,Spectrum,Plasma,Others
2023,Gold,Spherical,Coated,Positive charge,Unpegylated,Unknown,Cytotoxicity,Others,Anticancer,Spectrum,Bovine,Others
2023,Silicon,Amorphous,Coated,Negative charge,Unpegylated,Unknown,Cytotoxicity,Inflammation,Biodistribution,Microscope,Plasma,Others
2023,Oxidative,Spherical,Coated,Positive charge,Unpegylated,Unknown,Cytotoxicity,Inflammation,Biodistribution,Spectrum,Serum,Lipoprotein
2023,Micelles,Others,Unknown,Negative charge,Unpegylated,Unknown,Unknown,Others,Stability,Microscope,Others,Others
2023,Others,Others,Coated,Unknown,Unpegylated,Unknown,Cytotoxicity,Others,Stability,Fluorescence,Others,Albumin
2023,Micelles,Spherical,Coated,Positive charge,Unpegylated,Unknown,Unknown,Others,Biodistribution,Sdspage,Plasma,Fibrinogen
2023,Magnetic,Others,Coated,Unknown,Unpegylated,Unknown,Cytotoxicity,Immune response,Biodistribution,Spectrum,Plasma,Albumin
2023,Others,Nanosheets,Coated,Negative charge,Unpegylated,Unknown,Cytotoxicity,Macrophages,Biodistribution,Spectrum,Serum,Albumin
2023,Micelles,Spherical,Coated,Negative charge,Unpegylated,Unknown,Cytotoxicity,Inflammation,Therapy,Microscope,Serum,Albumin
2023,Others,Others,Unknown,Positive charge,Unpegylated,Endocytosis,Cytotoxicity,Macrophages,Anticancer,Fluorescence,Medium,Albumin
2023,Micelles,Others,Unknown,Negative charge,Unpegylated,Unknown,Cytotoxicity,Inflammation,Therapy,Microscope,Medium,Albumin
2023,Silver,Others,Coated,Negative charge,Unpegylated,Unknown,Cytotoxicity,Inflammation,Antibacterial,Fluorescence,Serum,Fibrinogen
2023,Carbon,Others,Coated,Positive charge,Unpegylated,Unknown,Cytotoxicity,Others,Anticancer,Fluorescence,Serum,Albumin
2023,Others,Others,Unknown,Negative charge,Unpegylated,Unknown,Cytotoxicity,Complement,Enzymes,Fluorescence,Serum,Albumin
2023,Gold,Nanorods,Coated,Negative charge,Unpegylated,Unknown,Cytotoxicity,Others,Stability,Spectrum,Others,Lipoprotein
2023,Peptide,Spherical,Unknown,Positive charge,Unpegylated,Unknown,Cytotoxicity,Macrophages,Enzymes,Proteomics,Medium,Albumin
2023,Oxidative,Spherical,Coated,Negative charge,Unpegylated,Unknown,Cytotoxicity,Inflammation,Release,Microscope,Serum,Albumin
2023,Peptide,Spherical,Coated,Negative charge,Unpegylated,Unknown,Cytotoxicity,Others,Anticancer,Proteomics,Plasma,Albumin
2023,Others,Spherical,Coated,Unknown,Unpegylated,Phagocytosis,Cytotoxicity,Complement,Biodistribution,Proteomics,Plasma,Lipoprotein
2023,Agglomerates,Amorphous,Coated,Negative charge,Unpegylated,Unknown,Cytotoxicity,Others,Stability,Spectrum,Medium,Others
2023,Silicon,Spherical,Unknown,Positive charge,Unpegylated,Unknown,Cytotoxicity,Inflammation,Biodistribution,Microscope,Serum,Others
2023,Silver,Others,Coated,Positive charge,Unpegylated,Unknown,Cytotoxicity,Cytokines,Release,Spectrum,Medium,Others
2023,Polystyrene,Others,Coated,Neutral,Unpegylated,Unknown,Cytotoxicity,Others,Release,Spectrum,Serum,Albumin
2023,Others,Others,Coated,Negative charge,Unpegylated,Unknown,Cytotoxicity,Inflammation,Release,Microscope,Plasma,Fibrinogen
2023,Agglomerates,Others,Coated,Negative charge,Unpegylated,Unknown,Unknown,Others,Stability,Spectrum,Bovine,Albumin
2023,Gold,Spherical,Coated,Unknown,Unpegylated,Unknown,Cytotoxicity,Others,Targeting,Icpms,Plasma,Albumin
2023,Lipoplexes,Others,Coated,Negative charge,Unpegylated,Unknown,Cytotoxicity,Macrophages,Anticancer,Microscope,Medium,Albumin
2023,Others,Others,Coated,Negative charge,Unpegylated,Unknown,Cytotoxicity,Immune response,Anticancer,Fluorescence,Serum,Albumin
2023,Gold,Others,Coated,Positive charge,Unpegylated,Unknown,Unknown,Others,Biodistribution,Microscope,Bovine,Albumin
2023,Lipoplexes,Spherical,Coated,Negative charge,Unpegylated,Unknown,Cytotoxicity,Inflammation,Targeting,Proteomics,Plasma,Lipoprotein
2023,Silver,Others,Coated,Positive charge,Unpegylated,Unknown,Cytotoxicity,Others,Stability,Uvvis,Serum,Albumin
2023,Peptide,Spherical,Coated,Negative charge,Unpegylated,Unknown,Cytotoxicity,Others,Enzymes,Proteomics,Serum,Albumin
2023,Magnetic,Nanosheets,Unknown,Negative charge,Unpegylated,Unknown,Unknown,Cytokines,Anticancer,Sdspage,Plasma,Others
2023,Carbon,Nanosheets,Coated,Unknown,Unpegylated,Endocytosis,Cytotoxicity,Others,Anticancer,Microscope,Medium,Others
2023,Polystyrene,Others,Coated,Negative charge,Unpegylated,Unknown,Cytotoxicity,Complement,Stability,Others,Medium,Albumin
2023,Lipoplexes,Others,Coated,Unknown,Unpegylated,Endocytosis,Cytotoxicity,Others,Biodistribution,Spectrum,Medium,Albumin
2023,Peptide,Others,Unknown,Positive charge,Unpegylated,Unknown,Unknown,Complement,Anticancer,Spectrum,Bovine,Albumin
2023,Oxidative,Nanosheets,Coated,Positive charge,Unpegylated,Unknown,Cytotoxicity,Immune response,Targeting,Fluorescence,Serum,Albumin
2023,Colloids,Others,Unknown,Unknown,Unpegylated,Unknown,Unknown,Others,Biodistribution,Others,Medium,Others
2023,Unknown,Others,Unknown,Negative charge,Unpegylated,Unknown,Cytotoxicity,Others,Enzymes,Proteomics,Serum,Others
2023,Oxidative,Others,Unknown,Neutral,Unpegylated,Unknown,Unknown,Others,Enzymes,Spectrum,Plasma,Others
2023,Others,Spherical,Coated,Negative charge,Unpegylated,Unknown,Cytotoxicity,Inflammation,Therapy,Sdspage,Serum,Albumin
2023,Carbon,Others,Coated,Unknown,Unpegylated,Phagocytosis,Cytotoxicity,Immune response,Therapy,Fluorescence,Plasma,Albumin
2023,Lipoplexes,Spherical,Coated,Positive charge,Unpegylated,Unknown,Cytotoxicity,Others,Anticancer,Fluorescence,Serum,Albumin
2023,Agglomerates,Others,Coated,Negative charge,Unpegylated,Phagocytosis,Cytotoxicity,Immune response,Biodistribution,Fluorescence,Medium,Albumin
2023,Gold,Nanostars,Coated,Positive charge,Unpegylated,Unknown,Cytotoxicity,Others,Stability,Spectrum,Serum,Albumin
2023,Oxidative,Nanosheets,Unknown,Positive charge,Unpegylated,Unknown,Cytotoxicity,Inflammation,Biodistribution,Spectrum,Bovine,Albumin
2023,Virus,Nanotubes,Coated,Positive charge,Unpegylated,Unknown,Cytotoxicity,Others,Biodistribution,Sdspage,Others,Others
2023,Others,Spherical,Coated,Positive charge,Unpegylated,Endocytosis,Cytotoxicity,Macrophages,Anticancer,Fluorescence,Medium,Transferrin
2023,Colloids,Others,Coated,Negative charge,Unpegylated,Unknown,Hemotoxicity,Others,Biodistribution,Fluorescence,Plasma,Albumin
2023,Quantum,Others,Coated,Positive charge,Unpegylated,Unknown,Cytotoxicity,Others,Enzymes,Fluorescence,Serum,Albumin
2023,Others,Spherical,Coated,Negative charge,Unpegylated,Unknown,Cytotoxicity,Immune response,Stability,Spectrum,Medium,Others
2023,Others,Others,Coated,Negative charge,Unpegylated,Unknown,Unknown,Complement,Biodistribution,Fluorescence,Plasma,Fibrinogen
2023,Oxidative,Nanosheets,Coated,Positive charge,Unpegylated,Unknown,Cytotoxicity,Complement,Anticancer,Fluorescence,Serum,Albumin
2023,Lipoplexes,Spherical,Coated,Negative charge,Unpegylated,Unknown,Cytotoxicity,Others,Biodistribution,Spectrum,Plasma,Albumin
2023,Others,Spherical,Coated,Positive charge,Unpegylated,Unknown,Cytotoxicity,Others,Antibacterial,Spectrum,Medium,Others
2024,Peptide,Spherical,Coated,Negative charge,Unpegylated,Unknown,Cytotoxicity,Complement,Anticancer,Fluorescence,Serum,Others
2024,Virus,Others,Coated,Positive charge,Unpegylated,Unknown,Cytotoxicity,Immune response,Therapy,Microscope,Serum,Others
2024,Agglomerates,Others,Unknown,Positive charge,Unpegylated,Unknown,Cytotoxicity,Inflammation,Biodistribution,Fluorescence,Medium,Others
2024,Others,Spherical,Coated,Positive charge,Unpegylated,Unknown,Cytotoxicity,Others,Targeting,Spectrum,Medium,Albumin
2024,Peptide,Others,Coated,Negative charge,Unpegylated,Unknown,Cytotoxicity,Complement,Biodistribution,Proteomics,Plasma,Albumin
2024,Magnetic,Spherical,Coated,Positive charge,Unpegylated,Unknown,Cytotoxicity,Immune response,Antibacterial,Microscope,Medium,Others
2024,Others,Others,Coated,Unknown,Unpegylated,Unknown,Cytotoxicity,Others,Therapy,Proteomics,Plasma,Albumin
2024,Lipoplexes,Others,Unknown,Negative charge,Unpegylated,Endocytosis,Cytotoxicity,Others,Therapy,Fluorescence,Serum,Albumin
2024,Gold,Spherical,Coated,Negative charge,Unpegylated,Unknown,Cytotoxicity,Immune response,Stability,Fluorescence,Serum,Albumin
2024,Polystyrene,Others,Coated,Negative charge,Unpegylated,Phagocytosis,Cytotoxicity,Macrophages,Biodistribution,Proteomics,Serum,Lipoprotein
2024,Lipoplexes,Others,Coated,Positive charge,Unpegylated,Endocytosis,Cytotoxicity,Macrophages,Biodistribution,Proteomics,Medium,Lipoprotein
2024,Others,Spherical,Coated,Unknown,Unpegylated,Phagocytosis,Cytotoxicity,Inflammation,Others,Spectrum,Medium,Albumin
2024,Others,Nanosheets,Coated,Positive charge,Unpegylated,Unknown,Cytotoxicity,Inflammation,Enzymes,Spectrum,Plasma,Albumin
2024,Others,Nanostars,Coated,Negative charge,Unpegylated,Endocytosis,Cytotoxicity,Immune response,Targeting,Microscope,Medium,Others
2024,Silver,Amorphous,Coated,Negative charge,Unpegylated,Unknown,Cytotoxicity,Others,Stability,Fluorescence,Bovine,Albumin
2024,Silicon,Others,Coated,Positive charge,Unpegylated,Unknown,Cytotoxicity,Immune response,Release,Spectrum,Bovine,Albumin
2024,Peptide,Spherical,Coated,Unknown,Unpegylated,Unknown,Unknown,Cytokines,Targeting,Proteomics,Plasma,Albumin
2024,Nanovesicles,Others,Unknown,Positive charge,Unpegylated,Phagocytosis,Hemotoxicity,Immune response,Release,Spectrum,Plasma,Others
2024,Peptide,Others,Coated,Positive charge,Unpegylated,Unknown,Cytotoxicity,Dendritic cells,Biodistribution,Spectrum,Plasma,Fibrinogen
2024,Micelles,Others,Coated,Positive charge,Unpegylated,Unknown,Cytotoxicity,Macrophages,Targeting,Microscope,Plasma,Fibrinogen
2024,Polystyrene,Spherical,Coated,Positive charge,Unpegylated,Unknown,Cytotoxicity,Inflammation,Stability,Sdspage,Serum,Albumin
2024,Peptide,Others,Coated,Positive charge,Unpegylated,Unknown,Unknown,Others,Targeting,Proteomics,Plasma,Albumin
2024,Oxidative,Others,Coated,Negative charge,Unpegylated,Unknown,Cytotoxicity,Macrophages,Release,Fluorescence,Medium,Albumin
2024,Oxidative,Nanorods,Coated,Negative charge,Unpegylated,Unknown,Unknown,Others,Others,Wavelength,Others,Others
2024,Others,Spherical,Coated,Negative charge,Unpegylated,Endocytosis,Cytotoxicity,Others,Biodistribution,Fluorescence,Serum,Transferrin
2024,Agglomerates,Spherical,Coated,Negative charge,Unpegylated,Unknown,Unknown,Complement,Stability,Others,Plasma,Others
2024,Others,Spherical,Unknown,Negative charge,Unpegylated,Unknown,Cytotoxicity,Inflammation,Others,Proteomics,Plasma,Others
2024,Silicon,Others,Coated,Negative charge,Unpegylated,Unknown,Unknown,Complement,Targeting,Others,Plasma,Albumin
2024,Peptide,Others,Coated,Negative charge,Unpegylated,Unknown,Cytotoxicity,Complement,Biodistribution,Proteomics,Plasma,Albumin
2024,Others,Spherical,Unknown,Positive charge,Unpegylated,Unknown,Cytotoxicity,Others,Biodistribution,Spectrum,Medium,Others
2024,Nanovesicles,Others,Coated,Positive charge,Unpegylated,Unknown,Cytotoxicity,Immune response,Anticancer,Fluorescence,Serum,Albumin
2024,Oxidative,Amorphous,Unknown,Positive charge,Unpegylated,Unknown,Cytotoxicity,Others,Enzymes,Spectrum,Medium,Others
2024,Magnetic,Others,Unknown,Unknown,Unpegylated,Unknown,Unknown,Others,Therapy,Others,Medium,Others
2024,Carbon,Spherical,Unknown,Unknown,Unpegylated,Unknown,Cytotoxicity,Others,Stability,Spectrum,Medium,Others
2024,Carbon,Nanosheets,Coated,Positive charge,Unpegylated,Unknown,Hemotoxicity,Inflammation,Stability,Spectrum,Plasma,Albumin
2024,Others,Spherical,Coated,Negative charge,Unpegylated,Unknown,Cytotoxicity,Immune response,Release,Proteomics,Plasma,Albumin
2024,Magnetic,Spherical,Coated,Positive charge,Unpegylated,Phagocytosis,Cytotoxicity,Immune response,Anticancer,Fluorescence,Serum,Albumin
2024,Micelles,Spherical,Coated,Negative charge,Unpegylated,Unknown,Cytotoxicity,Others,Stability,Spectrum,Serum,Transferrin
2024,Gold,Nanosheets,Coated,Negative charge,Unpegylated,Unknown,Unknown,Others,Biodistribution,Fluorescence,Medium,Albumin
2024,Gold,Others,Coated,Negative charge,Unpegylated,Endocytosis,Cytotoxicity,Immune response,Biodistribution,Microscope,Plasma,Albumin
2024,Silicon,Others,Coated,Positive charge,Unpegylated,Unknown,Unknown,Others,Biodistribution,Microscope,Serum,Lipoprotein
2024,Silicon,Spherical,Coated,Negative charge,Unpegylated,Unknown,Cytotoxicity,Dendritic cells,Release,Microscope,Medium,Others
2024,Nanovesicles,Nanostars,Coated,Negative charge,Unpegylated,Unknown,Unknown,Others,Anticancer,Spectrum,Plasma,Others
2024,Carbon,Nanotubes,Unknown,Positive charge,Unpegylated,Unknown,Cytotoxicity,Macrophages,Stability,Spectrum,Bovine,Albumin
2024,Others,Nanotubes,Coated,Negative charge,Unpegylated,Phagocytosis,Cytotoxicity,Immune response,Therapy,Fluorescence,Medium,Others
2024,Peptide,Spherical,Unknown,Negative charge,Unpegylated,Phagocytosis,Unknown,Complement,Therapy,Fluorescence,Serum,Fibrinogen
2024,Peptide,Spherical,Uncoated,Negative charge,Unpegylated,Unknown,Cytotoxicity,Inflammation,Enzymes,Fluorescence,Serum,Albumin
2024,Silicon,Spherical,Coated,Negative charge,Unpegylated,Unknown,Cytotoxicity,Dendritic cells,Release,Fluorescence,Serum,Albumin
2024,Nanovesicles,Others,Unknown,Unknown,Unpegylated,Endocytosis,Unknown,Inflammation,Biodistribution,Microscope,Medium,Others
2024,Magnetic,Nanosheets,Coated,Positive charge,Unpegylated,Unknown,Cytotoxicity,Others,Anticancer,Spectrum,Bovine,Albumin
2024,Oxidative,Others,Coated,Negative charge,Unpegylated,Endocytosis,Cytotoxicity,Inflammation,Biodistribution,Microscope,Serum,Albumin
2024,Micelles,Others,Coated,Negative charge,Unpegylated,Unknown,Cytotoxicity,Macrophages,Biodistribution,Spectrum,Bovine,Albumin
2024,Carbon,Others,Coated,Negative charge,Unpegylated,Unknown,Cytotoxicity,Others,Antibacterial,Spectrum,Others,Others
2024,Peptide,Others,Coated,Positive charge,Unpegylated,Unknown,Cytotoxicity,Complement,Biodistribution,Proteomics,Plasma,Albumin
2024,Polystyrene,Others,Unknown,Positive charge,Unpegylated,Unknown,Cytotoxicity,Others,Antibacterial,Microscope,Plasma,Others
2024,Peptide,Spherical,Coated,Positive charge,Unpegylated,Unknown,Cytotoxicity,Immune response,Anticancer,Proteomics,Serum,Albumin
2024,Oxidative,Spherical,Coated,Negative charge,Unpegylated,Endocytosis,Cytotoxicity,Inflammation,Biodistribution,Microscope,Serum,Lipoprotein
2024,Others,Others,Coated,Negative charge,Unpegylated,Endocytosis,Cytotoxicity,Others,Biodistribution,Proteomics,Medium,Transferrin
2024,Agglomerates,Nanosheets,Coated,Negative charge,Unpegylated,Unknown,Cytotoxicity,Immune response,Biodistribution,Spectrum,Bovine,Others
2024,Nanoplastics,Others,Unknown,Positive charge,Unpegylated,Endocytosis,Mitochondrial toxicity,Complement,Release,Fluorescence,Serum,Albumin
