NP Entry ID,Study ID,Title,NP without modification,Surface modification,SizeDLS,Zeta potential,Incubation protein source,Incubation plasma concentration,Incubation NP concentration,Centrifugation speed,Centrifugation time,Certrifugation temperature,NP type,NP shape,Dispersion medium,PDI,Incubation culture,Incubation time,Incubation temperature,Centrifugation repetitions,ALB,C3,APOA2
A001,A01,Protein adsorption is required for stealth effect of poly(ethylene glycol)- and poly(phosphoester)-coated nanocarriers,PS,PEG,119,8,HP,80,822.2696,20000,60,25,other,sphere,water,0.25,water,1,37,1,28.29049204,0.328085847,0
A002,A01,Protein adsorption is required for stealth effect of poly(ethylene glycol)- and poly(phosphoester)-coated nanocarriers,PS,PEG,117,14,HP,80,836.3325,20000,60,25,other,sphere,water,0.25,water,1,37,1,2.68822952,0.89996404,0.397014374
A003,A01,Protein adsorption is required for stealth effect of poly(ethylene glycol)- and poly(phosphoester)-coated nanocarriers,PS,NH2,106,46,HP,80,923.114,20000,60,25,other,sphere,water,0.25,water,1,37,1,0.428409312,0.99917407,0.053047548
A004,A01,Protein adsorption is required for stealth effect of poly(ethylene glycol)- and poly(phosphoester)-coated nanocarriers,PS,PEEP,122,-10,HP,80,802.0499,20000,60,25,other,sphere,water,0.25,water,1,37,1,0.088385024,0.372115239,0.264338582
A005,A01,Protein adsorption is required for stealth effect of poly(ethylene glycol)- and poly(phosphoester)-coated nanocarriers,PS,PEEP,117,-9,HP,80,836.3255,20000,60,25,other,sphere,water,0.25,water,1,37,1,0.079498791,0.349449972,0.376595901
A006,A02,Biophysics and protein corona analysis of Janus cyclodextrin-DNA nanocomplexes. Efficient cellular transfection on cancer cells,ADM70,N/A,114,29.8,HS,50,500,14000,15,3,liposome,sphere,plasma,0.21,water,1,37,1,2.64,2.37,2.7
A007,A02,Biophysics and protein corona analysis of Janus cyclodextrin-DNA nanocomplexes. Efficient cellular transfection on cancer cells,ADM105,N/A,149,31.7,HS,50,500,14000,15,3,liposome,sphere,plasma,0.41,water,1,37,1,5.7,1.63,1.92
A008,A02,Biophysics and protein corona analysis of Janus cyclodextrin-DNA nanocomplexes. Efficient cellular transfection on cancer cells,ADM105,pDNA,191,-16.3,HS,50,500,14000,15,3,liposome,sphere,plasma,0.64,water,1,37,1,4.89,1.57,3.5
A009,A02,Biophysics and protein corona analysis of Janus cyclodextrin-DNA nanocomplexes. Efficient cellular transfection on cancer cells,ADM70,pDNA,153,-17.4,HS,50,500,14000,15,3,liposome,sphere,plasma,0.34,water,1,37,1,3.37,3.84,1.42
A010,A03,Characterization of the bionano interface and mapping extrinsic interactions of the corona of nanomaterials,PS,COOH,73.7,-43.5,HP,10,40,250,3,25,other,sphere,PBS,0.06,buffer,1,25,1,4.8598362,0.3799306,0
A011,A03,Characterization of the bionano interface and mapping extrinsic interactions of the corona of nanomaterials,PS,COOH,73.7,-43.5,HP,25,40,250,3,25,other,sphere,PBS,0.06,buffer,1,25,1,0.89,0.27,0
A012,A03,Characterization of the bionano interface and mapping extrinsic interactions of the corona of nanomaterials,PS,COOH,73.7,-43.5,HP,55,40,250,3,25,other,sphere,PBS,0.06,buffer,1,25,1,1.0960737,0.1489602,0
A013,A03,Characterization of the bionano interface and mapping extrinsic interactions of the corona of nanomaterials,PS,COOH,73.7,-43.5,HP,75,40,250,3,25,other,sphere,PBS,0.06,buffer,1,25,1,1.2,0.44,0
A014,A03,Characterization of the bionano interface and mapping extrinsic interactions of the corona of nanomaterials,PS,COOH,116.3,-53.2,HP,10,5,250,3,25,other,sphere,PBS,0.05,buffer,1,25,1,1.13,0,0
A015,A03,Characterization of the bionano interface and mapping extrinsic interactions of the corona of nanomaterials,PS,OSO3,130,-61.2,HP,10,1,250,3,25,other,sphere,PBS,0.09,buffer,1,25,1,6.04,0.03,0
A016,A04,Corona protein composition and cytotoxicity evaluation of ultra-small zeolites synthesized from template free precursor suspensions,zeolite,N/A,12,-35,HP,10,100,10000,20,25,other,sheet,water,0.126944444,water,1,25,5,7.29,2.85,0
A017,A04,Corona protein composition and cytotoxicity evaluation of ultra-small zeolites synthesized from template free precursor suspensions,zeolite,N/A,12,-35,HP,10,100,10000,20,25,other,sheet,water,0.126944444,water,1,25,5,2.73,1.32,0
A018,A04,Corona protein composition and cytotoxicity evaluation of ultra-small zeolites synthesized from template free precursor suspensions,zeolite,N/A,12,-35,HP,10,100,10000,20,25,other,sheet,water,0.126944444,water,1,25,5,2.01,1.06,0
A019,A04,Corona protein composition and cytotoxicity evaluation of ultra-small zeolites synthesized from template free precursor suspensions,zeolite,N/A,13,-35,HP,10,100,10000,20,25,other,sphere,water,0.126944444,water,1,25,5,4.21,2.43,4.18
A020,A04,Corona protein composition and cytotoxicity evaluation of ultra-small zeolites synthesized from template free precursor suspensions,zeolite,N/A,13,-35,HP,10,100,10000,20,25,other,sphere,water,0.126944444,water,1,25,5,3.21,2.31,4.69
A021,A04,Corona protein composition and cytotoxicity evaluation of ultra-small zeolites synthesized from template free precursor suspensions,zeolite,N/A,13,-35,HP,10,100,10000,20,25,other,sphere,water,0.126944444,water,1,25,5,4.16,1.89,4.7
A022,A04,Corona protein composition and cytotoxicity evaluation of ultra-small zeolites synthesized from template free precursor suspensions,zeolite,N/A,13,-35,HP,10,100,10000,20,25,other,sphere,water,0.126944444,water,1,25,5,3.73,2.76,0
A023,A04,Corona protein composition and cytotoxicity evaluation of ultra-small zeolites synthesized from template free precursor suspensions,zeolite,N/A,12,-35,HP,100,100,10000,20,25,other,sheet,water,0.126944444,water,1,25,5,7.93,8.82,0
A024,A04,Corona protein composition and cytotoxicity evaluation of ultra-small zeolites synthesized from template free precursor suspensions,zeolite,N/A,12,-35,HP,100,100,10000,20,25,other,sheet,water,0.126944444,water,1,25,5,0,4.2,0
A025,A04,Corona protein composition and cytotoxicity evaluation of ultra-small zeolites synthesized from template free precursor suspensions,zeolite,N/A,12,-35,HP,100,100,10000,20,25,other,sheet,water,0.126944444,water,1,25,5,0,2.42,20.24
A026,A04,Corona protein composition and cytotoxicity evaluation of ultra-small zeolites synthesized from template free precursor suspensions,zeolite,N/A,12,-35,HP,100,100,10000,20,25,other,sheet,water,0.126944444,water,1,25,5,0,2.86,23.95
A027,A04,Corona protein composition and cytotoxicity evaluation of ultra-small zeolites synthesized from template free precursor suspensions,zeolite,N/A,13,-35,HP,100,100,10000,20,25,other,sphere,water,0.126944444,water,1,25,5,4.807,2.227,0
A028,A04,Corona protein composition and cytotoxicity evaluation of ultra-small zeolites synthesized from template free precursor suspensions,zeolite,N/A,13,-35,HP,100,100,10000,20,25,other,sphere,water,0.126944444,water,1,25,5,4.572,4.519,0
A029,A04,Corona protein composition and cytotoxicity evaluation of ultra-small zeolites synthesized from template free precursor suspensions,zeolite,N/A,13,-35,HP,100,100,10000,20,25,other,sphere,water,0.126944444,water,1,25,5,3.165,6.452,9.823
A030,A04,Corona protein composition and cytotoxicity evaluation of ultra-small zeolites synthesized from template free precursor suspensions,zeolite,N/A,13,-35,HP,100,100,10000,20,25,other,sphere,water,0.126944444,water,1,25,5,4.068,5.026,8.417
A031,A05,Differential analysis of "protein corona" profile adsorbed onto different nonviral gene delivery systems,LPD,N/A,200,45,HP,50,500,15000,10,25,liposome,sphere,water,0.126944444,water,1,37,1,2.888266721,5.202766478,3.557785245
A032,A05,Differential analysis of "protein corona" profile adsorbed onto different nonviral gene delivery systems,LPD,N/A,200,45,HP,50,500,15000,10,25,liposome,sphere,water,0.126944444,water,1,37,1,3.725129189,5.30200686,4.372374666
A033,A05,Differential analysis of "protein corona" profile adsorbed onto different nonviral gene delivery systems,LPD,N/A,200,45,HP,50,500,15000,10,25,liposome,sphere,water,0.126944444,water,1,37,1,9.573889802,4.747209272,5.252143915
A034,A05,Differential analysis of "protein corona" profile adsorbed onto different nonviral gene delivery systems,DOTAP/DNA,N/A,200,50,HP,50,500,15000,10,25,liposome,sphere,water,0.126944444,water,1,37,1,2.303631456,2.061382736,3.320576293
A035,A05,Differential analysis of "protein corona" profile adsorbed onto different nonviral gene delivery systems,DOTAP/DNA,N/A,200,50,HP,50,500,15000,10,25,liposome,sphere,water,0.126944444,water,1,37,1,4.024107844,2.051587642,4.152221325
A036,A05,Differential analysis of "protein corona" profile adsorbed onto different nonviral gene delivery systems,DOTAP/DNA,N/A,200,50,HP,50,500,15000,10,25,liposome,sphere,water,0.126944444,water,1,37,1,4.024107844,2.051587642,4.152221325
A037,A05,Differential analysis of "protein corona" profile adsorbed onto different nonviral gene delivery systems,DOTAP,N/A,100,47.5,HP,50,500,15000,10,25,liposome,sphere,water,0.126944444,water,1,37,1,2.485744469,2.206388573,3.299146762
A038,A05,Differential analysis of "protein corona" profile adsorbed onto different nonviral gene delivery systems,DOTAP,N/A,100,47.5,HP,50,500,15000,10,25,liposome,sphere,water,0.126944444,water,1,37,1,2.557271201,2.372329284,3.946040866
A039,A05,Differential analysis of "protein corona" profile adsorbed onto different nonviral gene delivery systems,DOTAP,N/A,100,47.5,HP,50,500,15000,10,25,liposome,sphere,water,0.126944444,water,1,37,1,2.101225228,2.308662186,3.345448601
A040,A06,Do plasma proteins distinguish between liposomes of varying charge density?,DC-Chol-DOPE,N/A,102,54.3,HP,50,500,15000,10,25,liposome,sphere,buffer,0.243,buffer,1,37,1,4.3312,5.31456,1.98963
A041,A05,Do plasma proteins distinguish between liposomes of varying charge density?,DC-Chol-DOPE,N/A,102,54.3,HP,50,500,15000,10,25,liposome,sphere,buffer,0.243,buffer,1,37,1,4.02728,5.04491,2.49555
A042,A06,Do plasma proteins distinguish between liposomes of varying charge density?,DC-Chol-DOPE,N/A,102,54.3,HP,50,500,15000,10,25,liposome,sphere,buffer,0.243,buffer,1,37,1,3.64954,4.6858,1.67627
A043,A05,Do plasma proteins distinguish between liposomes of varying charge density?,DC-Chol-DOPE,N/A,109,56.3,HP,50,500,15000,10,25,liposome,sphere,buffer,0.212,buffer,1,37,1,4.393645026,5.94,1.951308922
A044,A06,Do plasma proteins distinguish between liposomes of varying charge density?,DC-Chol-DOPE,N/A,109,56.3,HP,50,500,15000,10,25,liposome,sphere,buffer,0.212,buffer,1,37,1,3.93471227,5.67,2.503828895
A045,A05,Do plasma proteins distinguish between liposomes of varying charge density?,DC-Chol-DOPE,N/A,109,56.3,HP,50,500,15000,10,25,liposome,sphere,buffer,0.212,buffer,1,37,1,3.949342823,5.27,2.180979245
A046,A06,Do plasma proteins distinguish between liposomes of varying charge density?,DC-Chol-DOPE,N/A,105,60.5,HP,50,500,15000,10,25,liposome,sphere,buffer,0.239,buffer,1,37,1,7.49256,2.20764,2.82976
A047,A05,Do plasma proteins distinguish between liposomes of varying charge density?,DC-Chol-DOPE,N/A,105,60.5,HP,50,500,15000,10,25,liposome,sphere,buffer,0.239,buffer,1,37,1,2.81275,2.27723,2.80177
A048,A06,Do plasma proteins distinguish between liposomes of varying charge density?,DC-Chol-DOPE,N/A,105,60.5,HP,50,500,15000,10,25,liposome,sphere,buffer,0.239,buffer,1,37,1,2.70389,2.09583,2.48756
A049,A07,Effect of DOPE and cholesterol on the protein adsorption onto lipid nanoparticles,DOTAP-Chol,N/A,83.5,50.5,HP,50,500,15000,10,25,liposome,sphere,buffer,0.293,buffer,1,37,1,4.153882021,3.145329957,1.924217523
A050,A07,Effect of DOPE and cholesterol on the protein adsorption onto lipid nanoparticles,DOTAP-DOPE,N/A,90.8,51.2,HP,50,500,15000,10,25,liposome,sphere,buffer,0.225,buffer,1,37,1,8.559986641,1.158719895,0.815474443
A051,A07,Effect of DOPE and cholesterol on the protein adsorption onto lipid nanoparticles,DOTAP,N/A,78.8,55.7,HP,50,500,15000,10,25,liposome,sphere,buffer,0.205,buffer,1,37,1,4.476103742,2.609528957,4.120842173
A052,A08,Effect of polyethyleneglycol (PEG) chain length on the bio-nano- interactions between PEGylated lipid nanoparticles and biological fluids: From nanostructure to uptake in cancer cells,DOTAP-DOPC-DC-Chol-DOPE/DOPE-PEG ,PEG,103.2,11.3,HP,50,500,14000,15,25,liposome,sphere,water,0.126944444,buffer,1,37,1,1.843308751,4.63909205,1.364547655
A053,A08,Effect of polyethyleneglycol (PEG) chain length on the bio-nano- interactions between PEGylated lipid nanoparticles and biological fluids: From nanostructure to uptake in cancer cells,DOTAP-DOPC-DC-Chol-DOPE/DOPE-PEG ,PEG,118.7,15.5,HP,50,500,14000,15,25,liposome,sphere,water,0.126944444,buffer,1,37,1,1.281672089,1.687038452,1.391465677
A054,A08,Effect of polyethyleneglycol (PEG) chain length on the bio-nano- interactions between PEGylated lipid nanoparticles and biological fluids: From nanostructure to uptake in cancer cells,DOTAP-DOPC-DC-Chol-DOPE/DOPE-PEG ,PEG,116.9,18.3,HP,50,500,14000,15,25,liposome,sphere,water,0.126944444,buffer,1,37,1,2.461540915,5.209821009,1.470506265
A055,A08,Effect of polyethyleneglycol (PEG) chain length on the bio-nano- interactions between PEGylated lipid nanoparticles and biological fluids: From nanostructure to uptake in cancer cells,DOTAP-DOPC-DC-Chol-DOPE,N/A,86,27.4,HP,50,500,14000,15,25,liposome,sphere,water,0.126944444,buffer,1,37,1,1.307732546,1.911206482,1.544103455
A056,A09,The effect of protein corona composition on the interaction of carbon nanotubes with human blood platelets,MWCNT,COOH,80,-57,HP,91,91,10000,20,25,carbon,tube,PBS,0.126944444,buffer,1,25,1,4.589119236,0.087964227,0.747695932
A057,A10,Effects of the presence or absence of a protein corona on silica nanoparticle uptake and impact on cells,Si,N/A,66,-20,FBS,100,100,20000,30,4,other,sphere,PBS,0.2,DMEM,1,37,1,2.62066364,1.86037164,0
A058,A10,Effects of the presence or absence of a protein corona on silica nanoparticle uptake and impact on cells,Si,N/A,44,-13.5,FBS,100,100,20000,30,4,other,sphere,cell culture,0.19,DMEM,1,37,1,2.62066364,1.86037164,0
A059,A11,An Evaluation of Blood Compatibility of Silver Nanoparticles,Ag,PVP,53.3,-21.2,HP,100,1000,19000,20,4,metal,sphere,plasma,0.126944444,buffer,3,25,1,0.570047711,0.219779485,3.467897456
A060,A11,An Evaluation of Blood Compatibility of Silver Nanoparticles,Ag,PVP,53.3,-21.2,HP,100,1000,19000,20,4,metal,sphere,plasma,0.126944444,buffer,3,25,1,0.479061697,0.178470745,2.763740672
A061,A11,An Evaluation of Blood Compatibility of Silver Nanoparticles,Ag,CIT,58.1,-26.1,HP,100,1000,19000,20,4,metal,sphere,plasma,0.126944444,buffer,3,25,1,0.448754739,0.170541092,2.691209194
A062,A11,An Evaluation of Blood Compatibility of Silver Nanoparticles,Ag,CIT,58.1,-26.1,HP,100,1000,19000,20,4,metal,sphere,plasma,0.126944444,buffer,3,25,1,0.468231133,0.178910998,2.782932395
A063,A11,An Evaluation of Blood Compatibility of Silver Nanoparticles,Ag,PVP,93.5,-6.6,HP,100,1000,19000,20,4,metal,sphere,cell culture,0.126944444,buffer,3,25,1,0.570047711,0.219779485,3.467897456
A064,A11,An Evaluation of Blood Compatibility of Silver Nanoparticles,Ag,PVP,93.5,-6.6,HP,100,1000,19000,20,4,metal,sphere,cell culture,0.126944444,buffer,3,25,1,0.479061697,0.178470745,2.763740672
A065,A11,An Evaluation of Blood Compatibility of Silver Nanoparticles,Ag,CIT,115.3,-9.9,HP,100,1000,19000,20,4,metal,sphere,cell culture,0.126944444,buffer,3,25,1,0.448754739,0.170541092,2.691209194
A066,A11,An Evaluation of Blood Compatibility of Silver Nanoparticles,Ag,CIT,115.3,-9.9,HP,100,1000,19000,20,4,metal,sphere,cell culture,0.126944444,buffer,3,25,1,0.468231133,0.178910998,2.782932395
A067,A12,Identification of Receptor Binding to the Biomolecular Corona of Nanoparticles,SiO2,N/A,118,-13.5,FBS,10,1000,16000,20,25,other,sphere,PBS,0.02,buffer,1,37,1,4.56,1.71,0
A068,A12,Identification of Receptor Binding to the Biomolecular Corona of Nanoparticles,SiO2,N/A,118,-13.5,FBS,30,1000,16000,20,25,other,sphere,PBS,0.02,buffer,1,37,1,7.07,1.72,0
A069,A12,Identification of Receptor Binding to the Biomolecular Corona of Nanoparticles,SiO2,N/A,118,-13.5,FBS,50,1000,16000,20,25,other,sphere,PBS,0.02,buffer,1,37,1,6.76,2.11,0
A070,A13,In situ characterization of nanoparticle biomolecular interactions in complex biological media by flow cytometry,PS,N/A,240,-13.5,FBS,80,1000,20000,20,25,other,sphere,PBS,0.02,buffer,1,37,3,9.24,2.74,0
A071,A13,In situ characterization of nanoparticle biomolecular interactions in complex biological media by flow cytometry,SiO2,N/A,112,-13.5,FBS,80,1000,20000,20,25,other,sphere,PBS,0.02,buffer,1,37,3,5.89,2.47,0
A072,A14,"In Vivo Biomolecule Corona around Blood-Circulating, Clinically Used and Antibody-Targeted Lipid Bilayer Nanoscale Vesicles",HSPC-Chol,N/A,104.76,-27.87,RP,82,90,9000,20,25,liposome,sphere,plasma,0.17,water,0.166666667,37,1,1.87,0,0
A073,A14,"In Vivo Biomolecule Corona around Blood-Circulating, Clinically Used and Antibody-Targeted Lipid Bilayer Nanoscale Vesicles",HSPC-Chol,N/A,104.76,-27.87,RP,100,5,9000,20,25,liposome,sphere,plasma,0.17,water,0.166666667,37,8,1.87,0.96,0.9
A074,A14,"In Vivo Biomolecule Corona around Blood-Circulating, Clinically Used and Antibody-Targeted Lipid Bilayer Nanoscale Vesicles",HSPC-Chol-DSPE-PEG20000,PEG,100.98,-30.37,RP,82,90,9000,20,25,liposome,sphere,plasma,0.15,water,0.166666667,37,1,1.75,1.21,0
A075,A14,"In Vivo Biomolecule Corona around Blood-Circulating, Clinically Used and Antibody-Targeted Lipid Bilayer Nanoscale Vesicles",HSPC-Chol-DSPE-PEG20000,PEG,100.98,-30.37,RP,100,5,9000,20,25,liposome,sphere,plasma,0.15,water,0.166666667,37,9,0.84,0.92,0
A076,A14,"In Vivo Biomolecule Corona around Blood-Circulating, Clinically Used and Antibody-Targeted Lipid Bilayer Nanoscale Vesicles",HSPC-Chol,N/A,103.86,-32.1,RP,82,90,9000,20,25,liposome,sphere,plasma,0.2,water,0.166666667,37,1,1.77,0,0
A077,A14,"In Vivo Biomolecule Corona around Blood-Circulating, Clinically Used and Antibody-Targeted Lipid Bilayer Nanoscale Vesicles",HSPC-Chol,N/A,103.86,-32.1,RP,100,5,9000,20,25,liposome,sphere,plasma,0.2,water,0.166666667,37,10,1.2,0.85,0
A078,A14,"In Vivo Biomolecule Corona around Blood-Circulating, Clinically Used and Antibody-Targeted Lipid Bilayer Nanoscale Vesicles",HSPC-Chol,N/A,120.83,-36.23,RP,82,90,9000,20,25,liposome,sphere,plasma,0.2,water,0.166666667,37,1,1.77,0,0
A079,A14,"In Vivo Biomolecule Corona around Blood-Circulating, Clinically Used and Antibody-Targeted Lipid Bilayer Nanoscale Vesicles",HSPC-Chol,N/A,120.83,-36.23,RP,100,5,9000,20,25,liposome,sphere,plasma,0.2,water,0.166666667,37,7,1.2,0.85,0
A080,A14,"In Vivo Biomolecule Corona around Blood-Circulating, Clinically Used and Antibody-Targeted Lipid Bilayer Nanoscale Vesicles",HSPC-Chol,N/A,119.2,-36.54,RP,82,90,9000,20,25,liposome,sphere,plasma,0.17,water,0.166666667,37,1,1.87,0,0
A081,A14,"In Vivo Biomolecule Corona around Blood-Circulating, Clinically Used and Antibody-Targeted Lipid Bilayer Nanoscale Vesicles",HSPC-Chol,N/A,119.2,-36.54,RP,100,5,9000,20,25,liposome,sphere,plasma,0.17,water,0.166666667,37,5,1.87,0.96,0.9
A082,A14,"In Vivo Biomolecule Corona around Blood-Circulating, Clinically Used and Antibody-Targeted Lipid Bilayer Nanoscale Vesicles",HSPC-Chol-DSPE-PEG20000,PEG,113.97,-37.51,RP,82,90,9000,20,25,liposome,sphere,plasma,0.18,water,0.166666667,37,1,1.75,1.21,0
A083,A14,"In Vivo Biomolecule Corona around Blood-Circulating, Clinically Used and Antibody-Targeted Lipid Bilayer Nanoscale Vesicles",HSPC-Chol-DSPE-PEG20000,PEG,113.97,-37.51,RP,100,5,9000,20,25,liposome,sphere,plasma,0.18,water,0.166666667,37,6,0.84,0.92,0
A084,A15,In vivo protein corona patterns of lipid nanoparticles,HSPC-DSPG-Chol,N/A,266,-20.5,RP,95.23,500,1800,10,4,liposome,sphere,plasma,0.373,water,0.166666667,37,1,4.8,0,0
A085,A15,In vivo protein corona patterns of lipid nanoparticles,HSPC-DSPG-Chol,N/A,266,-20.5,RP,100,500,1800,10,4,liposome,sphere,plasma,0.373,water,0.166666667,37,1,4.07,0.66,0
A086,A15,In vivo protein corona patterns of lipid nanoparticles,HSPC-DSPG-Chol,N/A,334,-26.1,RP,95.23,500,1800,10,4,liposome,sphere,plasma,0.312,water,0.166666667,37,1,4.8,0,0
A087,A15,In vivo protein corona patterns of lipid nanoparticles,HSPC-DSPG-Chol,N/A,334,-26.1,RP,100,500,1800,10,4,liposome,sphere,plasma,0.312,water,0.166666667,37,1,4.07,0.66,0
A088,A16,Influence of dynamic flow environment on nanoparticle-protein corona: From protein patterns to uptake in cancer cells,DOTAP:DOPC:DC-Chol:DOPE,N/A,205,-24,FBS,50,500,14000,10,25,liposome,sphere,plasma,0.126944444,buffer,0.083333333,25,1,6.16,0,17.9
A089,A16,Influence of dynamic flow environment on nanoparticle-protein corona: From protein patterns to uptake in cancer cells,DOTAP:DOPC:DC-Chol:DOPE,N/A,230,-24,FBS,50,500,14000,10,25,liposome,sphere,plasma,0.126944444,buffer,0.083333333,25,1,16.53,0.71,10.99
A090,A16,Influence of dynamic flow environment on nanoparticle-protein corona: From protein patterns to uptake in cancer cells,DOTAP:DOPC:DC-Chol:DOPE-PEG,PEG,150,-25,FBS,50,500,14000,10,25,liposome,sphere,plasma,0.126944444,buffer,0.083333333,25,1,28.3,0.68,6.06
A091,A16,Influence of dynamic flow environment on nanoparticle-protein corona: From protein patterns to uptake in cancer cells,DOTAP:DOPC:DC-Chol:DOPE-PEG,PEG,163,-25,FBS,50,500,14000,10,25,liposome,sphere,plasma,0.126944444,buffer,0.083333333,25,1,8.46,0,17.5
A092,A16,Influence of dynamic flow environment on nanoparticle-protein corona: From protein patterns to uptake in cancer cells,DOTAP:DOPC:DC-Chol:DOPE,N/A,205,-26,FBS,50,500,14000,10,25,liposome,sphere,plasma,0.126944444,buffer,1.5,25,1,6.16,0,17.9
A093,A16,Influence of dynamic flow environment on nanoparticle-protein corona: From protein patterns to uptake in cancer cells,DOTAP:DOPC:DC-Chol:DOPE,N/A,230,-26,FBS,50,500,14000,10,25,liposome,sphere,plasma,0.126944444,buffer,1.5,25,1,6.67,0,16.64
A094,A16,Influence of dynamic flow environment on nanoparticle-protein corona: From protein patterns to uptake in cancer cells,DOTAP:DOPC:DC-Chol:DOPE-PEG,PEG,150,-28,FBS,50,500,14000,10,25,liposome,sphere,plasma,0.126944444,buffer,1.5,25,1,16.53,0.71,10.99
A095,A16,Influence of dynamic flow environment on nanoparticle-protein corona: From protein patterns to uptake in cancer cells,DOTAP:DOPC:DC-Chol:DOPE-PEG,PEG,163,-28,FBS,50,500,14000,10,25,liposome,sphere,plasma,0.126944444,buffer,1.5,25,1,6.16,0,17.9
A096,A17,Interaction of gold and silver nanoparticles with human plasma: Analysis of protein corona reveals specific binding patterns,Ag,PVP,75.36,-21.2,HP,66,0.01141,19000,20,4,metal,sphere,plasma,0.126944444,buffer,1,37,1,1.03,0.35,0.064
A097,A17,Interaction of gold and silver nanoparticles with human plasma: Analysis of protein corona reveals specific binding patterns,Au,PVP,47.02,-23.97,HP,66,0.02101,19000,20,4,metal,sphere,plasma,0.126944444,buffer,1,37,1,0.276,7.913,0.073
A098,A17,Interaction of gold and silver nanoparticles with human plasma: Analysis of protein corona reveals specific binding patterns,Au,CIT,56.6,-24.97,HP,66,0.02101,19000,20,4,metal,sphere,plasma,0.126944444,buffer,1,37,1,0.346,6.333,0.108
A099,A17,Interaction of gold and silver nanoparticles with human plasma: Analysis of protein corona reveals specific binding patterns,Ag,BPEI,301.67,-25.7,HP,66,0.01141,19000,20,4,metal,sphere,plasma,0.126944444,buffer,1,37,1,0.752,1.19,0.183
A100,A17,Interaction of gold and silver nanoparticles with human plasma: Analysis of protein corona reveals specific binding patterns,Ag,CIT,58.1,-26.13,HP,66,0.01141,19000,20,4,metal,sphere,plasma,0.126944444,buffer,1,37,1,0.746,1.62,0.147
A101,A17,Interaction of gold and silver nanoparticles with human plasma: Analysis of protein corona reveals specific binding patterns,Au,BPEI,295.2,-26.9,HP,66,0.02101,19000,20,4,metal,sphere,plasma,0.126944444,buffer,1,37,1,0.618,1.42,0.184
A102,A18,Lipid composition: a "key factor" for the rational manipulation of the liposome-protein corona by liposome design,DOTAP-Chol,N/A,83.5,50.5,HP,50,500,14000,15,25,liposome,sphere,buffer,0.126944444,buffer,1,37,1,4.153882021,3.145329957,2.0241223
A103,A18,Lipid composition: a "key factor" for the rational manipulation of the liposome-protein corona by liposome design,DOTAP-DOPE,N/A,90.8,51.2,HP,50,500,14000,15,25,liposome,sphere,buffer,0.126944444,buffer,1,37,1,8.559986641,1.158719895,0.836164236
A104,A18,Lipid composition: a "key factor" for the rational manipulation of the liposome-protein corona by liposome design,Chol-DC,N/A,85.6,55.6,HP,50,500,14000,15,25,liposome,sphere,buffer,0.126944444,buffer,1,37,1,3.047536185,1.562034114,0
A105,A18,Lipid composition: a "key factor" for the rational manipulation of the liposome-protein corona by liposome design,DOTAP,N/A,78.8,55.7,HP,50,500,14000,15,25,liposome,sphere,buffer,0.126944444,buffer,1,37,1,4.476103742,2.609528957,4.268340981
A106,A18,Lipid composition: a "key factor" for the rational manipulation of the liposome-protein corona by liposome design,DC-Chol-DOPE,N/A,119.2,56.3,HP,50,500,14000,15,25,liposome,sphere,buffer,0.126944444,buffer,1,37,1,5.549827975,2.295573697,2.973314502
A107,A18,Lipid composition: a "key factor" for the rational manipulation of the liposome-protein corona by liposome design,Chol-DC,N/A,99.6,59.2,HP,50,500,14000,15,25,liposome,sphere,buffer,0.126944444,buffer,1,37,1,4.662730363,2.389912194,1.270284413
A108,A18,Lipid composition: a "key factor" for the rational manipulation of the liposome-protein corona by liposome design,DOTAP,N/A,156.5,-1.5,HP,50,500,14000,15,25,liposome,sphere,plasma,0.126944444,buffer,1,37,1,4.476103742,2.609528957,4.268340981
A109,A18,Lipid composition: a "key factor" for the rational manipulation of the liposome-protein corona by liposome design,Chol-DC,N/A,220,-10.6,HP,50,500,14000,15,25,liposome,sphere,plasma,0.126944444,buffer,1,37,1,4.662730363,2.389912194,1.270284413
A110,A18,Lipid composition: a "key factor" for the rational manipulation of the liposome-protein corona by liposome design,Chol-DC,N/A,210,-11.2,HP,50,500,14000,15,25,liposome,sphere,plasma,0.126944444,buffer,1,37,1,3.047536185,1.562034114,0
A111,A18,Lipid composition: a "key factor" for the rational manipulation of the liposome-protein corona by liposome design,DC-Chol-DOPE,N/A,250,-11.4,HP,50,500,14000,15,25,liposome,sphere,plasma,0.126944444,buffer,1,37,1,5.549827975,2.295573697,2.973314502
A112,A18,Lipid composition: a "key factor" for the rational manipulation of the liposome-protein corona by liposome design,DOTAP-DOPE,N/A,178.1,-2.1,HP,50,500,14000,15,25,liposome,sphere,plasma,0.126944444,buffer,1,37,1,8.559986641,1.158719895,0.836164236
A113,A18,Lipid composition: a "key factor" for the rational manipulation of the liposome-protein corona by liposome design,DOTAP-Chol,N/A,187.4,-2.4,HP,50,500,14000,15,25,liposome,sphere,plasma,0.126944444,buffer,1,37,1,4.153882021,3.145329957,2.0241223
A114,A19,The liposome-protein corona in mice and humans and its implications for in vivo delivery,DOTAP,PEG,152.85,-13.74,HP,50,500,14000,15,25,liposome,sphere,plasma,0.126944444,buffer,1,37,1,0.567770601,0.94921946,0.506229032
A115,A19,The liposome-protein corona in mice and humans and its implications for in vivo delivery,DOTAP-DSPC-Chol,N/A,208,-15.7,HP,50,500,14000,15,25,liposome,sphere,plasma,0.126944444,buffer,1,37,1,0.425694209,2.520445492,1.05214193
A116,A19,The liposome-protein corona in mice and humans and its implications for in vivo delivery,DOTAP,PEG,258.54,-19.64,RP,50,500,14000,15,25,liposome,sphere,plasma,0.126944444,buffer,1,37,1,1.390341484,0.407998621,0.086778437
A117,A19,The liposome-protein corona in mice and humans and its implications for in vivo delivery,DOTAP-DSPC-Chol,N/A,164.8,-42.03,RP,50,500,14000,15,25,liposome,sphere,plasma,0.126944444,buffer,1,37,1,1.50608726,1.54670105,1.7788381
A118,A20,Magnetic nanoparticles to recover cellular organelles and study the time resolved nanoparticle-cell interactome throughout uptake,Fe3O4,SiO2,209,-13.5,FBS,10,250,20000,20,4,metal,sphere,water,0.196,DMEM,24,37,1,0.76,0,0
A119,A21,A magnetic-dependent protein corona of tailor-made superparamagnetic iron oxides alters their biological behaviors,Fe3O4,N/A,175.3,-19,FBS,10,60,15000,20,25,metal,sphere,cell culture,0.126944444,DMEM,12,37,1,20.21,0.44,0.59
A120,A21,A magnetic-dependent protein corona of tailor-made superparamagnetic iron oxides alters their biological behaviors,Fe3O4,N/A,178.2,-22.7,FBS,10,60,15000,20,25,metal,sphere,cell culture,0.126944444,DMEM,12,37,1,25.96,0.85,0
A121,A22,Mapping protein binding sites on the biomolecular corona of nanoparticles,PS,COOH,220,-13.5,HP,80,1000,20000,10,25,other,sphere,plasma,0.126944444,buffer,1,25,1,1.43,0,0
A122,A23,Nanoparticle size is a critical physicochemical determinant of the human blood plasma corona: A comprehensive quantitative proteomic analysis,SiO2,N/A,12.5,-11,HP,50,1660,12000,10,4,other,sphere,buffer,0.126944444,buffer,1,4,1,7.248045966,2.168297954,8.021978393
A123,A23,Nanoparticle size is a critical physicochemical determinant of the human blood plasma corona: A comprehensive quantitative proteomic analysis,SiO2,N/A,17.6,-25,HP,50,1660,12000,10,4,other,sphere,buffer,0.126944444,buffer,1,4,1,11.04467862,2.685907324,9.660571401
A124,A23,Nanoparticle size is a critical physicochemical determinant of the human blood plasma corona: A comprehensive quantitative proteomic analysis,SiO2,N/A,71.3,-32,HP,50,1660,12000,10,4,other,sphere,buffer,0.126944444,buffer,1,4,1,11.31982558,1.5587836,3.155608254
A125,A24,Nanoparticle size matters in the formation of plasma protein coronas on Fe3O4 nanoparticles,Fe3O4,N/A,643.1,-23.4,HP,50,1660,1000,20,25,metal,sphere,PBS,0.38,buffer,1,37,1,8.83,1.53,1.87
A126,A24,Nanoparticle size matters in the formation of plasma protein coronas on Fe3O4 nanoparticles,Fe3O4,N/A,643.1,-23.4,HP,50,1660,1000,20,25,metal,sphere,PBS,0.38,buffer,1,37,1,9.32,1.59,2.15
A127,A24,Nanoparticle size matters in the formation of plasma protein coronas on Fe3O4 nanoparticles,Fe3O4,N/A,643.1,-23.4,HP,50,1660,1000,20,25,metal,sphere,PBS,0.38,buffer,1,37,1,8.89,1.59,1.93
A128,A24,Nanoparticle size matters in the formation of plasma protein coronas on Fe3O4 nanoparticles,Fe3O4,N/A,571.1,-24.3,HP,50,1660,1000,20,25,metal,sphere,PBS,0.44,buffer,1,37,1,2.53,2.65,0.79
A129,A24,Nanoparticle size matters in the formation of plasma protein coronas on Fe3O4 nanoparticles,Fe3O4,N/A,571.1,-24.3,HP,50,1660,1000,20,25,metal,sphere,PBS,0.44,buffer,1,37,1,2.52,2.6,1.04
A130,A24,Nanoparticle size matters in the formation of plasma protein coronas on Fe3O4 nanoparticles,Fe3O4,N/A,571.1,-24.3,HP,50,1660,1000,20,25,metal,sphere,PBS,0.44,buffer,1,37,1,2.45,2.7,1.15
A131,A24,Nanoparticle size matters in the formation of plasma protein coronas on Fe3O4 nanoparticles,Fe3O4,N/A,833.4,-28.9,HP,50,1660,1000,20,25,metal,sphere,PBS,0.41,buffer,1,37,1,1.33,1.99,1.32
A132,A24,Nanoparticle size matters in the formation of plasma protein coronas on Fe3O4 nanoparticles,Fe3O4,N/A,833.4,-28.9,HP,50,1660,1000,20,25,metal,sphere,PBS,0.41,buffer,1,37,1,1.24,1.99,1.43
A133,A24,Nanoparticle size matters in the formation of plasma protein coronas on Fe3O4 nanoparticles,Fe3O4,N/A,833.4,-28.9,HP,50,1660,1000,20,25,metal,sphere,PBS,0.41,buffer,1,37,1,1.25,2.01,1.39
A134,A25,Nanoparticles-cell association predicted by protein corona fingerprints,DOTAP-DC-Chol,PEG,103.2,9.9,HP,50,500,14000,15,4,liposome,sphere,buffer,0.09,water,1,37,1,1.84,4.64,1.36
A135,A25,Nanoparticles-cell association predicted by protein corona fingerprints,DOTAP-DC-Chol,PEG,123,17.9,HP,50,500,14000,15,4,liposome,sphere,buffer,0.12,water,1,37,1,2.46,5.21,1.47
A136,A25,Nanoparticles-cell association predicted by protein corona fingerprints,DOTAP-DC-Chol,PEG,114,18.1,HP,50,500,14000,15,4,liposome,sphere,buffer,0.08,water,1,37,1,1.28,1.69,1.39
A137,A25,Nanoparticles-cell association predicted by protein corona fingerprints,DOTAP-DC-Chol,N/A,131,26.1,HP,50,500,14000,15,4,liposome,sphere,buffer,0.1,water,1,37,1,4.09,2.3,2.73
A138,A25,Nanoparticles-cell association predicted by protein corona fingerprints,DOTAP-DC-Chol,N/A,135,30.1,HP,50,500,14000,15,4,liposome,sphere,buffer,0.14,water,1,37,1,8.56,1.16,1.69
A139,A25,Nanoparticles-cell association predicted by protein corona fingerprints,DOTAP-DC-Chol,N/A,144,30.2,HP,50,500,14000,15,4,liposome,sphere,buffer,0.09,water,1,37,1,1.31,1.69,1.54
A140,A25,Nanoparticles-cell association predicted by protein corona fingerprints,DOTAP-DC-Chol,N/A,254.6,33.1,HP,50,500,14000,15,4,liposome,sphere,buffer,0.12,water,1,37,1,2.67,1.48,0
A141,A25,Nanoparticles-cell association predicted by protein corona fingerprints,DOTAP-DC-Chol,N/A,108,34.5,HP,50,500,14000,15,4,liposome,sphere,buffer,0.14,water,1,37,1,1.91,1.34,0
A142,A25,Nanoparticles-cell association predicted by protein corona fingerprints,DOTAP-DC-Chol,N/A,193.4,42.1,HP,50,500,14000,15,4,liposome,sphere,buffer,0.13,water,1,37,1,5.59,4.29,0
A143,A25,Nanoparticles-cell association predicted by protein corona fingerprints,DOTAP-DC-Chol,N/A,125,46.2,HP,50,500,14000,15,4,liposome,sphere,buffer,0.18,water,1,37,1,2.24,1.5,0
A144,A25,Nanoparticles-cell association predicted by protein corona fingerprints,DOTAP-DC-Chol,N/A,128,47.4,HP,50,500,14000,15,4,liposome,sphere,buffer,0.11,water,1,37,1,4.66,2.39,0.95
A145,A25,Nanoparticles-cell association predicted by protein corona fingerprints,DOTAP-DC-Chol,N/A,157,58.2,HP,50,500,14000,15,4,liposome,sphere,buffer,0.17,water,1,37,1,4.63,2.3,0
A146,A25,Nanoparticles-cell association predicted by protein corona fingerprints,DOTAP-DC-Chol,PEG,115,-13.2,HP,50,500,14000,15,4,liposome,sphere,plasma,0.13,water,1,37,1,1.84,4.64,1.36
A147,A25,Nanoparticles-cell association predicted by protein corona fingerprints,DOTAP-DC-Chol,PEG,137,-13.9,HP,50,500,14000,15,4,liposome,sphere,plasma,0.16,water,1,37,1,1.28,1.69,1.39
A148,A25,Nanoparticles-cell association predicted by protein corona fingerprints,DOPG-DOPA,N/A,126,-14.2,HP,50,500,14000,15,4,liposome,sphere,buffer,0.11,water,1,37,1,2.98,1.41,1.14
A149,A25,Nanoparticles-cell association predicted by protein corona fingerprints,DOTAP-DC-Chol,N/A,329,-15.4,HP,50,500,14000,15,4,liposome,sphere,plasma,0.15,water,1,37,1,2.67,1.48,0
A150,A25,Nanoparticles-cell association predicted by protein corona fingerprints,DOTAP-DC-Chol,N/A,216,-17.9,HP,50,500,14000,15,4,liposome,sphere,plasma,0.22,water,1,37,1,1.91,1.34,0
A151,A25,Nanoparticles-cell association predicted by protein corona fingerprints,DOPG-DOPA,N/A,152,-18.2,HP,50,500,14000,15,4,liposome,sphere,plasma,0.15,water,1,37,1,5.81,1.39,1.77
A152,A25,Nanoparticles-cell association predicted by protein corona fingerprints,DOTAP-DC-Chol,N/A,259,-19.3,HP,50,500,14000,15,4,liposome,sphere,plasma,0.12,water,1,37,1,8.56,1.16,1.69
A153,A25,Nanoparticles-cell association predicted by protein corona fingerprints,DOTAP-DC-Chol,N/A,236,-19.3,HP,50,500,14000,15,4,liposome,sphere,plasma,0.19,water,1,37,1,5.59,4.29,0
A154,A25,Nanoparticles-cell association predicted by protein corona fingerprints,DOTAP-DC-Chol,N/A,207,-20.4,HP,50,500,14000,15,4,liposome,sphere,plasma,0.21,water,1,37,1,2.24,1.5,0
A155,A25,Nanoparticles-cell association predicted by protein corona fingerprints,DOPC-DOPE-PEG-DSPC-DPPC,N/A,301,-22.1,HP,50,500,14000,15,4,liposome,sphere,plasma,0.15,water,1,37,1,7.25,3.46,1.42
A156,A25,Nanoparticles-cell association predicted by protein corona fingerprints,DOTAP-DC-Chol,N/A,150,-23,HP,50,500,14000,15,4,liposome,sphere,plasma,0.15,water,1,37,1,4.66,2.39,0.95
A157,A25,Nanoparticles-cell association predicted by protein corona fingerprints,DOTAP-DC-Chol,PEG,169,-24.5,HP,50,500,14000,15,4,liposome,sphere,plasma,0.17,water,1,37,1,2.46,5.21,1.47
A158,A25,Nanoparticles-cell association predicted by protein corona fingerprints,DOTAP-DC-Chol,N/A,182,-25.5,HP,50,500,14000,15,4,liposome,sphere,plasma,0.16,water,1,37,1,4.09,2.3,2.73
A159,A25,Nanoparticles-cell association predicted by protein corona fingerprints,DOPG-DOPA,N/A,136,-26.6,HP,50,500,14000,15,4,liposome,sphere,buffer,0.1,water,1,37,1,5.81,1.39,1.77
A160,A25,Nanoparticles-cell association predicted by protein corona fingerprints,DOTAP-DC-Chol,N/A,211,-28.5,HP,50,500,14000,15,4,liposome,sphere,plasma,0.23,water,1,37,1,4.63,2.3,0
A161,A25,Nanoparticles-cell association predicted by protein corona fingerprints,DOPG-DOPA,N/A,171,-28.6,HP,50,500,14000,15,4,liposome,sphere,plasma,0.13,water,1,37,1,2.98,1.41,1.14
A162,A25,Nanoparticles-cell association predicted by protein corona fingerprints,DOTAP-DC-Chol,N/A,178,-29.3,HP,50,500,14000,15,4,liposome,sphere,plasma,0.14,water,1,37,1,1.31,1.69,1.54
A163,A25,Nanoparticles-cell association predicted by protein corona fingerprints,DOPC-DOPE-PEG-DSPC-DPPC,N/A,191,-8.4,HP,50,500,14000,15,4,liposome,sphere,buffer,0.11,water,1,37,1,7.25,3.46,1.42
A164,A26,The on-bead digestion of protein corona on nanoparticles by trypsin immobilized on the magnetic nanoparticle,Fe3O4,N/A,250,-19.5,HP,50,10000,1400,60,37,metal,sphere,PBS,0.126944444,buffer,1,37,1,0.566412533,5.716921436,3.364009249
A165,A27,Phosphatidylcholine-Coated Iron Oxide Nanomicelles for in Vivo Prolonged Circulation Time with an Antibiofouling Protein Corona,Fe3O4,PC,74.9,-11.5,RS,80,20,16000,120,10,metal,sphere,PBS,0.14,buffer,0.25,37,1,0.031983908,0.788208549,0
A166,A27,Phosphatidylcholine-Coated Iron Oxide Nanomicelles for in Vivo Prolonged Circulation Time with an Antibiofouling Protein Corona,Fe3O4,PC,74.9,-11.5,RS,80,20,16000,120,10,metal,sphere,PBS,0.14,buffer,1.5,37,1,0,0.986424545,0.036727611
A167,A27,Phosphatidylcholine-Coated Iron Oxide Nanomicelles for in Vivo Prolonged Circulation Time with an Antibiofouling Protein Corona,Fe3O4,PC,74.9,-11.5,RS,80,20,16000,120,10,metal,sphere,PBS,0.14,buffer,3,37,1,0,0.563561901,0
A168,A27,Phosphatidylcholine-Coated Iron Oxide Nanomicelles for in Vivo Prolonged Circulation Time with an Antibiofouling Protein Corona,Fe3O4,N/A,25,-4,RS,80,20,16000,120,10,metal,sphere,PBS,0.19,buffer,0.25,37,1,0,0.975691808,0
A169,A27,Phosphatidylcholine-Coated Iron Oxide Nanomicelles for in Vivo Prolonged Circulation Time with an Antibiofouling Protein Corona,Fe3O4,N/A,25,-4,RS,80,20,16000,120,10,metal,sphere,PBS,0.19,buffer,1.5,37,1,0,0.19793519,0
A170,A27,Phosphatidylcholine-Coated Iron Oxide Nanomicelles for in Vivo Prolonged Circulation Time with an Antibiofouling Protein Corona,Fe3O4,N/A,25,-4,RS,80,20,16000,120,10,metal,sphere,PBS,0.19,buffer,3,37,1,0,0.598099028,0
A171,A28,Physical-Chemical aspects of protein corona: Relevance to in vitro and in vivo biological impacts of nanoparticles,SiO2,N/A,245.8,-11.1,HP,10,1250,18000,3,4,other,sphere,plasma,0.07,buffer,1,0,1,1.801,0.037,0
A172,A28,Physical-Chemical aspects of protein corona: Relevance to in vitro and in vivo biological impacts of nanoparticles,SiO2,N/A,245.8,-11.1,HP,55,1250,18000,3,4,other,sphere,plasma,0.07,buffer,1,0,1,9.666,0.251,0
A173,A28,Physical-Chemical aspects of protein corona: Relevance to in vitro and in vivo biological impacts of nanoparticles,SiO2,N/A,205,-25.2,HP,10,1250,18000,3,4,other,sphere,PBS,0.041,buffer,1,0,1,1.801,0.037,0
A174,A28,Physical-Chemical aspects of protein corona: Relevance to in vitro and in vivo biological impacts of nanoparticles,SiO2,N/A,205,-25.2,HP,55,1250,18000,3,4,other,sphere,PBS,0.041,buffer,1,0,1,9.666,0.251,0
A175,A28,Physical-Chemical aspects of protein corona: Relevance to in vitro and in vivo biological impacts of nanoparticles,PSOSO3,N/A,244.5,-43.4,HP,10,1250,18000,3,4,liposome,sphere,PBS,0.051,buffer,1,0,1,5.276,0.876,0
A176,A28,Physical-Chemical aspects of protein corona: Relevance to in vitro and in vivo biological impacts of nanoparticles,PSOSO3,N/A,244.5,-43.4,HP,55,1250,18000,3,4,liposome,sphere,PBS,0.051,buffer,1,0,1,4.15,0.517,0
A177,A29,Protein Adsorption from Biofluids on Silica Nanoparticles: Corona Analysis as a Function of Particle Diameter and Porosity,SiO2,N/A,754,-11.6,FBS,10,1000,14800,5,25,other,sphere,water,0.371,DMEM,1,25,1,0.785741663,0,0
A178,A29,Protein Adsorption from Biofluids on Silica Nanoparticles: Corona Analysis as a Function of Particle Diameter and Porosity,SiO2,N/A,119,-12.2,FBS,10,1000,14800,5,25,other,sphere,water,0.251,DMEM,1,25,1,1.002235201,0.151416829,0.439829836
A179,A29,Protein Adsorption from Biofluids on Silica Nanoparticles: Corona Analysis as a Function of Particle Diameter and Porosity,SiO2,N/A,1496,-20.1,FBS,10,1000,14800,5,25,other,sphere,water,0.401,DMEM,1,25,1,0,0,0
A180,A29,Protein Adsorption from Biofluids on Silica Nanoparticles: Corona Analysis as a Function of Particle Diameter and Porosity,SiO2,N/A,281,-22.6,FBS,10,1000,14800,5,25,other,sphere,water,0.074,DMEM,1,25,1,0.325115145,0,0
A181,A29,Protein Adsorption from Biofluids on Silica Nanoparticles: Corona Analysis as a Function of Particle Diameter and Porosity,SiO2,N/A,525,-37.2,FBS,10,1000,14800,5,25,other,sphere,water,0.265,DMEM,1,25,1,0.316813759,0,0
A182,A29,Protein Adsorption from Biofluids on Silica Nanoparticles: Corona Analysis as a Function of Particle Diameter and Porosity,SiO2,N/A,137,-37.7,FBS,10,1000,14800,5,25,other,sphere,water,0.123,DMEM,1,25,1,0.98758465,0,0.611361926
A183,A30,Protein corona fingerprinting predicts the cellular interaction of gold and silver nanoparticles,Au,MSA,52,-14.23833333,HS,100,474.087541,15000,45,4,metal,sphere,PBS,0.287666667,buffer,1,37,1,0,1.0159,1.6962
A184,A30,Protein corona fingerprinting predicts the cellular interaction of gold and silver nanoparticles,Au,amino acid,97.68,-12.15,HS,100,1888.699399,1500,45,4,metal,sphere,PBS,0.095888889,buffer,1,37,1,0,1.1718,2.4254
A185,A30,Protein corona fingerprinting predicts the cellular interaction of gold and silver nanoparticles,Au,ODA,41.78,-11.75166667,HS,100,474.087541,15000,45,4,metal,sphere,PBS,0.42125,buffer,1,37,1,0,0.7739,12.3885
A186,A30,Protein corona fingerprinting predicts the cellular interaction of gold and silver nanoparticles,Au,amino acid,60.9,-11.645,HS,100,1007.212946,4500,45,4,metal,sphere,PBS,0.143777778,buffer,1,37,1,0,0.9232,1.3027
A187,A30,Protein corona fingerprinting predicts the cellular interaction of gold and silver nanoparticles,Au,CVVIT,103.94,-11.57666667,HS,100,1888.699399,1500,45,4,metal,sphere,PBS,0.0575,buffer,1,37,1,0,1.4563,2.1455
A188,A30,Protein corona fingerprinting predicts the cellular interaction of gold and silver nanoparticles,Au,AUT,108.27,-11.46666667,HS,100,1888.699399,1500,45,4,metal,sphere,PBS,0.086111111,buffer,1,37,1,0,0.6825,1.6575
A189,A30,Protein corona fingerprinting predicts the cellular interaction of gold and silver nanoparticles,Au,CALNN,65.4,-11.405,HS,100,1007.212946,4500,45,4,metal,sphere,PBS,0.08625,buffer,1,37,1,0,1.6849,1.395
A190,A30,Protein corona fingerprinting predicts the cellular interaction of gold and silver nanoparticles,Au,AC,64.29,-11.355,HS,100,1007.212946,4500,45,4,metal,sphere,PBS,0.248,buffer,1,37,1,0,2.1641,2.3824
A191,A30,Protein corona fingerprinting predicts the cellular interaction of gold and silver nanoparticles,Au,MAA,61.91,-11.13833333,HS,100,1007.212946,4500,45,4,metal,sphere,PBS,0.214444444,buffer,1,37,1,0,1.9815,2.6714
A192,A30,Protein corona fingerprinting predicts the cellular interaction of gold and silver nanoparticles,Au,MPA,55.65,-10.96166667,HS,100,474.087541,15000,45,4,metal,sphere,PBS,0.289111111,buffer,1,37,1,0,0.8609,1.5971
A193,A30,Protein corona fingerprinting predicts the cellular interaction of gold and silver nanoparticles,Au,LA,62.97,-10.8975,HS,100,1007.212946,4500,45,4,metal,sphere,PBS,0.158,buffer,1,37,1,0,1.1639,2.6391
A194,A30,Protein corona fingerprinting predicts the cellular interaction of gold and silver nanoparticles,Au,HDA,94.45,-10.795,HS,100,1888.699399,1500,45,4,metal,sphere,PBS,0.106333333,buffer,1,37,1,0,1.1289,6.4552
A195,A30,Protein corona fingerprinting predicts the cellular interaction of gold and silver nanoparticles,Au,MAA,60.99,-10.705,HS,100,474.087541,15000,45,4,metal,sphere,PBS,0.238444444,buffer,1,37,1,0,2.2416,1.3735
A196,A30,Protein corona fingerprinting predicts the cellular interaction of gold and silver nanoparticles,Au,DTNB,105.18,-10.66,HS,100,1888.699399,1500,45,4,metal,sphere,PBS,0.056777778,buffer,1,37,1,0,1.4042,2.0262
A197,A30,Protein corona fingerprinting predicts the cellular interaction of gold and silver nanoparticles,Au,amino acid,61.31,-10.59833333,HS,100,1007.212946,4500,45,4,metal,sphere,PBS,0.201333333,buffer,1,37,1,0,0.9486,2.0658
A198,A30,Protein corona fingerprinting predicts the cellular interaction of gold and silver nanoparticles,Au,amino acid,41.93,-10.42333333,HS,100,474.087541,15000,45,4,metal,sphere,PBS,0.140388889,buffer,1,37,1,0,1.8602,6.6306
A199,A30,Protein corona fingerprinting predicts the cellular interaction of gold and silver nanoparticles,Au,DTNB,60.27,-10.41666667,HS,100,474.087541,15000,45,4,metal,sphere,PBS,0.247555556,buffer,1,37,1,0,1.0296,1.4021
A200,A30,Protein corona fingerprinting predicts the cellular interaction of gold and silver nanoparticles,Au,amino acid,94.89,-10.26333333,HS,100,1888.699399,1500,45,4,metal,sphere,PBS,0.103777778,buffer,1,37,1,0,0.8768,1.4887
A201,A30,Protein corona fingerprinting predicts the cellular interaction of gold and silver nanoparticles,Au,MES,61.86,-10.21333333,HS,100,474.087541,15000,45,4,metal,sphere,PBS,0.286,buffer,1,37,1,0,1.3923,1.0107
A202,A30,Protein corona fingerprinting predicts the cellular interaction of gold and silver nanoparticles,Au,TP,57.28,-10.09,HS,100,474.087541,15000,45,4,metal,sphere,PBS,0.27,buffer,1,37,1,0,0.9336,1.3362
A203,A30,Protein corona fingerprinting predicts the cellular interaction of gold and silver nanoparticles,Au,AUT,77.26,-10.03333333,HS,100,1007.212946,4500,45,4,metal,sphere,PBS,0.167,buffer,1,37,1,0,0.4488,1.9268
A204,A30,Protein corona fingerprinting predicts the cellular interaction of gold and silver nanoparticles,Au,PAH-SH,68.42,-9.8175,HS,100,1007.212946,4500,45,4,metal,sphere,PBS,0.278,buffer,1,37,1,0,1.5743,0.7234
A205,A30,Protein corona fingerprinting predicts the cellular interaction of gold and silver nanoparticles,Au,CTAB,107.61,-9.765,HS,100,1888.699399,1500,45,4,metal,sphere,PBS,0.094833333,buffer,1,37,1,0,2.34,2.9023
A206,A30,Protein corona fingerprinting predicts the cellular interaction of gold and silver nanoparticles,Au,CFGAILS,68.38,-9.72,HS,100,1007.212946,4500,45,4,metal,sphere,PBS,0.0975,buffer,1,37,1,0,3.5842,2.1221
A207,A30,Protein corona fingerprinting predicts the cellular interaction of gold and silver nanoparticles,Au,DDT,47.03,-9.7,HS,100,474.087541,15000,45,4,metal,sphere,PBS,0.336444444,buffer,1,37,1,0,2.5448,5.0676
A208,A30,Protein corona fingerprinting predicts the cellular interaction of gold and silver nanoparticles,Au,DDT,114.53,-9.696666667,HS,100,1888.699399,1500,45,4,metal,sphere,PBS,0.138111111,buffer,1,37,1,0,1.6433,0.4425
A209,A30,Protein corona fingerprinting predicts the cellular interaction of gold and silver nanoparticles,Au,SPP,105.01,-9.683333333,HS,100,1888.699399,1500,45,4,metal,sphere,PBS,0.073333333,buffer,1,37,1,0,2.0712,4.3724
A210,A30,Protein corona fingerprinting predicts the cellular interaction of gold and silver nanoparticles,Au,amino acid,100.73,-9.628333333,HS,100,1888.699399,1500,45,4,metal,sphere,PBS,0.1,buffer,1,37,1,0,1.5662,2.5892
A211,A30,Protein corona fingerprinting predicts the cellular interaction of gold and silver nanoparticles,Au,PEG,88.32,-9.618166667,HS,100,1888.699399,1500,45,4,metal,sphere,PBS,0.050333333,buffer,1,37,1,0,2.6169,3.9364
A212,A30,Protein corona fingerprinting predicts the cellular interaction of gold and silver nanoparticles,Au,DDT,53.24,-9.611666667,HS,100,1007.212946,4500,45,4,metal,sphere,PBS,0.260666667,buffer,1,37,1,0,2.0702,5.3178
A213,A30,Protein corona fingerprinting predicts the cellular interaction of gold and silver nanoparticles,Au,MPA,100.75,-9.600833333,HS,100,1888.699399,1500,45,4,metal,sphere,PBS,0.087111111,buffer,1,37,1,0,0.6529,2.0962
A214,A30,Protein corona fingerprinting predicts the cellular interaction of gold and silver nanoparticles,Au,MUA,66.32,-9.411666667,HS,100,1007.212946,4500,45,4,metal,sphere,PBS,0.161222222,buffer,1,37,1,0,0.8354,1.3018
A215,A30,Protein corona fingerprinting predicts the cellular interaction of gold and silver nanoparticles,Au,ODA,95.18,-9.311666667,HS,100,1888.699399,1500,45,4,metal,sphere,PBS,0.099916667,buffer,1,37,1,0,1.0294,6.4667
A216,A30,Protein corona fingerprinting predicts the cellular interaction of gold and silver nanoparticles,Au,CTAB,59.7,-9.25875,HS,100,474.087541,15000,45,4,metal,sphere,PBS,0.371,buffer,1,37,1,0,2.4019,4.4389
A217,A30,Protein corona fingerprinting predicts the cellular interaction of gold and silver nanoparticles,Au,AC,57.53,-9.111666667,HS,100,474.087541,15000,45,4,metal,sphere,PBS,0.270222222,buffer,1,37,1,0,2.1816,1.5073
A218,A30,Protein corona fingerprinting predicts the cellular interaction of gold and silver nanoparticles,Au,PEG,39.99,-8.9875,HS,100,474.087541,15000,45,4,metal,sphere,PBS,0.146333333,buffer,1,37,1,0,2.8914,0
A219,A30,Protein corona fingerprinting predicts the cellular interaction of gold and silver nanoparticles,Au,CIT,109.94,-8.966666667,HS,100,1888.699399,1500,45,4,metal,sphere,PBS,0.080888889,buffer,1,37,1,0,2.9713,1.6236
A220,A30,Protein corona fingerprinting predicts the cellular interaction of gold and silver nanoparticles,Au,LA,48.09,-8.9525,HS,100,474.087541,15000,45,4,metal,sphere,PBS,0.201166667,buffer,1,37,1,0,2.0614,1.4341
A221,A30,Protein corona fingerprinting predicts the cellular interaction of gold and silver nanoparticles,Au,MHA,58.99,-8.918333333,HS,100,474.087541,15000,45,4,metal,sphere,PBS,0.244333333,buffer,1,37,1,0,0.7733,0.4377
A222,A30,Protein corona fingerprinting predicts the cellular interaction of gold and silver nanoparticles,Au,MHDA,67.37,-8.81,HS,100,1007.212946,4500,45,4,metal,sphere,PBS,0.120777778,buffer,1,37,1,0,0.8328,0.7516
A223,A30,Protein corona fingerprinting predicts the cellular interaction of gold and silver nanoparticles,Au,AHT,90.06,-8.788333333,HS,100,474.087541,15000,45,4,metal,sphere,PBS,0.215222222,buffer,1,37,1,0,0.6356,1.4894
A224,A30,Protein corona fingerprinting predicts the cellular interaction of gold and silver nanoparticles,Au,MBA,67.7,-8.738333333,HS,100,474.087541,15000,45,4,metal,sphere,PBS,0.272888889,buffer,1,37,1,0,0.6433,2.3868
A225,A30,Protein corona fingerprinting predicts the cellular interaction of gold and silver nanoparticles,Au,amino acid,57.25,-8.731666667,HS,100,474.087541,15000,45,4,metal,sphere,PBS,0.265888889,buffer,1,37,1,0,1.8837,2.7217
A226,A30,Protein corona fingerprinting predicts the cellular interaction of gold and silver nanoparticles,Au,PEG,65.58,-8.713333333,HS,100,1007.212946,4500,45,4,metal,sphere,PBS,0.046444444,buffer,1,37,1,0,4.3223,0
A227,A30,Protein corona fingerprinting predicts the cellular interaction of gold and silver nanoparticles,Au,MBA,102.9,-8.661666667,HS,100,1888.699399,1500,45,4,metal,sphere,PBS,0.082833333,buffer,1,37,1,0,0.6688,2.051
A228,A30,Protein corona fingerprinting predicts the cellular interaction of gold and silver nanoparticles,Au,MHDA,43.62,-8.646666667,HS,100,474.087541,15000,45,4,metal,sphere,PBS,0.154555556,buffer,1,37,1,0,0.6944,0.6441
A229,A30,Protein corona fingerprinting predicts the cellular interaction of gold and silver nanoparticles,Au,NT,41.94,-8.595,HS,100,474.087541,15000,45,4,metal,sphere,PBS,0.131888889,buffer,1,37,1,0,1.5763,4.6996
A230,A30,Protein corona fingerprinting predicts the cellular interaction of gold and silver nanoparticles,Au,CIT,54.03,-8.501666667,HS,100,474.087541,15000,45,4,metal,sphere,PBS,0.217148148,buffer,1,37,1,0,3.3394,1.1965
A231,A30,Protein corona fingerprinting predicts the cellular interaction of gold and silver nanoparticles,Au,T20,51.52,-8.451666667,HS,100,474.087541,15000,45,4,metal,sphere,PBS,0.209083333,buffer,1,37,1,0,1.8962,2.653
A232,A30,Protein corona fingerprinting predicts the cellular interaction of gold and silver nanoparticles,Au,MUTA,106.63,-8.354444444,HS,100,1888.699399,1500,45,4,metal,sphere,PBS,0.196666667,buffer,1,37,1,0,0.8527,1.8804
A233,A30,Protein corona fingerprinting predicts the cellular interaction of gold and silver nanoparticles,Au,MUA,45.52,-8.349722222,HS,100,474.087541,15000,45,4,metal,sphere,PBS,0.165518519,buffer,1,37,1,0,0.787,2.0748
A234,A30,Protein corona fingerprinting predicts the cellular interaction of gold and silver nanoparticles,Au,amino acid,37.75,-8.291666667,HS,100,474.087541,15000,45,4,metal,sphere,PBS,0.206666667,buffer,1,37,1,0,2.1174,2.6433
A235,A30,Protein corona fingerprinting predicts the cellular interaction of gold and silver nanoparticles,Au,TP,50.05,-8.138333333,HS,100,1007.212946,4500,45,4,metal,sphere,PBS,0.282444444,buffer,1,37,1,0,0.8322,1.985
A236,A30,Protein corona fingerprinting predicts the cellular interaction of gold and silver nanoparticles,Au,PVA,106.12,-8.073333333,HS,100,1888.699399,1500,45,4,metal,sphere,PBS,0.070166667,buffer,1,37,1,0,1.1512,1.6017
A237,A30,Protein corona fingerprinting predicts the cellular interaction of gold and silver nanoparticles,Au,MUTA,127.34,-8.065833333,HS,100,474.087541,15000,45,4,metal,sphere,PBS,0.173240741,buffer,1,37,1,0,1.2616,0
A238,A30,Protein corona fingerprinting predicts the cellular interaction of gold and silver nanoparticles,Au,SPP,48.66,-8.028333333,HS,100,474.087541,15000,45,4,metal,sphere,PBS,0.115222222,buffer,1,37,1,0,1.5047,3.395
A239,A30,Protein corona fingerprinting predicts the cellular interaction of gold and silver nanoparticles,Au,NT,43.77,-7.945833333,HS,100,474.087541,15000,45,4,metal,sphere,PBS,0.3395,buffer,1,37,1,0,1.827,6.5793
A240,A30,Protein corona fingerprinting predicts the cellular interaction of gold and silver nanoparticles,Au,AUT,55.98,-7.945,HS,100,474.087541,15000,45,4,metal,sphere,PBS,0.272555556,buffer,1,37,1,0,0.6876,1.5835
A241,A30,Protein corona fingerprinting predicts the cellular interaction of gold and silver nanoparticles,Au,MUTA,122.28,-7.943333333,HS,100,1007.212946,4500,45,4,metal,sphere,PBS,0.203333333,buffer,1,37,1,0,0.955,1.7717
A242,A30,Protein corona fingerprinting predicts the cellular interaction of gold and silver nanoparticles,Au,amino acid,58.53,-7.907666667,HS,100,474.087541,15000,45,4,metal,sphere,PBS,0.267333333,buffer,1,37,1,0,3.1362,1.5326
A243,A30,Protein corona fingerprinting predicts the cellular interaction of gold and silver nanoparticles,Au,NT,41.64,-7.806666667,HS,100,474.087541,15000,45,4,metal,sphere,PBS,0.129333333,buffer,1,37,1,0,1.9179,6.7925
A244,A30,Protein corona fingerprinting predicts the cellular interaction of gold and silver nanoparticles,Au,HDA,54.89,-7.726666667,HS,100,474.087541,15000,45,4,metal,sphere,PBS,0.234777778,buffer,1,37,1,0,1.2271,5.7986
A245,A30,Protein corona fingerprinting predicts the cellular interaction of gold and silver nanoparticles,Au,NT,61.79,-7.573333333,HS,100,474.087541,15000,45,4,metal,sphere,PBS,0.183888889,buffer,1,37,1,0,1.4645,6.9863
A246,A30,Protein corona fingerprinting predicts the cellular interaction of gold and silver nanoparticles,Au,PEG,44.6,-7.48,HS,100,474.087541,15000,45,4,metal,sphere,PBS,0.092888889,buffer,1,37,1,0,1.7301,0
A247,A30,Protein corona fingerprinting predicts the cellular interaction of gold and silver nanoparticles,Au,amino acid,43.48,-7.368333333,HS,100,474.087541,15000,45,4,metal,sphere,PBS,0.145333333,buffer,1,37,1,0,1.9077,6.0992
A248,A30,Protein corona fingerprinting predicts the cellular interaction of gold and silver nanoparticles,Au,amino acid,52.42,-7.198333333,HS,100,474.087541,15000,45,4,metal,sphere,PBS,0.215333333,buffer,1,37,1,0,1.8036,3.8074
A249,A30,Protein corona fingerprinting predicts the cellular interaction of gold and silver nanoparticles,Au,DDT,71.85,-7.196666667,HS,100,1007.212946,4500,45,4,metal,sphere,PBS,0.155555556,buffer,1,37,1,0,1.0965,2.7121
A250,A30,Protein corona fingerprinting predicts the cellular interaction of gold and silver nanoparticles,Au,PEI-SH,52.46,-7.043333333,HS,100,474.087541,15000,45,4,metal,sphere,PBS,0.176333333,buffer,1,37,1,0,0.5454,1.159
A251,A30,Protein corona fingerprinting predicts the cellular interaction of gold and silver nanoparticles,Au,amino acid,42.05,-6.778333333,HS,100,474.087541,15000,45,4,metal,sphere,PBS,0.193222222,buffer,1,37,1,0,2.0306,3.0821
A252,A30,Protein corona fingerprinting predicts the cellular interaction of gold and silver nanoparticles,Au,amino acid,44.43,-6.728333333,HS,100,474.087541,15000,45,4,metal,sphere,PBS,0.183888889,buffer,1,37,1,0,2.1602,4.6423
A253,A30,Protein corona fingerprinting predicts the cellular interaction of gold and silver nanoparticles,Au,F127,46.63,-6.633333333,HS,100,474.087541,15000,45,4,metal,sphere,PBS,0.1965,buffer,1,37,1,0,2.0983,2.0072
A254,A30,Protein corona fingerprinting predicts the cellular interaction of gold and silver nanoparticles,Au,PEG,29.68,-6.628333333,HS,100,474.087541,15000,45,4,metal,sphere,PBS,0.151777778,buffer,1,37,1,0,2.593,0
A255,A30,Protein corona fingerprinting predicts the cellular interaction of gold and silver nanoparticles,Au,CALNN,38.8,-6.536666667,HS,100,474.087541,15000,45,4,metal,sphere,PBS,0.154083333,buffer,1,37,1,0,1.2106,0
A256,A30,Protein corona fingerprinting predicts the cellular interaction of gold and silver nanoparticles,Au,DDT,48.4,-6.523333333,HS,100,474.087541,15000,45,4,metal,sphere,PBS,0.308,buffer,1,37,1,0,2.2823,6.4487
A257,A30,Protein corona fingerprinting predicts the cellular interaction of gold and silver nanoparticles,Au,NT,93.52,-6.52,HS,100,1888.699399,1500,45,4,metal,sphere,PBS,0.0545,buffer,1,37,1,0,1.214,5.6567
A258,A30,Protein corona fingerprinting predicts the cellular interaction of gold and silver nanoparticles,Au,PAH-SH,68.07,-6.483333333,HS,100,474.087541,15000,45,4,metal,sphere,PBS,0.310111111,buffer,1,37,1,0,1.3832,2.5472
A259,A30,Protein corona fingerprinting predicts the cellular interaction of gold and silver nanoparticles,Au,DDT,47.34,-6.373333333,HS,100,474.087541,15000,45,4,metal,sphere,PBS,0.237111111,buffer,1,37,1,0,1.2259,2.4439
A260,A30,Protein corona fingerprinting predicts the cellular interaction of gold and silver nanoparticles,Au,DDT,59.93,-6.096666667,HS,100,474.087541,15000,45,4,metal,sphere,PBS,0.366916667,buffer,1,37,1,0,3.0525,7.1782
A261,A30,Protein corona fingerprinting predicts the cellular interaction of gold and silver nanoparticles,Au,SA,46.53,-6.091666667,HS,100,474.087541,15000,45,4,metal,sphere,PBS,0.214166667,buffer,1,37,1,0,2.502,1.9206
A262,A30,Protein corona fingerprinting predicts the cellular interaction of gold and silver nanoparticles,Au,PVA,53.12,-6.063333333,HS,100,474.087541,15000,45,4,metal,sphere,PBS,0.178083333,buffer,1,37,1,0,1.4191,0
A263,A30,Protein corona fingerprinting predicts the cellular interaction of gold and silver nanoparticles,Au,PEG,52.02,-5.993333333,HS,100,474.087541,15000,45,4,metal,sphere,PBS,0.193666667,buffer,1,37,1,0,1.4926,1.4068
A264,A30,Protein corona fingerprinting predicts the cellular interaction of gold and silver nanoparticles,Au,PEG,38.69,-5.913333333,HS,100,474.087541,15000,45,4,metal,sphere,PBS,0.153555556,buffer,1,37,1,0,2.0386,1.3988
A265,A30,Protein corona fingerprinting predicts the cellular interaction of gold and silver nanoparticles,Au,DDT,100.13,-5.705,HS,100,474.087541,15000,45,4,metal,sphere,PBS,0.370166667,buffer,1,37,1,0,2.7791,4.1889
A266,A30,Protein corona fingerprinting predicts the cellular interaction of gold and silver nanoparticles,Au,amino acid,55.39,-5.676666667,HS,100,474.087541,15000,45,4,metal,sphere,PBS,0.236222222,buffer,1,37,1,0,1.5611,4.0099
A267,A30,Protein corona fingerprinting predicts the cellular interaction of gold and silver nanoparticles,Au,amino acid,72.3,-5.643333333,HS,100,474.087541,15000,45,4,metal,sphere,PBS,0.201277778,buffer,1,37,1,0,0.5816,0.9475
A268,A30,Protein corona fingerprinting predicts the cellular interaction of gold and silver nanoparticles,Au,DDT,61.43,-5.518333333,HS,100,1007.212946,4500,45,4,metal,sphere,PBS,0.225666667,buffer,1,37,1,0,1.7166,5.7874
A269,A30,Protein corona fingerprinting predicts the cellular interaction of gold and silver nanoparticles,Au,DDT,58.95,-5.455,HS,100,474.087541,15000,45,4,metal,sphere,PBS,0.345916667,buffer,1,37,1,0,0.9501,19.0351
A270,A30,Protein corona fingerprinting predicts the cellular interaction of gold and silver nanoparticles,Au,DDT,53.41,-5.43,HS,100,1888.699399,1500,45,4,metal,sphere,PBS,0.085666667,buffer,1,37,1,0,1.831,3.9562
A271,A30,Protein corona fingerprinting predicts the cellular interaction of gold and silver nanoparticles,Au,NT,44.75,-5.351666667,HS,100,474.087541,15000,45,4,metal,sphere,PBS,0.298666667,buffer,1,37,1,0,1.5522,9.5692
A272,A30,Protein corona fingerprinting predicts the cellular interaction of gold and silver nanoparticles,Au,NT,41.88,-5.258333333,HS,100,474.087541,15000,45,4,metal,sphere,PBS,0.118444444,buffer,1,37,1,0,1.7607,5.8796
A273,A30,Protein corona fingerprinting predicts the cellular interaction of gold and silver nanoparticles,Au,PVP,52.96,-5.238333333,HS,100,474.087541,15000,45,4,metal,sphere,PBS,0.216875,buffer,1,37,1,0,3.7425,0
A274,A30,Protein corona fingerprinting predicts the cellular interaction of gold and silver nanoparticles,Au,DDT,55.07,-5.140833333,HS,100,1007.212946,4500,45,4,metal,sphere,PBS,0.251833333,buffer,1,37,1,0,2.0328,2.963
A275,A30,Protein corona fingerprinting predicts the cellular interaction of gold and silver nanoparticles,Au,PEG,51.18,-5.0435,HS,100,474.087541,15000,45,4,metal,sphere,PBS,0.162888889,buffer,1,37,1,0,2.6572,0.5777
A276,A30,Protein corona fingerprinting predicts the cellular interaction of gold and silver nanoparticles,Au,MUEG4,226.51,-5.007083333,HS,100,474.087541,15000,45,4,metal,sphere,PBS,0.438527778,buffer,1,37,1,0,25.4707,1.8148
A277,A30,Protein corona fingerprinting predicts the cellular interaction of gold and silver nanoparticles,Au,PEG,84.87,-4.4106,HS,100,1007.212946,4500,45,4,metal,sphere,PBS,0.037888889,buffer,1,37,1,0,2.6755,2.6059
A278,A30,Protein corona fingerprinting predicts the cellular interaction of gold and silver nanoparticles,Au,NT,47,-3.916833333,HS,100,1007.212946,4500,45,4,metal,sphere,PBS,0.178333333,buffer,1,37,1,0,1.3071,9.9871
A279,A30,Protein corona fingerprinting predicts the cellular interaction of gold and silver nanoparticles,Au,NT,64.65,-3.891333333,HS,100,474.087541,15000,45,4,metal,sphere,PBS,0.252333333,buffer,1,37,1,0,1.853,0
A280,A30,Protein corona fingerprinting predicts the cellular interaction of gold and silver nanoparticles,Au,PEG,47.07,-3.772566667,HS,100,474.087541,15000,45,4,metal,sphere,PBS,0.124555556,buffer,1,37,1,0,1.4249,0
A281,A30,Protein corona fingerprinting predicts the cellular interaction of gold and silver nanoparticles,Au,NT,100.88,-3.580333333,HS,100,1888.699399,1500,45,4,metal,sphere,PBS,0.083916667,buffer,1,37,1,0,1.1576,0.7158
A282,A30,Protein corona fingerprinting predicts the cellular interaction of gold and silver nanoparticles,Au,PEG,48.76,-2.935,HS,100,474.087541,15000,45,4,metal,sphere,PBS,0.133888889,buffer,1,37,1,0,2.6648,0
A283,A30,Protein corona fingerprinting predicts the cellular interaction of gold and silver nanoparticles,Au,PEG,33.05,-2.753333333,HS,100,474.087541,15000,45,4,metal,sphere,PBS,0.158222222,buffer,1,37,1,0,3.1431,0
A284,A30,Protein corona fingerprinting predicts the cellular interaction of gold and silver nanoparticles,Au,PEG,110.75,-2.232166667,HS,100,1888.699399,1500,45,4,metal,sphere,PBS,0.077777778,buffer,1,37,1,0,3.5379,3.0138
A285,A30,Protein corona fingerprinting predicts the cellular interaction of gold and silver nanoparticles,Au,PEG,98.21,-2.015,HS,100,1888.699399,1500,45,4,metal,sphere,PBS,0.044222222,buffer,1,37,1,0,3.0549,3.9235
A286,A30,Protein corona fingerprinting predicts the cellular interaction of gold and silver nanoparticles,Au,PEG,34.77,-1.730833333,HS,100,474.087541,15000,45,4,metal,sphere,PBS,0.134666667,buffer,1,37,1,0,1.2703,0
A287,A30,Protein corona fingerprinting predicts the cellular interaction of gold and silver nanoparticles,Au,PEG,127.22,-0.61,HS,100,1888.699399,1500,45,4,metal,sphere,PBS,0.027666667,buffer,1,37,1,0,5.8736,3.9757
A288,A30,Protein corona fingerprinting predicts the cellular interaction of gold and silver nanoparticles,Ag,AUT,38.4,-13.5,HS,100,671.2825,5000,45,4,metal,sphere,PBS,0.126944444,buffer,1,37,1,0,1.0526,1.9528
A289,A30,Protein corona fingerprinting predicts the cellular interaction of gold and silver nanoparticles,Ag,CIT,38.4,-13.5,HS,100,154800.795,5000,45,4,metal,sphere,PBS,0.126944444,buffer,1,37,1,0,1.4331,1.2593
A290,A30,Protein corona fingerprinting predicts the cellular interaction of gold and silver nanoparticles,Ag,PEG,38.4,-13.5,HS,100,671.2825,5000,45,4,metal,sphere,PBS,0.126944444,buffer,1,37,1,0,3.4736,3.766
A291,A30,Protein corona fingerprinting predicts the cellular interaction of gold and silver nanoparticles,Ag,DDT,38.4,-13.5,HS,100,671.2825,5000,45,4,metal,sphere,PBS,0.126944444,buffer,1,37,1,0,1.2811,3.0164
A292,A30,Protein corona fingerprinting predicts the cellular interaction of gold and silver nanoparticles,Ag,HDA,38.4,-13.5,HS,100,671.2825,5000,45,4,metal,sphere,PBS,0.126944444,buffer,1,37,1,0,1.0363,2.3329
A293,A30,Protein corona fingerprinting predicts the cellular interaction of gold and silver nanoparticles,Ag,LA,38.4,-13.5,HS,100,671.2825,5000,45,4,metal,sphere,PBS,0.126944444,buffer,1,37,1,0,1.4185,1.9139
A294,A30,Protein corona fingerprinting predicts the cellular interaction of gold and silver nanoparticles,Ag,MAA,38.4,-13.5,HS,100,671.2825,5000,45,4,metal,sphere,PBS,0.126944444,buffer,1,37,1,0,1.0942,2.6099
A295,A30,Protein corona fingerprinting predicts the cellular interaction of gold and silver nanoparticles,Ag,MBA,38.4,-13.5,HS,100,671.2825,5000,45,4,metal,sphere,PBS,0.126944444,buffer,1,37,1,0,0.8788,1.5178
A296,A30,Protein corona fingerprinting predicts the cellular interaction of gold and silver nanoparticles,Ag,MES,38.4,-13.5,HS,100,671.2825,5000,45,4,metal,sphere,PBS,0.126944444,buffer,1,37,1,0,0.822,1.6061
A297,A30,Protein corona fingerprinting predicts the cellular interaction of gold and silver nanoparticles,Ag,MHDA,38.4,-13.5,HS,100,671.2825,5000,45,4,metal,sphere,PBS,0.126944444,buffer,1,37,1,0,0.5746,0.738
A298,A30,Protein corona fingerprinting predicts the cellular interaction of gold and silver nanoparticles,Ag,PEG,38.4,-13.5,HS,100,671.2825,5000,45,4,metal,sphere,PBS,0.126944444,buffer,1,37,1,0,3.3734,3.7549
A299,A30,Protein corona fingerprinting predicts the cellular interaction of gold and silver nanoparticles,Ag,MUTA,38.4,-13.5,HS,100,671.2825,5000,45,4,metal,sphere,PBS,0.126944444,buffer,1,37,1,0,1.1703,2.4769
A300,A30,Protein corona fingerprinting predicts the cellular interaction of gold and silver nanoparticles,Ag,PEG,38.4,-13.5,HS,100,671.2825,5000,45,4,metal,sphere,PBS,0.126944444,buffer,1,37,1,0,2.3844,3.5034
A301,A30,Protein corona fingerprinting predicts the cellular interaction of gold and silver nanoparticles,Ag,amino acid,38.4,-13.5,HS,100,671.2825,5000,45,4,metal,sphere,PBS,0.126944444,buffer,1,37,1,0,0.6242,0.9651
A302,A30,Protein corona fingerprinting predicts the cellular interaction of gold and silver nanoparticles,Ag,PVA,38.4,-13.5,HS,100,671.2825,5000,45,4,metal,sphere,PBS,0.126944444,buffer,1,37,1,0,0.906,2.3796
A303,A30,Protein corona fingerprinting predicts the cellular interaction of gold and silver nanoparticles,Ag,SA,38.4,-13.5,HS,100,671.2825,5000,45,4,metal,sphere,PBS,0.126944444,buffer,1,37,1,0,1.5258,6.9213
A304,A31,Protein corona significantly reduces active targeting yield,SiO2,BCN,383,-16.6,FBS,9,200,10000,30,25,other,sphere,plasma,0.28,buffer,1,37,1,0.41,0,16.27
A305,A31,Protein corona significantly reduces active targeting yield,SiO2,BCN,154,-18.9,FBS,9,200,10000,30,25,other,sphere,PBS,0.19,buffer,1,37,1,0.41,0,16.27
A306,A31,Protein corona significantly reduces active targeting yield,SiO2,BCN,154,-18.9,FBS,90,200,10000,30,25,other,sphere,PBS,0.19,buffer,1,37,1,1.12,0,10.19
A307,A31,Protein corona significantly reduces active targeting yield,SiO2,BCN,634,-7.9,FBS,90,200,10000,30,25,other,sphere,plasma,0.34,buffer,1,37,1,1.12,0,10.19
A308,A32,Protein source and choice of anticoagulant decisively affect nanoparticle protein corona and cellular uptake,PS,NH2,116,42.8,HP,76.92,100,20000,60,25,other,sphere,water,0.126944444,water,1,37,1,58.15,0.9,0
A309,A32,Protein source and choice of anticoagulant decisively affect nanoparticle protein corona and cellular uptake,PS,NH2,116,42.8,HP,76.92,100,20000,60,25,other,sphere,water,0.126944444,water,1,37,1,53.19,0.5,0
A310,A32,Protein source and choice of anticoagulant decisively affect nanoparticle protein corona and cellular uptake,PS,NH2,116,42.8,HP,76.92,100,20000,60,25,other,sphere,water,0.126944444,water,1,37,1,46.68,0.63,0
A311,A32,Protein source and choice of anticoagulant decisively affect nanoparticle protein corona and cellular uptake,PS,NH2,116,42.8,HP,76.92,100,20000,60,25,other,sphere,water,0.126944444,water,1,37,1,58.88,0.5,0
A312,A32,Protein source and choice of anticoagulant decisively affect nanoparticle protein corona and cellular uptake,PS,NH2,116,42.8,HP,76.92,100,20000,60,25,other,sphere,water,0.126944444,water,1,37,1,39.35,0.05,0
A313,A32,Protein source and choice of anticoagulant decisively affect nanoparticle protein corona and cellular uptake,PS,NH2,116,42.8,HP,76.92,100,20000,60,25,other,sphere,water,0.126944444,water,1,37,1,45.04,0.55,0
A314,A32,Proteomics analysis reveals distinct corona composition on magnetic nanoparticles with different surface coatings: Implications for interactions with primary human macrophages,Fe3O4,SiO2,391.7,-11.24,HP,100,1000,3500,15,4,metal,sphere,cell culture,0.126944444,water,1,37,1,8.877629128,2.095044203,2.180470763
A315,A33,Proteomics analysis reveals distinct corona composition on magnetic nanoparticles with different surface coatings: Implications for interactions with primary human macrophages,Fe3O4,SiO2,124.8,-19.92,HP,100,1000,3500,15,4,metal,sphere,cell culture,0.126944444,water,1,37,1,8.877629128,2.095044203,2.180470763
A316,A34,A proteomics-based methodology to investigate the protein corona effect for targeted drug delivery,DOTAP/DOPC/DC-Chol/DOPE/DOPE-PEG2k,PEG,60,58.4,HP,50,500,84000,30,4,liposome,sphere,buffer,0.126944444,water,1,37,1,2.46,5.21,1.47
A317,A35,Rapid formation of plasma protein corona critically affects nanoparticle pathophysiology,PS,N/A,117,51,HP,90,600,15300,20,4,other,sphere,buffer,0.011,buffer,0.5,37,1,20.87,0.6,0.76
A318,A35,Rapid formation of plasma protein corona critically affects nanoparticle pathophysiology,PS,N/A,117,51,HP,90,600,15300,20,4,other,sphere,buffer,0.011,buffer,2,37,1,18.78,0.44,0.86
A319,A35,Rapid formation of plasma protein corona critically affects nanoparticle pathophysiology,PS,N/A,117,51,HP,90,600,15300,20,4,other,sphere,buffer,0.011,buffer,5,37,1,23.06,0.79,1.1
A320,A35,Rapid formation of plasma protein corona critically affects nanoparticle pathophysiology,PS,N/A,117,51,HP,90,600,15300,20,4,other,sphere,buffer,0.011,buffer,15,37,1,14.54,2.42,0.89
A321,A35,Rapid formation of plasma protein corona critically affects nanoparticle pathophysiology,PS,N/A,117,51,HP,90,600,15300,20,4,other,sphere,buffer,0.011,buffer,30,37,1,18.98,1.47,1.42
A322,A35,Rapid formation of plasma protein corona critically affects nanoparticle pathophysiology,PS,N/A,117,51,HP,90,600,15300,20,4,other,sphere,buffer,0.011,buffer,60,37,1,20.84,1.58,0.78
A323,A35,Rapid formation of plasma protein corona critically affects nanoparticle pathophysiology,PS,N/A,117,51,HP,90,600,15300,20,4,other,sphere,buffer,0.011,buffer,120,37,1,17.26,1.34,0.68
A324,A35,Rapid formation of plasma protein corona critically affects nanoparticle pathophysiology,SiO2,NH2,31,-10,HP,90,60,15300,20,4,other,sphere,buffer,0.104,buffer,0.5,37,1,2.33,2.12,1.04
A325,A35,Rapid formation of plasma protein corona critically affects nanoparticle pathophysiology,SiO2,NH2,31,-10,HP,90,60,15300,20,4,other,sphere,buffer,0.104,buffer,2,37,1,2.36,2.07,1.38
A326,A35,Rapid formation of plasma protein corona critically affects nanoparticle pathophysiology,SiO2,NH2,31,-10,HP,90,60,15300,20,4,other,sphere,buffer,0.104,buffer,5,37,1,2.37,2.15,1.28
A327,A35,Rapid formation of plasma protein corona critically affects nanoparticle pathophysiology,SiO2,NH2,31,-10,HP,90,60,15300,20,4,other,sphere,buffer,0.104,buffer,15,37,1,2.37,1.98,1.22
A328,A35,Rapid formation of plasma protein corona critically affects nanoparticle pathophysiology,SiO2,NH2,31,-10,HP,90,60,15300,20,4,other,sphere,buffer,0.104,buffer,30,37,1,2.37,2.04,1.28
A329,A35,Rapid formation of plasma protein corona critically affects nanoparticle pathophysiology,SiO2,NH2,31,-10,HP,90,60,15300,20,4,other,sphere,buffer,0.104,buffer,60,37,1,1.76,2.39,1.45
A330,A35,Rapid formation of plasma protein corona critically affects nanoparticle pathophysiology,SiO2,NH2,31,-10,HP,90,60,15300,20,4,other,sphere,buffer,0.104,buffer,120,37,1,1.49,2.37,1.32
A331,A35,Rapid formation of plasma protein corona critically affects nanoparticle pathophysiology,SiO2,N/A,48,-14,HP,90,60,15300,20,4,other,sphere,plasma,0.004,buffer,0.5,37,1,13.21,1.85,1.57
A332,A35,Rapid formation of plasma protein corona critically affects nanoparticle pathophysiology,SiO2,COOH,69,-14,HP,90,60,15300,20,4,other,sphere,plasma,0.068,buffer,0.5,37,1,2.92,2.24,0.63
A333,A35,Rapid formation of plasma protein corona critically affects nanoparticle pathophysiology,SiO2,N/A,48,-14,HP,90,60,15300,20,4,other,sphere,plasma,0.004,buffer,2,37,1,8,1.38,8.64
A334,A35,Rapid formation of plasma protein corona critically affects nanoparticle pathophysiology,SiO2,COOH,69,-14,HP,90,60,15300,20,4,other,sphere,plasma,0.068,buffer,2,37,1,2.97,2.23,0.55
A335,A35,Rapid formation of plasma protein corona critically affects nanoparticle pathophysiology,SiO2,N/A,48,-14,HP,90,60,15300,20,4,other,sphere,plasma,0.004,buffer,5,37,1,8.17,1.15,9.25
A336,A35,Rapid formation of plasma protein corona critically affects nanoparticle pathophysiology,SiO2,COOH,69,-14,HP,90,60,15300,20,4,other,sphere,plasma,0.068,buffer,5,37,1,2.8,2.36,0.67
A337,A35,Rapid formation of plasma protein corona critically affects nanoparticle pathophysiology,SiO2,N/A,48,-14,HP,90,60,15300,20,4,other,sphere,plasma,0.004,buffer,15,37,1,10.63,0.95,8.51
A338,A35,Rapid formation of plasma protein corona critically affects nanoparticle pathophysiology,SiO2,COOH,69,-14,HP,90,60,15300,20,4,other,sphere,plasma,0.068,buffer,15,37,1,2.75,2.13,0.69
A339,A35,Rapid formation of plasma protein corona critically affects nanoparticle pathophysiology,SiO2,N/A,48,-14,HP,90,60,15300,20,4,other,sphere,plasma,0.004,buffer,0.5,37,1,8.09,1.4,0.25
A340,A35,Rapid formation of plasma protein corona critically affects nanoparticle pathophysiology,SiO2,COOH,69,-14,HP,90,60,15300,20,4,other,sphere,plasma,0.068,buffer,0.5,37,1,2.52,2.02,0.86
A341,A35,Rapid formation of plasma protein corona critically affects nanoparticle pathophysiology,SiO2,N/A,48,-14,HP,90,60,15300,20,4,other,sphere,plasma,0.004,buffer,1,37,1,6.68,1.42,8.46
A342,A35,Rapid formation of plasma protein corona critically affects nanoparticle pathophysiology,SiO2,COOH,69,-14,HP,90,60,15300,20,4,other,sphere,plasma,0.068,buffer,1,37,1,2.64,2.36,1.07
A343,A35,Rapid formation of plasma protein corona critically affects nanoparticle pathophysiology,SiO2,N/A,48,-14,HP,90,60,15300,20,4,other,sphere,plasma,0.004,buffer,2,37,1,8.57,0.57,10.24
A344,A35,Rapid formation of plasma protein corona critically affects nanoparticle pathophysiology,SiO2,COOH,69,-14,HP,90,60,15300,20,4,other,sphere,plasma,0.068,buffer,2,37,1,2.62,2.15,1.18
A345,A35,Rapid formation of plasma protein corona critically affects nanoparticle pathophysiology,SiO2,N/A,33,-15,HP,90,60,15300,20,4,other,sphere,buffer,0.045,buffer,0.5,37,1,2.3,2.51,0.99
A346,A35,Rapid formation of plasma protein corona critically affects nanoparticle pathophysiology,SiO2,N/A,33,-15,HP,90,60,15300,20,4,other,sphere,buffer,0.045,buffer,2,37,1,2.04,2.43,1.84
A347,A35,Rapid formation of plasma protein corona critically affects nanoparticle pathophysiology,SiO2,N/A,33,-15,HP,90,60,15300,20,4,other,sphere,buffer,0.045,buffer,5,37,1,2.22,2.02,2.31
A348,A35,Rapid formation of plasma protein corona critically affects nanoparticle pathophysiology,SiO2,N/A,33,-15,HP,90,60,15300,20,4,other,sphere,buffer,0.045,buffer,15,37,1,2.31,2,2.55
A349,A35,Rapid formation of plasma protein corona critically affects nanoparticle pathophysiology,SiO2,N/A,33,-15,HP,90,60,15300,20,4,other,sphere,buffer,0.045,buffer,0.5,37,1,2.59,1.84,2.26
A350,A35,Rapid formation of plasma protein corona critically affects nanoparticle pathophysiology,SiO2,N/A,33,-15,HP,90,60,15300,20,4,other,sphere,buffer,0.045,buffer,1,37,1,2.7,1.81,2.19
A351,A35,Rapid formation of plasma protein corona critically affects nanoparticle pathophysiology,SiO2,N/A,33,-15,HP,90,60,15300,20,4,other,sphere,buffer,0.045,buffer,2,37,1,2.7,1.46,2.6
A352,A35,Rapid formation of plasma protein corona critically affects nanoparticle pathophysiology,SiO2,COOH,28,-18,HP,90,60,15300,20,4,other,sphere,buffer,0.063,buffer,0.5,37,1,2.92,2.24,0.63
A353,A35,Rapid formation of plasma protein corona critically affects nanoparticle pathophysiology,SiO2,NH2,148,-18,HP,90,60,15300,20,4,other,sphere,buffer,0.004,buffer,0.5,37,1,1.91,2.12,1.55
A354,A35,Rapid formation of plasma protein corona critically affects nanoparticle pathophysiology,PS,N/A,156,-18,HP,90,600,15300,20,4,other,sphere,plasma,0.011,buffer,0.5,37,1,20.87,0.6,0.76
A355,A35,Rapid formation of plasma protein corona critically affects nanoparticle pathophysiology,SiO2,COOH,28,-18,HP,90,60,15300,20,4,other,sphere,buffer,0.063,buffer,2,37,1,2.97,2.23,0.55
A356,A35,Rapid formation of plasma protein corona critically affects nanoparticle pathophysiology,SiO2,NH2,148,-18,HP,90,60,15300,20,4,other,sphere,buffer,0.004,buffer,2,37,1,2.02,2.09,1.51
A357,A35,Rapid formation of plasma protein corona critically affects nanoparticle pathophysiology,PS,N/A,156,-18,HP,90,600,15300,20,4,other,sphere,plasma,0.011,buffer,2,37,1,18.78,0.44,0.86
A358,A35,Rapid formation of plasma protein corona critically affects nanoparticle pathophysiology,SiO2,COOH,28,-18,HP,90,60,15300,20,4,other,sphere,buffer,0.063,buffer,5,37,1,2.8,2.36,0.67
A359,A35,Rapid formation of plasma protein corona critically affects nanoparticle pathophysiology,SiO2,NH2,148,-18,HP,90,60,15300,20,4,other,sphere,buffer,0.004,buffer,5,37,1,1.79,1.78,1.89
A360,A35,Rapid formation of plasma protein corona critically affects nanoparticle pathophysiology,PS,N/A,156,-18,HP,90,600,15300,20,4,other,sphere,plasma,0.011,buffer,5,37,1,23.06,0.79,1.1
A361,A35,Rapid formation of plasma protein corona critically affects nanoparticle pathophysiology,SiO2,COOH,28,-18,HP,90,60,15300,20,4,other,sphere,buffer,0.063,buffer,15,37,1,2.75,2.13,0.69
A362,A35,Rapid formation of plasma protein corona critically affects nanoparticle pathophysiology,SiO2,NH2,148,-18,HP,90,60,15300,20,4,other,sphere,buffer,0.004,buffer,15,37,1,1.72,2.31,1.59
A363,A35,Rapid formation of plasma protein corona critically affects nanoparticle pathophysiology,PS,N/A,156,-18,HP,90,600,15300,20,4,other,sphere,plasma,0.011,buffer,15,37,1,14.54,2.42,0.89
A364,A35,Rapid formation of plasma protein corona critically affects nanoparticle pathophysiology,SiO2,COOH,28,-18,HP,90,60,15300,20,4,other,sphere,buffer,0.063,buffer,30,37,1,2.52,2.02,0.86
A365,A35,Rapid formation of plasma protein corona critically affects nanoparticle pathophysiology,SiO2,NH2,148,-18,HP,90,60,15300,20,4,other,sphere,buffer,0.004,buffer,30,37,1,1.6,2.06,1.22
A366,A35,Rapid formation of plasma protein corona critically affects nanoparticle pathophysiology,PS,N/A,156,-18,HP,90,600,15300,20,4,other,sphere,plasma,0.011,buffer,30,37,1,18.98,1.47,1.42
A367,A35,Rapid formation of plasma protein corona critically affects nanoparticle pathophysiology,SiO2,COOH,28,-18,HP,90,60,15300,20,4,other,sphere,buffer,0.063,buffer,1,37,1,2.64,2.36,1.07
A368,A35,Rapid formation of plasma protein corona critically affects nanoparticle pathophysiology,SiO2,NH2,148,-18,HP,90,60,15300,20,4,other,sphere,buffer,0.004,buffer,1,37,1,2.04,1.01,1.42
A369,A35,Rapid formation of plasma protein corona critically affects nanoparticle pathophysiology,PS,N/A,156,-18,HP,90,600,15300,20,4,other,sphere,plasma,0.011,buffer,1,37,1,20.84,1.58,0.78
A370,A35,Rapid formation of plasma protein corona critically affects nanoparticle pathophysiology,SiO2,COOH,28,-18,HP,90,60,15300,20,4,other,sphere,buffer,0.063,buffer,2,37,1,2.62,2.15,1.18
A371,A35,Rapid formation of plasma protein corona critically affects nanoparticle pathophysiology,SiO2,NH2,148,-18,HP,90,60,15300,20,4,other,sphere,buffer,0.004,buffer,2,37,1,2.16,1.29,1.79
A372,A35,Rapid formation of plasma protein corona critically affects nanoparticle pathophysiology,PS,N/A,156,-18,HP,90,600,15300,20,4,other,sphere,plasma,0.011,buffer,2,37,1,17.26,1.34,0.68
A373,A35,Rapid formation of plasma protein corona critically affects nanoparticle pathophysiology,SiO2,N/A,141,-21,HP,90,60,15300,20,4,other,sphere,buffer,0.002,buffer,0.5,37,1,1.4,2,1.93
A374,A35,Rapid formation of plasma protein corona critically affects nanoparticle pathophysiology,SiO2,N/A,141,-21,HP,90,60,15300,20,4,other,sphere,buffer,0.002,buffer,2,37,1,1.77,2.68,1.25
A375,A35,Rapid formation of plasma protein corona critically affects nanoparticle pathophysiology,SiO2,N/A,141,-21,HP,90,60,15300,20,4,other,sphere,buffer,0.002,buffer,5,37,1,2.06,2.69,0.71
A376,A35,Rapid formation of plasma protein corona critically affects nanoparticle pathophysiology,SiO2,N/A,141,-21,HP,90,60,15300,20,4,other,sphere,buffer,0.002,buffer,15,37,1,1.9,1.68,1.55
A377,A35,Rapid formation of plasma protein corona critically affects nanoparticle pathophysiology,SiO2,N/A,141,-21,HP,90,60,15300,20,4,other,sphere,buffer,0.002,buffer,30,37,1,1.41,1.31,1.09
A378,A35,Rapid formation of plasma protein corona critically affects nanoparticle pathophysiology,SiO2,N/A,141,-21,HP,90,60,15300,20,4,other,sphere,buffer,0.002,buffer,60,37,1,2.11,1.22,1.76
A379,A35,Rapid formation of plasma protein corona critically affects nanoparticle pathophysiology,SiO2,N/A,141,-21,HP,90,60,15300,20,4,other,sphere,buffer,0.002,buffer,120,37,1,1.83,1.19,2.14
A380,A35,Rapid formation of plasma protein corona critically affects nanoparticle pathophysiology,PS,N/A,126,-24,HP,90,600,15300,20,4,other,sphere,plasma,0.011,buffer,0.5,37,1,9.54,3.36,0.47
A381,A35,Rapid formation of plasma protein corona critically affects nanoparticle pathophysiology,PS,N/A,126,-24,HP,90,600,15300,20,4,other,sphere,plasma,0.011,buffer,2,37,1,14.23,2,0.35
A382,A35,Rapid formation of plasma protein corona critically affects nanoparticle pathophysiology,PS,N/A,126,-24,HP,90,600,15300,20,4,other,sphere,plasma,0.011,buffer,5,37,1,12.25,2.69,0.33
A383,A35,Rapid formation of plasma protein corona critically affects nanoparticle pathophysiology,PS,N/A,126,-24,HP,90,600,15300,20,4,other,sphere,plasma,0.011,buffer,15,37,1,12.62,2.37,0.34
A384,A35,Rapid formation of plasma protein corona critically affects nanoparticle pathophysiology,PS,N/A,126,-24,HP,90,600,15300,20,4,other,sphere,plasma,0.011,buffer,30,37,1,6,1.61,6.78
A385,A35,Rapid formation of plasma protein corona critically affects nanoparticle pathophysiology,PS,N/A,126,-24,HP,90,600,15300,20,4,other,sphere,plasma,0.011,buffer,60,37,1,8.44,1.67,0.21
A386,A35,Rapid formation of plasma protein corona critically affects nanoparticle pathophysiology,PS,N/A,126,-24,HP,90,600,15300,20,4,other,sphere,plasma,0.011,buffer,120,37,1,8.88,1.63,0.28
A387,A35,Rapid formation of plasma protein corona critically affects nanoparticle pathophysiology,SiO2,N/A,35.2,-25,HP,90,60,15300,20,4,other,sphere,buffer,0.0001,buffer,0.5,37,1,13.21,1.85,1.57
A388,A35,Rapid formation of plasma protein corona critically affects nanoparticle pathophysiology,SiO2,N/A,35.2,-25,HP,90,60,15300,20,4,other,sphere,buffer,0.0001,buffer,2,37,1,8,1.38,8.64
A389,A35,Rapid formation of plasma protein corona critically affects nanoparticle pathophysiology,SiO2,N/A,35.2,-25,HP,90,60,15300,20,4,other,sphere,buffer,0.0001,buffer,5,37,1,8.17,1.15,9.25
A390,A35,Rapid formation of plasma protein corona critically affects nanoparticle pathophysiology,SiO2,N/A,35.2,-25,HP,90,60,15300,20,4,other,sphere,buffer,0.0001,buffer,15,37,1,10.63,0.95,8.51
A391,A35,Rapid formation of plasma protein corona critically affects nanoparticle pathophysiology,SiO2,N/A,35.2,-25,HP,90,60,15300,20,4,other,sphere,buffer,0.0001,buffer,30,37,1,8.09,1.4,0.25
A392,A35,Rapid formation of plasma protein corona critically affects nanoparticle pathophysiology,SiO2,N/A,35.2,-25,HP,90,60,15300,20,4,other,sphere,buffer,0.0001,buffer,60,37,1,6.68,1.42,8.46
A393,A35,Rapid formation of plasma protein corona critically affects nanoparticle pathophysiology,SiO2,N/A,35.2,-25,HP,90,60,15300,20,4,other,sphere,buffer,0.0001,buffer,120,37,1,8.57,0.57,10.24
A394,A35,Rapid formation of plasma protein corona critically affects nanoparticle pathophysiology,SiO2,COOH,133,-28,HP,90,60,15300,20,4,other,sphere,buffer,0.006,buffer,0.5,37,1,2.19,2.58,0.93
A395,A35,Rapid formation of plasma protein corona critically affects nanoparticle pathophysiology,SiO2,COOH,133,-28,HP,90,60,15300,20,4,other,sphere,buffer,0.006,buffer,2,37,1,2.21,2.58,0.71
A396,A35,Rapid formation of plasma protein corona critically affects nanoparticle pathophysiology,SiO2,COOH,133,-28,HP,90,60,15300,20,4,other,sphere,buffer,0.006,buffer,5,37,1,1.79,2.01,0.58
A397,A35,Rapid formation of plasma protein corona critically affects nanoparticle pathophysiology,SiO2,COOH,133,-28,HP,90,60,15300,20,4,other,sphere,buffer,0.006,buffer,15,37,1,1.86,1.89,0.88
A398,A35,Rapid formation of plasma protein corona critically affects nanoparticle pathophysiology,SiO2,COOH,133,-28,HP,90,60,15300,20,4,other,sphere,buffer,0.006,buffer,30,37,1,2.3,1.97,0.99
A399,A35,Rapid formation of plasma protein corona critically affects nanoparticle pathophysiology,SiO2,COOH,133,-28,HP,90,60,15300,20,4,other,sphere,buffer,0.006,buffer,60,37,1,2.06,1.79,0.82
A400,A35,Rapid formation of plasma protein corona critically affects nanoparticle pathophysiology,SiO2,COOH,133,-28,HP,90,60,15300,20,4,other,sphere,buffer,0.006,buffer,120,37,1,1.82,1.43,0.75
A401,A35,Rapid formation of plasma protein corona critically affects nanoparticle pathophysiology,PS,N/A,134,-55,HP,90,600,15300,20,4,other,sphere,buffer,0.009,buffer,0.5,37,1,9.54,3.36,0.47
A402,A35,Rapid formation of plasma protein corona critically affects nanoparticle pathophysiology,PS,N/A,134,-55,HP,90,600,15300,20,4,other,sphere,buffer,0.009,buffer,2,37,1,14.23,2,0.35
A403,A35,Rapid formation of plasma protein corona critically affects nanoparticle pathophysiology,PS,N/A,134,-55,HP,90,600,15300,20,4,other,sphere,buffer,0.009,buffer,5,37,1,12.25,2.69,0.33
A404,A35,Rapid formation of plasma protein corona critically affects nanoparticle pathophysiology,PS,N/A,134,-55,HP,90,600,15300,20,4,other,sphere,buffer,0.009,buffer,15,37,1,12.62,2.37,0.34
A405,A35,Rapid formation of plasma protein corona critically affects nanoparticle pathophysiology,PS,N/A,134,-55,HP,90,600,15300,20,4,other,sphere,buffer,0.009,buffer,30,37,1,6,1.61,6.78
A406,A35,Rapid formation of plasma protein corona critically affects nanoparticle pathophysiology,PS,N/A,134,-55,HP,90,600,15300,20,4,other,sphere,buffer,0.009,buffer,60,37,1,8.44,1.67,0.21
A407,A35,Rapid formation of plasma protein corona critically affects nanoparticle pathophysiology,PS,N/A,134,-55,HP,90,600,15300,20,4,other,sphere,buffer,0.009,buffer,120,37,1,8.88,1.63,0.28
A408,A35,Rapid formation of plasma protein corona critically affects nanoparticle pathophysiology,SiO2,N/A,158,-6,HP,90,60,15300,20,4,other,sphere,plasma,0.007,buffer,0.5,37,1,1.4,2,1.93
A409,A35,Rapid formation of plasma protein corona critically affects nanoparticle pathophysiology,SiO2,N/A,158,-6,HP,90,60,15300,20,4,other,sphere,plasma,0.007,buffer,2,37,1,1.77,2.68,1.25
A410,A35,Rapid formation of plasma protein corona critically affects nanoparticle pathophysiology,SiO2,N/A,158,-6,HP,90,60,15300,20,4,other,sphere,plasma,0.007,buffer,5,37,1,2.06,2.69,0.71
A411,A35,Rapid formation of plasma protein corona critically affects nanoparticle pathophysiology,SiO2,N/A,158,-6,HP,90,60,15300,20,4,other,sphere,plasma,0.007,buffer,15,37,1,1.9,1.68,1.55
A412,A35,Rapid formation of plasma protein corona critically affects nanoparticle pathophysiology,SiO2,N/A,158,-6,HP,90,60,15300,20,4,other,sphere,plasma,0.007,buffer,30,37,1,1.41,1.31,1.09
A413,A35,Rapid formation of plasma protein corona critically affects nanoparticle pathophysiology,SiO2,N/A,158,-6,HP,90,60,15300,20,4,other,sphere,plasma,0.007,buffer,60,37,1,2.11,1.22,1.76
A414,A35,Rapid formation of plasma protein corona critically affects nanoparticle pathophysiology,SiO2,N/A,158,-6,HP,90,60,15300,20,4,other,sphere,plasma,0.007,buffer,120,37,1,1.83,1.19,2.14
A415,A35,Rapid formation of plasma protein corona critically affects nanoparticle pathophysiology,SiO2,NH2,172,-8,HP,90,60,15300,20,4,other,sphere,plasma,0.009,buffer,0.5,37,1,1.91,2.12,1.55
A416,A35,Rapid formation of plasma protein corona critically affects nanoparticle pathophysiology,SiO2,COOH,180,-8,HP,90,60,15300,20,4,other,sphere,plasma,0.007,buffer,0.5,37,1,2.19,2.58,0.93
A417,A35,Rapid formation of plasma protein corona critically affects nanoparticle pathophysiology,SiO2,NH2,172,-8,HP,90,60,15300,20,4,other,sphere,plasma,0.009,buffer,2,37,1,2.02,2.09,1.51
A418,A35,Rapid formation of plasma protein corona critically affects nanoparticle pathophysiology,SiO2,COOH,180,-8,HP,90,60,15300,20,4,other,sphere,plasma,0.007,buffer,2,37,1,2.21,2.58,0.71
A419,A35,Rapid formation of plasma protein corona critically affects nanoparticle pathophysiology,SiO2,NH2,172,-8,HP,90,60,15300,20,4,other,sphere,plasma,0.009,buffer,5,37,1,1.79,1.78,1.89
A420,A35,Rapid formation of plasma protein corona critically affects nanoparticle pathophysiology,SiO2,COOH,180,-8,HP,90,60,15300,20,4,other,sphere,plasma,0.007,buffer,5,37,1,1.79,2.01,0.58
A421,A35,Rapid formation of plasma protein corona critically affects nanoparticle pathophysiology,SiO2,NH2,172,-8,HP,90,60,15300,20,4,other,sphere,plasma,0.009,buffer,15,37,1,1.72,2.31,1.59
A422,A35,Rapid formation of plasma protein corona critically affects nanoparticle pathophysiology,SiO2,COOH,180,-8,HP,90,60,15300,20,4,other,sphere,plasma,0.007,buffer,15,37,1,1.86,1.89,0.88
A423,A35,Rapid formation of plasma protein corona critically affects nanoparticle pathophysiology,SiO2,NH2,172,-8,HP,90,60,15300,20,4,other,sphere,plasma,0.009,buffer,30,37,1,1.6,2.06,1.22
A424,A35,Rapid formation of plasma protein corona critically affects nanoparticle pathophysiology,SiO2,COOH,180,-8,HP,90,60,15300,20,4,other,sphere,plasma,0.007,buffer,30,37,1,2.3,1.97,0.99
A425,A35,Rapid formation of plasma protein corona critically affects nanoparticle pathophysiology,SiO2,NH2,172,-8,HP,90,60,15300,20,4,other,sphere,plasma,0.009,buffer,60,37,1,2.04,1.01,1.42
A426,A35,Rapid formation of plasma protein corona critically affects nanoparticle pathophysiology,SiO2,COOH,180,-8,HP,90,60,15300,20,4,other,sphere,plasma,0.007,buffer,60,37,1,2.06,1.79,0.82
A427,A35,Rapid formation of plasma protein corona critically affects nanoparticle pathophysiology,SiO2,NH2,172,-8,HP,90,60,15300,20,4,other,sphere,plasma,0.009,buffer,120,37,1,2.16,1.29,1.79
A428,A35,Rapid formation of plasma protein corona critically affects nanoparticle pathophysiology,SiO2,COOH,180,-8,HP,90,60,15300,20,4,other,sphere,plasma,0.007,buffer,120,37,1,1.82,1.43,0.75
A429,A35,Rapid formation of plasma protein corona critically affects nanoparticle pathophysiology,SiO2,NH2,72,-9,HP,90,60,15300,20,4,other,sphere,plasma,0.085,buffer,0.5,37,1,2.33,2.12,1.04
A430,A35,Rapid formation of plasma protein corona critically affects nanoparticle pathophysiology,SiO2,N/A,75,-9,HP,90,60,15300,20,4,other,sphere,plasma,0.051,buffer,0.5,37,1,2.3,2.51,0.99
A431,A35,Rapid formation of plasma protein corona critically affects nanoparticle pathophysiology,SiO2,NH2,72,-9,HP,90,60,15300,20,4,other,sphere,plasma,0.085,buffer,2,37,1,2.36,2.07,1.38
A432,A35,Rapid formation of plasma protein corona critically affects nanoparticle pathophysiology,SiO2,N/A,75,-9,HP,90,60,15300,20,4,other,sphere,plasma,0.051,buffer,2,37,1,2.04,2.43,1.84
A433,A35,Rapid formation of plasma protein corona critically affects nanoparticle pathophysiology,SiO2,NH2,72,-9,HP,90,60,15300,20,4,other,sphere,plasma,0.085,buffer,5,37,1,2.37,2.15,1.28
A434,A35,Rapid formation of plasma protein corona critically affects nanoparticle pathophysiology,SiO2,N/A,75,-9,HP,90,60,15300,20,4,other,sphere,plasma,0.051,buffer,5,37,1,2.22,2.02,2.31
A435,A35,Rapid formation of plasma protein corona critically affects nanoparticle pathophysiology,SiO2,NH2,72,-9,HP,90,60,15300,20,4,other,sphere,plasma,0.085,buffer,15,37,1,2.37,1.98,1.22
A436,A35,Rapid formation of plasma protein corona critically affects nanoparticle pathophysiology,SiO2,N/A,75,-9,HP,90,60,15300,20,4,other,sphere,plasma,0.051,buffer,15,37,1,2.31,2,2.55
A437,A35,Rapid formation of plasma protein corona critically affects nanoparticle pathophysiology,SiO2,NH2,72,-9,HP,90,60,15300,20,4,other,sphere,plasma,0.085,buffer,30,37,1,2.37,2.04,1.28
A438,A35,Rapid formation of plasma protein corona critically affects nanoparticle pathophysiology,SiO2,N/A,75,-9,HP,90,60,15300,20,4,other,sphere,plasma,0.051,buffer,30,37,1,2.59,1.84,2.26
A439,A35,Rapid formation of plasma protein corona critically affects nanoparticle pathophysiology,SiO2,NH2,72,-9,HP,90,60,15300,20,4,other,sphere,plasma,0.085,buffer,60,37,1,1.76,2.39,1.45
A440,A35,Rapid formation of plasma protein corona critically affects nanoparticle pathophysiology,SiO2,N/A,75,-9,HP,90,60,15300,20,4,other,sphere,plasma,0.051,buffer,60,37,1,2.7,1.81,2.19
A441,A35,Rapid formation of plasma protein corona critically affects nanoparticle pathophysiology,SiO2,NH2,72,-9,HP,90,60,15300,20,4,other,sphere,plasma,0.085,buffer,120,37,1,1.49,2.37,1.32
A442,A35,Rapid formation of plasma protein corona critically affects nanoparticle pathophysiology,SiO2,N/A,75,-9,HP,90,60,15300,20,4,other,sphere,plasma,0.051,buffer,120,37,1,2.7,1.46,2.6
A443,A36,Secreted biomolecules alter the biological identity and cellular interactions of nanoparticles,Au,CIT,38.88,-13.5,FBS,10,816.85,15000,20,25,metal,sphere,plasma,0.25,DMEM,0,37,1,6.362134251,0.872059219,0
A444,A36,Secreted biomolecules alter the biological identity and cellular interactions of nanoparticles,Au,CIT,38.88,-13.5,FBS,10,816.85,15000,20,25,metal,sphere,plasma,0.25,DMEM,1,37,1,7.483509809,0.746529929,0
A445,A36,Secreted biomolecules alter the biological identity and cellular interactions of nanoparticles,Au,CIT,38.88,-13.5,FBS,10,816.85,15000,20,25,metal,sphere,plasma,0.25,DMEM,4,37,1,7.900365628,0.663201448,0
A446,A36,Secreted biomolecules alter the biological identity and cellular interactions of nanoparticles,Au,CIT,38.88,-13.5,FBS,10,816.85,15000,20,25,metal,sphere,plasma,0.25,DMEM,8,37,1,8.681542181,0.857365881,0
A447,A36,Secreted biomolecules alter the biological identity and cellular interactions of nanoparticles,Au,CIT,38.88,-13.5,FBS,10,816.85,15000,20,25,metal,sphere,plasma,0.25,DMEM,12,37,1,8.130560985,0.709002315,0
A448,A36,Secreted biomolecules alter the biological identity and cellular interactions of nanoparticles,Au,CIT,38.88,-13.5,FBS,10,816.85,15000,20,25,metal,sphere,plasma,0.25,DMEM,24,37,1,7.666463996,0.666980752,0
A449,A37,"Selective targeting capability acquired with a protein corona adsorbed on the surface of 1,2-dioleoyl-3-trimethylammonium propane/dna nanoparticles",DOTAP/DNA,N/A,223.5,49.5,HP,10,1000,15000,10,25,liposome,sphere,buffer,0.126944444,buffer,1,37,1,17.3,7.5,9.4
A450,A37,"Selective targeting capability acquired with a protein corona adsorbed on the surface of 1,2-dioleoyl-3-trimethylammonium propane/dna nanoparticles",DOTAP/DNA,N/A,223.5,49.5,HP,50,1000,15000,10,25,liposome,sphere,buffer,0.126944444,buffer,1,37,1,17,7.8,9.8
A451,A37,"Selective targeting capability acquired with a protein corona adsorbed on the surface of 1,2-dioleoyl-3-trimethylammonium propane/dna nanoparticles",DOTAP/DNA,N/A,287.7,-7.6,HP,10,1000,15000,10,25,liposome,sphere,plasma,0.126944444,buffer,1,37,1,17.3,7.5,9.4
A452,A37,"Selective targeting capability acquired with a protein corona adsorbed on the surface of 1,2-dioleoyl-3-trimethylammonium propane/dna nanoparticles",DOTAP/DNA,N/A,287.7,-7.6,HP,50,1000,15000,10,25,liposome,sphere,plasma,0.126944444,buffer,1,37,1,17,7.8,9.8
A453,A38,Significance of surface charge and shell material of superparamagnetic iron oxide nanoparticle (SPION) based core/shell nanoparticles on the composition of the protein corona,Fe3O4,PVA,112.7,5.6,FBS,77.8,23540,20000,10,25,metal,sphere,water,0.126944444,buffer,1,37,1,2.5,1.15,0
A454,A38,Significance of surface charge and shell material of superparamagnetic iron oxide nanoparticle (SPION) based core/shell nanoparticles on the composition of the protein corona,Fe3O4,PVA,46.8,13.6,FBS,77.8,23540,20000,10,25,metal,sphere,water,0.126944444,buffer,1,37,1,3.8,1.65,0
A455,A38,Significance of surface charge and shell material of superparamagnetic iron oxide nanoparticle (SPION) based core/shell nanoparticles on the composition of the protein corona,Fe3O4,N/A,28,27.5,FBS,77.8,23540,20000,10,25,metal,sphere,water,0.126944444,buffer,1,37,1,2.22,1.64,0
A456,A38,Significance of surface charge and shell material of superparamagnetic iron oxide nanoparticle (SPION) based core/shell nanoparticles on the composition of the protein corona,Fe3O4,PVA,71.8,34.6,FBS,77.8,23540,20000,10,25,metal,sphere,water,0.126944444,buffer,1,37,1,2.78,2.49,0
A457,A38,Significance of surface charge and shell material of superparamagnetic iron oxide nanoparticle (SPION) based core/shell nanoparticles on the composition of the protein corona,Fe3O4,SiO2,100.7,36.8,FBS,77.8,35653,20000,10,25,metal,sphere,water,0.126944444,buffer,1,37,1,1.66,1.73,5.58
A458,A38,Significance of surface charge and shell material of superparamagnetic iron oxide nanoparticle (SPION) based core/shell nanoparticles on the composition of the protein corona,Fe3O4,PVA,78.5,-15.5,FBS,77.8,23540,20000,10,25,metal,sphere,water,0.126944444,buffer,1,37,1,5.07,2.62,0
A459,A38,Significance of surface charge and shell material of superparamagnetic iron oxide nanoparticle (SPION) based core/shell nanoparticles on the composition of the protein corona,Fe3O4,TiO2,102.1,-24.9,FBS,77.8,64825,20000,10,25,metal,sphere,water,0.126944444,buffer,1,37,1,0.64,0.52,7.93
A460,A38,Significance of surface charge and shell material of superparamagnetic iron oxide nanoparticle (SPION) based core/shell nanoparticles on the composition of the protein corona,Fe3O4,SiO2,102.1,-36.6,FBS,77.8,35653,20000,10,25,metal,sphere,water,0.126944444,buffer,1,37,1,0,2.03,0
A461,A38,Significance of surface charge and shell material of superparamagnetic iron oxide nanoparticle (SPION) based core/shell nanoparticles on the composition of the protein corona,Fe3O4,N/A,143.9,-48.2,FBS,77.8,23540,20000,10,25,metal,sphere,water,0.126944444,buffer,1,37,1,2.47,2.2,2.08
A462,A39,Silver Nanoparticle Protein Corona Composition in Cell Culture Media,Ag,CIT,120.9,-25.1,FBS,10,100,3000,15,22,metal,sphere,cell culture,0.126944444,DMEM,1,37,1,42.67155053,0.296814168,0.820004672
A463,A39,Silver Nanoparticle Protein Corona Composition in Cell Culture Media,Ag,CIT,23.4,-25.3,FBS,10,100,3000,15,22,metal,sphere,cell culture,0.126944444,DMEM,1,37,1,6.716635443,0.194689555,8.029065806
A464,A39,Silver Nanoparticle Protein Corona Composition in Cell Culture Media,Ag,PVP,113.2,-25.5,FBS,10,100,3000,15,22,metal,sphere,water,0.126944444,DMEM,1,37,1,38.82291364,0.316515063,1.007206808
A465,A39,Silver Nanoparticle Protein Corona Composition in Cell Culture Media,Ag,PVP,22.9,-27.9,FBS,10,100,3000,15,22,metal,sphere,cell culture,0.126944444,DMEM,1,37,1,15.10413891,0,6.693135507
A466,A39,Silver Nanoparticle Protein Corona Composition in Cell Culture Media,Ag,PVP,121.5,-30,FBS,10,100,3000,15,22,metal,sphere,cell culture,0.126944444,DMEM,1,37,1,53.20082445,0.247941903,2.387374396
A467,A39,Silver Nanoparticle Protein Corona Composition in Cell Culture Media,Ag,PVP,26.6,-35.9,FBS,10,100,3000,15,22,metal,sphere,water,0.126944444,DMEM,1,37,1,15.56410067,0,3.24773154
A468,A39,Silver Nanoparticle Protein Corona Composition in Cell Culture Media,Ag,CIT,104.5,-43.6,FBS,10,100,3000,15,22,metal,sphere,water,0.126944444,DMEM,1,37,1,33.73351235,0.332815898,0.446453279
A469,A39,Silver Nanoparticle Protein Corona Composition in Cell Culture Media,Ag,CIT,24.4,-46.6,FBS,10,100,3000,15,22,metal,sphere,water,0.126944444,DMEM,1,37,1,17.24277311,1.650831515,4.901050681
A470,A40,Slight temperature changes affect protein affinity and cellular uptake/toxicity of nanoparticles,Fe3O4,NH2,32.7,-13.9,FBS,90,100,15000,20,25,metal,sphere,PBS,0.126944444,water,1,39,1,65.16081,0,0
A471,A40,Slight temperature changes affect protein affinity and cellular uptake/toxicity of nanoparticles,Fe3O4,NH2,32.7,-13.9,FBS,90,100,15000,20,25,metal,sphere,PBS,0.126944444,water,1,39,1,4.850053,0,0
A472,A40,Slight temperature changes affect protein affinity and cellular uptake/toxicity of nanoparticles,Fe3O4,NH2,32.7,-13.9,FBS,90,100,15000,20,25,metal,sphere,PBS,0.126944444,water,1,39,1,43.15268,0.171867,0
A473,A40,Slight temperature changes affect protein affinity and cellular uptake/toxicity of nanoparticles,Fe3O4,NH2,32.7,-13.9,FBS,90,100,15000,20,25,metal,sphere,PBS,0.126944444,water,1,39,1,25.22252,0,0
A474,A40,Slight temperature changes affect protein affinity and cellular uptake/toxicity of nanoparticles,Fe3O4,NH2,43.8,-20.8,FBS,90,100,15000,20,25,metal,sphere,water,0.126944444,water,1,39,1,65.16081,0,0
A475,A40,Slight temperature changes affect protein affinity and cellular uptake/toxicity of nanoparticles,Fe3O4,NH2,43.8,-20.8,FBS,90,100,15000,20,25,metal,sphere,water,0.126944444,water,1,39,1,4.850053,0,0
A476,A40,Slight temperature changes affect protein affinity and cellular uptake/toxicity of nanoparticles,Fe3O4,NH2,43.8,-20.8,FBS,90,100,15000,20,25,metal,sphere,water,0.126944444,water,1,39,1,43.15268,0.171867,0
A477,A40,Slight temperature changes affect protein affinity and cellular uptake/toxicity of nanoparticles,Fe3O4,NH2,43.8,-20.8,FBS,90,100,15000,20,25,metal,sphere,water,0.126944444,water,1,39,1,25.22252,0,0
A478,A41,The species origin of the serum in the culture medium influences the in vitro toxicity of silica nanoparticles to HepG2 cells,SiO2,N/A,220.8,-19.9,HS,10,1000,15000,20,25,other,sphere,plasma,0.288,buffer,24,37,1,25.53,2.59,1.34
A479,A41,The species origin of the serum in the culture medium influences the in vitro toxicity of silica nanoparticles to HepG2 cells,SiO2,N/A,193.3,-20.1,FBS,10,1000,15000,20,25,other,sphere,plasma,0.187,buffer,24,37,1,18.85,1.32,1.68
A480,A41,The species origin of the serum in the culture medium influences the in vitro toxicity of silica nanoparticles to HepG2 cells,SiO2,N/A,143.5,-39.1,FBS,10,1000,15000,20,25,other,sphere,buffer,0.111,buffer,24,37,1,18.85,1.32,1.68
A481,A41,The species origin of the serum in the culture medium influences the in vitro toxicity of silica nanoparticles to HepG2 cells,SiO2,N/A,143.5,-39.1,HS,10,1000,15000,20,25,other,sphere,buffer,0.111,buffer,24,37,1,25.53,2.59,1.34
A482,A42,Stealth Effect of Biomolecular Corona on Nanoparticle Uptake by Immune Cells,SiO2,N/A,203,-16.2,HP,50,1000,14000,15,25,other,sphere,plasma,0.19,buffer,1,37,1,3.61269726,0.43837812,2.05321995
A483,A42,Stealth Effect of Biomolecular Corona on Nanoparticle Uptake by Immune Cells,SiO2,N/A,152,-18.4,HP,50,1000,14000,15,25,other,sphere,buffer,0.18,buffer,1,37,1,6,1,2
A484,A43,A story told by a single nanoparticle in the body fluid: demonstration of dissolution-reprecipitation of nanocrystals in a biological system,CaCO3,N/A,50,-13.5,FBS,5,1000,16000,10,25,metal,sphere,PBS,0.126944444,DMEM,12,22,1,15.4283151,6.0276714,8.5392012
A485,A43,A story told by a single nanoparticle in the body fluid: demonstration of dissolution-reprecipitation of nanocrystals in a biological system,CaCO3,N/A,50,-13.5,FBS,5,1000,16000,10,25,metal,sphere,PBS,0.126944444,DMEM,12,22,1,15.4283151,6.0276714,8.5392012
A486,A43,A story told by a single nanoparticle in the body fluid: demonstration of dissolution-reprecipitation of nanocrystals in a biological system,Ca3(PO4)2,N/A,100,-13.5,FBS,5,1000,16000,10,25,metal,sphere,PBS,0.126944444,DMEM,12,22,1,16.0816727,1.4053924,7.9638905
A487,A44,Surface chemistry and serum type both determine the nanoparticle-protein corona,DOTAP-Chol-DPPC,N/A,246.3,34,RP,50,500,18000,15,25,liposome,sphere,buffer,0.126944444,buffer,1,37,1,6.17092865,0.82379514,1.19941993
A488,A44,Surface chemistry and serum type both determine the nanoparticle-protein corona,DOTAP-Chol-DPPC,N/A,246.3,34,HP,50,500,18000,15,25,liposome,sphere,buffer,0.126944444,buffer,1,37,1,2.56506413,0,0
A489,A44,Surface chemistry and serum type both determine the nanoparticle-protein corona,DOTAP-Chol-DSPC,N/A,421.8,37.1,RP,50,500,18000,15,25,liposome,sphere,buffer,0.126944444,buffer,1,37,1,4.37221341,0.94921946,1.4053379
A490,A44,Surface chemistry and serum type both determine the nanoparticle-protein corona,DOTAP-Chol-DSPC,N/A,421.8,37.1,HP,50,500,18000,15,25,liposome,sphere,buffer,0.126944444,buffer,1,37,1,2.94399935,0,0
A491,A44,Surface chemistry and serum type both determine the nanoparticle-protein corona,Shingosine-Chol-DSPC,N/A,203,40.8,RP,50,500,18000,15,25,liposome,sphere,buffer,0.126944444,buffer,1,37,1,3.43737531,0.95178263,1.04012672
A492,A44,Surface chemistry and serum type both determine the nanoparticle-protein corona,Shingosine-Chol-DSPC,N/A,203,40.8,HP,50,500,18000,15,25,liposome,sphere,buffer,0.126944444,buffer,1,37,1,5.58894706,0,0
A493,A44,Surface chemistry and serum type both determine the nanoparticle-protein corona,DOTAP-Chol-PC,N/A,244.3,45.7,RP,50,500,18000,15,25,liposome,sphere,buffer,0.126944444,buffer,1,37,1,4.0016246,0.84436475,1.12903629
A494,A44,Surface chemistry and serum type both determine the nanoparticle-protein corona,DOTAP-Chol-PC,N/A,244.3,45.7,HP,50,500,18000,15,25,liposome,sphere,buffer,0.126944444,buffer,1,37,1,2.91377783,0,0
A495,A44,Surface chemistry and serum type both determine the nanoparticle-protein corona,Chol-PC,N/A,248.8,-10.9,RP,50,500,18000,15,25,liposome,sphere,buffer,0.126944444,buffer,1,37,1,5.15549404,1.06040823,1.91725595
A496,A44,Surface chemistry and serum type both determine the nanoparticle-protein corona,Chol-PC,N/A,248.8,-10.9,HP,50,500,18000,15,25,liposome,sphere,buffer,0.126944444,buffer,1,37,1,7.25495779,0,0
A497,A45,"Surface chemistry of gold nanoparticles determines the biocorona composition impacting cellular uptake, toxicity and gene expression profiles in human endothelial cells",Au,PEG,112.2,12.8,HP,55,250,20000,30,20,metal,sphere,water,0.212,buffer,1,37,1,9.764135435,0.167035744,0
A498,A45,"Surface chemistry of gold nanoparticles determines the biocorona composition impacting cellular uptake, toxicity and gene expression profiles in human endothelial cells",Au,BPEI,52.64,63.1,HP,55,250,20000,30,20,metal,sphere,water,0.207,buffer,1,37,1,13.98270027,0.347622283,0
A499,A45,"Surface chemistry of gold nanoparticles determines the biocorona composition impacting cellular uptake, toxicity and gene expression profiles in human endothelial cells",Au,BPEI,106.7,69.3,HP,55,250,20000,30,20,metal,sphere,water,0.132,buffer,1,37,1,12.69531152,0.244444545,0
A500,A45,"Surface chemistry of gold nanoparticles determines the biocorona composition impacting cellular uptake, toxicity and gene expression profiles in human endothelial cells",Au,PEG,133,-1.98,HP,55,250,20000,30,20,metal,sphere,cell culture,0.035,buffer,1,37,1,9.764135435,0.167035744,0
A501,A45,"Surface chemistry of gold nanoparticles determines the biocorona composition impacting cellular uptake, toxicity and gene expression profiles in human endothelial cells",Au,PEG,68.87,-10.8,HP,55,250,20000,30,20,metal,sphere,water,0.143,buffer,1,37,1,12.6393694,0.178469424,0
A502,A45,"Surface chemistry of gold nanoparticles determines the biocorona composition impacting cellular uptake, toxicity and gene expression profiles in human endothelial cells",Au,PEG,69.7,-3.58,HP,55,250,20000,30,20,metal,sphere,cell culture,0.074,buffer,1,37,1,12.6393694,0.178469424,0
A503,A45,"Surface chemistry of gold nanoparticles determines the biocorona composition impacting cellular uptake, toxicity and gene expression profiles in human endothelial cells",Au,LA,92.19,-43.9,HP,55,250,20000,30,20,metal,sphere,water,0.083,buffer,1,37,1,14.92938039,0.447161391,0
A504,A45,"Surface chemistry of gold nanoparticles determines the biocorona composition impacting cellular uptake, toxicity and gene expression profiles in human endothelial cells",Au,BPEI,317.82,-5.32,HP,55,250,20000,30,20,metal,sphere,cell culture,0.181,buffer,1,37,1,12.69531152,0.244444545,0
A505,A45,"Surface chemistry of gold nanoparticles determines the biocorona composition impacting cellular uptake, toxicity and gene expression profiles in human endothelial cells",Au,BPEI,331.3,-7.43,HP,55,250,20000,30,20,metal,sphere,cell culture,0.205,buffer,1,37,1,13.98270027,0.347622283,0
A506,A45,"Surface chemistry of gold nanoparticles determines the biocorona composition impacting cellular uptake, toxicity and gene expression profiles in human endothelial cells",Au,LA,50.15,-73.3,HP,55,250,20000,30,20,metal,sphere,water,0.161,buffer,1,37,1,12.98390888,0.218751228,0
A507,A45,"Surface chemistry of gold nanoparticles determines the biocorona composition impacting cellular uptake, toxicity and gene expression profiles in human endothelial cells",Au,LA,69.32,-8.29,HP,55,250,20000,30,20,metal,sphere,cell culture,0.27,buffer,1,37,1,12.98390888,0.218751228,0
A508,A45,"Surface chemistry of gold nanoparticles determines the biocorona composition impacting cellular uptake, toxicity and gene expression profiles in human endothelial cells",Au,LA,159.5,-8.99,HP,55,250,20000,30,20,metal,sphere,cell culture,0.215,buffer,1,37,1,14.92938039,0.447161391,0
A509,A46,Surface coatings shape the protein corona of SPIONs with relevance to their application in vivo,Fe3O4,OAOA,131,-10.7,HP,10,1107.3,20000,30,4,metal,sphere,plasma,0.126944444,buffer,1,25,1,2.64,1.37,0
A510,A46,Surface coatings shape the protein corona of SPIONs with relevance to their application in vivo,Fe3O4,CA,99.6,-29.8,HP,10,1107.3,20000,30,4,metal,sphere,PBS,0.126944444,buffer,1,25,1,2.96,1.37,0
A511,A46,Surface coatings shape the protein corona of SPIONs with relevance to their application in vivo,Fe3O4,CA,134.6,-29.8,HP,10,1107.3,20000,30,4,metal,sphere,plasma,0.126944444,buffer,1,25,1,2.96,1.37,0
A512,A46,Surface coatings shape the protein corona of SPIONs with relevance to their application in vivo,Fe3O4,CA,95.4,-35.3,HP,55,3555.6,20000,30,4,metal,sphere,PBS,0.126944444,buffer,1,25,1,5.02,1.86,0
A513,A46,Surface coatings shape the protein corona of SPIONs with relevance to their application in vivo,Fe3O4,OAOA,313,-51.4,HP,55,3555.6,20000,30,4,metal,sphere,PBS,0.126944444,buffer,1,25,1,4.48,1.07,0
A514,A46,Surface coatings shape the protein corona of SPIONs with relevance to their application in vivo,Fe3O4,OAOA,127,-55.9,HP,10,1107.3,20000,30,4,metal,sphere,PBS,0.126944444,buffer,1,25,1,2.64,1.37,0
A515,A46,Surface coatings shape the protein corona of SPIONs with relevance to their application in vivo,Fe3O4,OAOA,1303.3,-7.6,HP,55,3555.6,20000,30,4,metal,sphere,plasma,0.126944444,buffer,1,25,1,4.48,1.07,0
A516,A46,Surface coatings shape the protein corona of SPIONs with relevance to their application in vivo,Fe3O4,CA,169,-8.9,HP,55,3555.6,20000,30,4,metal,sphere,plasma,0.126944444,buffer,1,25,1,5.02,1.86,0
A517,A47,Surface proteomics on nanoparticles: a step to simplify the rapid prototyping of nanoparticles,TiO2,N/A,880.7,-5.87,FBS,10,100,2700,5,4,metal,powder,cell culture,0.396,buffer,1,37,1,4.37,1.49,0.52
A518,A47,Surface proteomics on nanoparticles: a step to simplify the rapid prototyping of nanoparticles,TiO2,N/A,880.7,-5.87,FBS,10,100,2700,5,4,metal,powder,cell culture,0.396,buffer,1,37,1,4.35,1.64,0.68
A519,A47,Surface proteomics on nanoparticles: a step to simplify the rapid prototyping of nanoparticles,TiO2,N/A,880.7,-5.87,FBS,10,100,2700,5,4,metal,powder,cell culture,0.396,buffer,1,37,1,3.72,1.6,0.63
A520,A47,Surface proteomics on nanoparticles: a step to simplify the rapid prototyping of nanoparticles,TiO2,N/A,880.7,-5.87,FBS,10,100,2700,5,4,metal,powder,cell culture,0.396,buffer,1,37,1,2.64,2.22,0.21
A521,A47,Surface proteomics on nanoparticles: a step to simplify the rapid prototyping of nanoparticles,TiO2,N/A,880.7,-5.87,FBS,10,100,2700,5,4,metal,powder,cell culture,0.396,buffer,1,37,1,3.16,3.61,0.4
A522,A47,Surface proteomics on nanoparticles: a step to simplify the rapid prototyping of nanoparticles,TiO2,N/A,880.7,-5.87,FBS,10,100,2700,5,4,metal,powder,cell culture,0.396,buffer,1,37,1,2.82,2.8,0.58
A523,A47,Surface proteomics on nanoparticles: a step to simplify the rapid prototyping of nanoparticles,TiO2,N/A,858.5,-9.62,FBS,10,100,2700,5,4,metal,powder,water,0.241,buffer,1,37,1,4.37,1.49,0.52
A524,A47,Surface proteomics on nanoparticles: a step to simplify the rapid prototyping of nanoparticles,TiO2,N/A,858.5,-9.62,FBS,10,100,2700,5,4,metal,powder,water,0.241,buffer,1,37,1,4.35,1.64,0.68
A525,A47,Surface proteomics on nanoparticles: a step to simplify the rapid prototyping of nanoparticles,TiO2,N/A,858.5,-9.62,FBS,10,100,2700,5,4,metal,powder,water,0.241,buffer,1,37,1,3.72,1.6,0.63
A526,A47,Surface proteomics on nanoparticles: a step to simplify the rapid prototyping of nanoparticles,TiO2,N/A,858.5,-9.62,FBS,10,100,2700,5,4,metal,powder,water,0.241,buffer,1,37,1,2.64,2.22,0.21
A527,A47,Surface proteomics on nanoparticles: a step to simplify the rapid prototyping of nanoparticles,TiO2,N/A,858.5,-9.62,FBS,10,100,2700,5,4,metal,powder,water,0.241,buffer,1,37,1,3.16,3.61,0.4
A528,A47,Surface proteomics on nanoparticles: a step to simplify the rapid prototyping of nanoparticles,TiO2,N/A,858.5,-9.62,FBS,10,100,2700,5,4,metal,powder,water,0.241,buffer,1,37,1,2.82,2.8,0.58
A529,A48,Tailored Dual PEGylation of Inorganic Porous Nanocarriers for Extremely Long Blood Circulation in Vivo,Si,PEG,184,0,RP,50,166.7,15000,20,25,other,sphere,water,0.126944444,buffer,0.25,37,1,2.58,0.59,6.56
A530,A48,Tailored Dual PEGylation of Inorganic Porous Nanocarriers for Extremely Long Blood Circulation in Vivo,Si,PEG,184,0,RP,50,166.7,15000,20,25,other,sphere,water,0.126944444,buffer,1.5,37,1,2.86,1.17,3.03
A531,A48,Tailored Dual PEGylation of Inorganic Porous Nanocarriers for Extremely Long Blood Circulation in Vivo,Si,N/A,165,-37,RP,50,166.7,15000,20,25,other,sphere,water,0.126944444,buffer,0.25,37,1,3.51,0.55,6.12
A532,A48,Tailored Dual PEGylation of Inorganic Porous Nanocarriers for Extremely Long Blood Circulation in Vivo,Si,N/A,165,-37,RP,50,166.7,15000,20,25,other,sphere,water,0.126944444,buffer,1.5,37,1,2.49,1.24,3.56
A533,A49,Time evolution of nanoparticle-protein corona in human plasma: Relevance for targeted drug delivery,DC-Chol-DOPE,N/A,130,55,HP,50,500,14000,15,25,liposome,sphere,water,0.2,buffer,0.016666667,37,1,0.15,0.12,0.16
A534,A49,Time evolution of nanoparticle-protein corona in human plasma: Relevance for targeted drug delivery,DC-Chol-DOPE,N/A,130,55,HP,50,500,14000,15,25,liposome,sphere,water,0.2,buffer,0.5,37,1,0.28,0.14,0.24
A535,A49,Time evolution of nanoparticle-protein corona in human plasma: Relevance for targeted drug delivery,DC-Chol-DOPE,N/A,130,55,HP,50,500,14000,15,25,liposome,sphere,water,0.2,buffer,1,37,1,0.16,0.14,0.1
A536,A50,Time-evolution of in vivo protein corona onto blood-circulating PEGylated liposomal doxorubicin (DOXIL) nanoparticles,HSPC-Chol-DSPE,PEG,114,-36.2,RP,100,500,1300,12,4,liposome,sphere,plasma,0.056,water,0.166666667,37,1,2.35,0.95,1.89
A537,A50,Time-evolution of in vivo protein corona onto blood-circulating PEGylated liposomal doxorubicin (DOXIL) nanoparticles,HSPC-Chol-DSPE,PEG,114,-36.2,RP,100,500,1300,12,4,liposome,sphere,plasma,0.056,water,1,37,1,4.41,1.24,1.04
A538,A50,Time-evolution of in vivo protein corona onto blood-circulating PEGylated liposomal doxorubicin (DOXIL) nanoparticles,HSPC-Chol-DSPE,PEG,114,-36.2,RP,100,500,1300,12,4,liposome,sphere,plasma,0.056,water,3,37,1,1.5,0,1.01
A539,A51,The timeline of corona formation around silica nanocarriers highlights the role of the protein interactome,SiO2,N/A,235,-11.6,FBS,50,500,15000,20,25,other,sphere,plasma,0.126944444,buffer,0.008333333,37,1,26.63,0.94,0.55
A540,A51,The timeline of corona formation around silica nanocarriers highlights the role of the protein interactome,SiO2,N/A,235,-11.6,FBS,50,500,15000,20,25,other,sphere,plasma,0.126944444,buffer,0.083333333,37,1,26.33,1.11,0.72
A541,A51,The timeline of corona formation around silica nanocarriers highlights the role of the protein interactome,SiO2,N/A,235,-11.6,FBS,50,500,15000,20,25,other,sphere,plasma,0.126944444,buffer,0.25,37,1,24.67,1.09,1.17
A542,A51,The timeline of corona formation around silica nanocarriers highlights the role of the protein interactome,SiO2,N/A,235,-11.6,FBS,50,500,15000,20,25,other,sphere,plasma,0.126944444,buffer,0.5,37,1,22.54,1.09,1.41
A543,A51,The timeline of corona formation around silica nanocarriers highlights the role of the protein interactome,SiO2,N/A,235,-11.6,FBS,50,500,15000,20,25,other,sphere,plasma,0.126944444,buffer,1,37,1,20.74,1.11,1.75
A544,A51,The timeline of corona formation around silica nanocarriers highlights the role of the protein interactome,SiO2,N/A,235,-11.6,FBS,50,500,15000,20,25,other,sphere,plasma,0.126944444,buffer,2,37,1,19.05,1.19,1.75
A545,A51,The timeline of corona formation around silica nanocarriers highlights the role of the protein interactome,SiO2,N/A,235,-11.6,FBS,50,500,15000,20,25,other,sphere,plasma,0.126944444,buffer,8,37,1,19.31,1.32,1.85
A546,A51,The timeline of corona formation around silica nanocarriers highlights the role of the protein interactome,SiO2,N/A,235,-11.6,FBS,50,500,15000,20,25,other,sphere,plasma,0.126944444,buffer,24,37,1,18.85,1.32,1.68
A547,A51,The timeline of corona formation around silica nanocarriers highlights the role of the protein interactome,SiO2,N/A,235,-11.6,FBS,50,500,15000,20,25,other,sphere,plasma,0.126944444,buffer,48,37,1,18.96,1.39,2.12
A548,A51,The timeline of corona formation around silica nanocarriers highlights the role of the protein interactome,SiO2,N/A,235,-11.6,FBS,50,500,15000,20,25,other,sphere,plasma,0.126944444,buffer,168,37,1,16.71,1.61,1.88
A549,A51,The timeline of corona formation around silica nanocarriers highlights the role of the protein interactome,SiO2,N/A,190,-15.1,HS,50,500,15000,20,25,other,sphere,plasma,0.126944444,buffer,0.008333333,37,1,28.82,1.89,1.03
A550,A51,The timeline of corona formation around silica nanocarriers highlights the role of the protein interactome,SiO2,N/A,190,-15.1,HS,50,500,15000,20,25,other,sphere,plasma,0.126944444,buffer,0.083333333,37,1,29.58,1.82,0.96
A551,A51,The timeline of corona formation around silica nanocarriers highlights the role of the protein interactome,SiO2,N/A,190,-15.1,HS,50,500,15000,20,25,other,sphere,plasma,0.126944444,buffer,0.25,37,1,28.86,2.07,0.91
A552,A51,The timeline of corona formation around silica nanocarriers highlights the role of the protein interactome,SiO2,N/A,190,-15.1,HS,50,500,15000,20,25,other,sphere,plasma,0.126944444,buffer,0.5,37,1,29.8,1.98,0.99
A553,A51,The timeline of corona formation around silica nanocarriers highlights the role of the protein interactome,SiO2,N/A,190,-15.1,HS,50,500,15000,20,25,other,sphere,plasma,0.126944444,buffer,1,37,1,27.45,2.21,1.22
A554,A51,The timeline of corona formation around silica nanocarriers highlights the role of the protein interactome,SiO2,N/A,190,-15.1,HS,50,500,15000,20,25,other,sphere,plasma,0.126944444,buffer,2,37,1,26.59,2.27,1.14
A555,A51,The timeline of corona formation around silica nanocarriers highlights the role of the protein interactome,SiO2,N/A,190,-15.1,HS,50,500,15000,20,25,other,sphere,plasma,0.126944444,buffer,8,37,1,26.87,2.42,1.08
A556,A51,The timeline of corona formation around silica nanocarriers highlights the role of the protein interactome,SiO2,N/A,190,-15.1,HS,50,500,15000,20,25,other,sphere,plasma,0.126944444,buffer,24,37,1,25.52,2.59,1.34
A557,A51,The timeline of corona formation around silica nanocarriers highlights the role of the protein interactome,SiO2,N/A,190,-15.1,HS,50,500,15000,20,25,other,sphere,plasma,0.126944444,buffer,48,37,1,25.34,2.73,1.42
A558,A51,The timeline of corona formation around silica nanocarriers highlights the role of the protein interactome,SiO2,N/A,190,-15.1,HS,50,500,15000,20,25,other,sphere,plasma,0.126944444,buffer,168,37,1,27.45,2.68,1.25
A559,A51,The timeline of corona formation around silica nanocarriers highlights the role of the protein interactome,SiO2,N/A,159,-38.7,HS,50,500,15000,20,25,other,sphere,PBS,0.126944444,buffer,0.008333333,37,1,28.82,1.89,1.03
A560,A51,The timeline of corona formation around silica nanocarriers highlights the role of the protein interactome,SiO2,N/A,159,-38.7,HS,50,500,15000,20,25,other,sphere,PBS,0.126944444,buffer,0.083333333,37,1,29.58,1.82,0.96
A561,A51,The timeline of corona formation around silica nanocarriers highlights the role of the protein interactome,SiO2,N/A,159,-38.7,HS,50,500,15000,20,25,other,sphere,PBS,0.126944444,buffer,0.25,37,1,28.86,2.07,0.91
A562,A51,The timeline of corona formation around silica nanocarriers highlights the role of the protein interactome,SiO2,N/A,159,-38.7,HS,50,500,15000,20,25,other,sphere,PBS,0.126944444,buffer,0.5,37,1,29.8,1.98,0.99
A563,A51,The timeline of corona formation around silica nanocarriers highlights the role of the protein interactome,SiO2,N/A,159,-38.7,HS,50,500,15000,20,25,other,sphere,PBS,0.126944444,buffer,1,37,1,27.45,2.21,1.22
A564,A51,The timeline of corona formation around silica nanocarriers highlights the role of the protein interactome,SiO2,N/A,159,-38.7,HS,50,500,15000,20,25,other,sphere,PBS,0.126944444,buffer,2,37,1,26.59,2.27,1.14
A565,A51,The timeline of corona formation around silica nanocarriers highlights the role of the protein interactome,SiO2,N/A,159,-38.7,HS,50,500,15000,20,25,other,sphere,PBS,0.126944444,buffer,8,37,1,26.87,2.42,1.08
A566,A51,The timeline of corona formation around silica nanocarriers highlights the role of the protein interactome,SiO2,N/A,159,-38.7,HS,50,500,15000,20,25,other,sphere,PBS,0.126944444,buffer,24,37,1,25.52,2.59,1.34
A567,A51,The timeline of corona formation around silica nanocarriers highlights the role of the protein interactome,SiO2,N/A,159,-38.7,HS,50,500,15000,20,25,other,sphere,PBS,0.126944444,buffer,48,37,1,25.34,2.73,1.42
A568,A51,The timeline of corona formation around silica nanocarriers highlights the role of the protein interactome,SiO2,N/A,159,-38.7,HS,50,500,15000,20,25,other,sphere,PBS,0.126944444,buffer,168,37,1,27.45,2.68,1.25
A569,A51,The timeline of corona formation around silica nanocarriers highlights the role of the protein interactome,SiO2,N/A,159,-38.7,FBS,50,500,15000,20,25,other,sphere,PBS,0.126944444,buffer,0.008333333,37,1,26.63,0.94,0.55
A570,A51,The timeline of corona formation around silica nanocarriers highlights the role of the protein interactome,SiO2,N/A,159,-38.7,FBS,50,500,15000,20,25,other,sphere,PBS,0.126944444,buffer,0.083333333,37,1,26.33,1.11,0.72
A571,A51,The timeline of corona formation around silica nanocarriers highlights the role of the protein interactome,SiO2,N/A,159,-38.7,FBS,50,500,15000,20,25,other,sphere,PBS,0.126944444,buffer,0.25,37,1,24.67,1.09,1.17
A572,A51,The timeline of corona formation around silica nanocarriers highlights the role of the protein interactome,SiO2,N/A,159,-38.7,FBS,50,500,15000,20,25,other,sphere,PBS,0.126944444,buffer,0.5,37,1,22.54,1.09,1.41
A573,A51,The timeline of corona formation around silica nanocarriers highlights the role of the protein interactome,SiO2,N/A,159,-38.7,FBS,50,500,15000,20,25,other,sphere,PBS,0.126944444,buffer,1,37,1,20.74,1.11,1.75
A574,A51,The timeline of corona formation around silica nanocarriers highlights the role of the protein interactome,SiO2,N/A,159,-38.7,FBS,50,500,15000,20,25,other,sphere,PBS,0.126944444,buffer,2,37,1,19.05,1.19,1.75
A575,A51,The timeline of corona formation around silica nanocarriers highlights the role of the protein interactome,SiO2,N/A,159,-38.7,FBS,50,500,15000,20,25,other,sphere,PBS,0.126944444,buffer,8,37,1,19.31,1.32,1.85
A576,A51,The timeline of corona formation around silica nanocarriers highlights the role of the protein interactome,SiO2,N/A,159,-38.7,FBS,50,500,15000,20,25,other,sphere,PBS,0.126944444,buffer,24,37,1,18.85,1.32,1.68
A577,A51,The timeline of corona formation around silica nanocarriers highlights the role of the protein interactome,SiO2,N/A,159,-38.7,FBS,50,500,15000,20,25,other,sphere,PBS,0.126944444,buffer,48,37,1,18.96,1.39,2.12
A578,A51,The timeline of corona formation around silica nanocarriers highlights the role of the protein interactome,SiO2,N/A,159,-38.7,FBS,50,500,15000,20,25,other,sphere,PBS,0.126944444,buffer,168,37,1,16.71,1.61,1.88
A579,A52,Variation of protein corona composition of gold nanoparticles following plasmonic heating,Au,N/A,16,-13.5,FBS,10,913.8369,20000,30,10,metal,rod,plasma,0.126944444,buffer,1,45,1,3.8,0,7.5
A580,A52,Variation of protein corona composition of gold nanoparticles following plasmonic heating,Au,N/A,16,-13.5,FBS,10,913.8369,20000,30,10,metal,rod,plasma,0.126944444,buffer,1,55,1,9.4,0,12.5
A581,A52,Variation of protein corona composition of gold nanoparticles following plasmonic heating,Au,N/A,16,-13.5,FBS,100,913.8369,20000,30,10,metal,rod,plasma,0.126944444,buffer,1,45,1,6.7,0,3.9
A582,A52,Variation of protein corona composition of gold nanoparticles following plasmonic heating,Au,N/A,16,-13.5,FBS,100,913.8369,20000,30,10,metal,rod,plasma,0.126944444,buffer,1,55,1,6.6,0,6
A583,A52,Variation of protein corona composition of gold nanoparticles following plasmonic heating,Au,N/A,16,-13.5,FBS,10,913.8369,20000,30,10,metal,rod,plasma,0.126944444,buffer,1,45,1,3.76,0.05,7.49
A584,A52,Variation of protein corona composition of gold nanoparticles following plasmonic heating,Au,N/A,16,-13.5,FBS,10,913.8369,20000,30,10,metal,rod,plasma,0.126944444,buffer,1,55,1,9.42,0.12,12.51
A585,A52,Variation of protein corona composition of gold nanoparticles following plasmonic heating,Au,N/A,16,-13.5,FBS,100,913.8369,20000,30,10,metal,rod,plasma,0.126944444,buffer,1,45,1,6.69,0.75,3.92
A586,A52,Variation of protein corona composition of gold nanoparticles following plasmonic heating,Au,N/A,16,-13.5,FBS,100,913.8369,20000,30,10,metal,rod,plasma,0.126944444,buffer,1,55,1,6.57,0.58,6.01
A587,A52,Variation of protein corona composition of gold nanoparticles following plasmonic heating,Au,N/A,16,-18.9,FBS,10,913.8369,20000,30,10,metal,rod,plasma,0.126944444,buffer,1,37,1,5.4,0,5.9
A588,A52,Variation of protein corona composition of gold nanoparticles following plasmonic heating,Au,N/A,16,-18.9,FBS,10,913.8369,20000,30,10,metal,rod,plasma,0.126944444,buffer,1,55,1,9.8,0,7.1
A589,A52,Variation of protein corona composition of gold nanoparticles following plasmonic heating,Au,N/A,16,-18.9,FBS,100,913.8369,20000,30,10,metal,rod,plasma,0.126944444,buffer,1,37,1,8.7,0,21
A590,A52,Variation of protein corona composition of gold nanoparticles following plasmonic heating,Au,N/A,16,-18.9,FBS,100,913.8369,20000,30,10,metal,rod,plasma,0.126944444,buffer,1,55,1,9.1,0,5.5
A591,A52,Variation of protein corona composition of gold nanoparticles following plasmonic heating,Au,N/A,16,-18.9,FBS,10,913.8369,20000,30,10,metal,rod,plasma,0.126944444,buffer,1,37,1,5.43,1.33,5.89
A592,A52,Variation of protein corona composition of gold nanoparticles following plasmonic heating,Au,N/A,16,-18.9,FBS,10,913.8369,20000,30,10,metal,rod,plasma,0.126944444,buffer,1,55,1,9.75,0.38,7.12
A593,A52,Variation of protein corona composition of gold nanoparticles following plasmonic heating,Au,N/A,16,-18.9,FBS,100,913.8369,20000,30,10,metal,rod,plasma,0.126944444,buffer,1,37,1,7.72,0.18,20.95
A594,A52,Variation of protein corona composition of gold nanoparticles following plasmonic heating,Au,N/A,16,-18.9,FBS,100,913.8369,20000,30,10,metal,rod,plasma,0.126944444,buffer,1,55,1,9.12,0.42,5.52
A595,A53,Variations in biocorona formation related to defects in the structure of single walled carbon nanotubes and the hyperlipidemic disease state,SWCNT,N/A,1.45,-13.5,RS,10,1000,14000,10,25,carbon,tube,PBS,0.126944444,water,8,4,1,1.030977271,1.124484511,0.632972092
A596,A53,Variations in biocorona formation related to defects in the structure of single walled carbon nanotubes and the hyperlipidemic disease state,SWCNT,N/A,1.45,-13.5,RS,10,1000,14000,10,25,carbon,tube,PBS,0.126944444,water,8,4,1,0.689939042,0.60761677,0.288127952
A597,A53,Variations in biocorona formation related to defects in the structure of single walled carbon nanotubes and the hyperlipidemic disease state,SWCNT,N/A,1.45,-13.5,RS,10,1000,14000,10,25,carbon,tube,PBS,0.126944444,water,8,4,1,0.855335665,0.831376683,0.72835306
A598,A53,Variations in biocorona formation related to defects in the structure of single walled carbon nanotubes and the hyperlipidemic disease state,SWCNT,N/A,1.45,-13.5,RS,10,1000,14000,10,25,carbon,tube,PBS,0.126944444,water,8,4,1,1.119616727,1.22116336,0.687392595
A599,A53,Variations in biocorona formation related to defects in the structure of single walled carbon nanotubes and the hyperlipidemic disease state,SWCNT,N/A,1.45,-13.5,RS,10,1000,14000,10,25,carbon,tube,PBS,0.126944444,water,8,4,1,0.876667705,1.034755323,0.483843924
A600,A53,Variations in biocorona formation related to defects in the structure of single walled carbon nanotubes and the hyperlipidemic disease state,SWCNT,N/A,1.45,-13.5,RS,10,1000,14000,10,25,carbon,tube,PBS,0.126944444,water,8,4,1,1.186206897,1.293793103,0.728275862
A601,A53,Variations in biocorona formation related to defects in the structure of single walled carbon nanotubes and the hyperlipidemic disease state,SWCNT,N/A,1.45,-13.5,RS,10,1000,14000,10,25,carbon,tube,PBS,0.126944444,water,8,4,1,0.711677123,0.873209102,0.430751943
A602,A53,Variations in biocorona formation related to defects in the structure of single walled carbon nanotubes and the hyperlipidemic disease state,SWCNT,N/A,1.45,-13.5,RS,10,1000,14000,10,25,carbon,tube,PBS,0.126944444,water,8,4,1,1.117202318,1.21852997,0.68591026
A603,A53,Variations in biocorona formation related to defects in the structure of single walled carbon nanotubes and the hyperlipidemic disease state,SWCNT,N/A,1.45,-13.5,RS,10,1000,14000,10,25,carbon,tube,PBS,0.126944444,water,8,4,1,0.976450316,1.211424991,0.994726124
A604,A53,Variations in biocorona formation related to defects in the structure of single walled carbon nanotubes and the hyperlipidemic disease state,SWCNT,N/A,1.45,-13.5,RS,10,1000,14000,10,25,carbon,tube,PBS,0.126944444,water,8,4,1,1.304097292,1.422375883,0.800655081
A605,A54,Visualization of the protein corona: Towards a biomolecular understanding of nanoparticle-cell-interactions,PS,N/A,73,-13.5,HS,77,10000,20000,60,4,other,sphere,water,0.126944444,buffer,1,37,1,40.84,1.03,0.08
A606,A54,Visualization of the protein corona: Towards a biomolecular understanding of nanoparticle-cell-interactions,PS,N/A,73,-13.5,HS,77,10000,20000,60,4,other,sphere,water,0.126944444,buffer,1,37,1,6.94,0.25,0.13
A607,A54,Visualization of the protein corona: Towards a biomolecular understanding of nanoparticle-cell-interactions,PS,N/A,73,-13.5,HS,77,10000,20000,60,4,other,sphere,water,0.126944444,buffer,1,37,1,3.54,0.22,0.13
A608,A54,Visualization of the protein corona: Towards a biomolecular understanding of nanoparticle-cell-interactions,PS,N/A,73,-13.5,HS,77,10000,20000,60,4,other,sphere,water,0.126944444,buffer,1,37,1,1.65,0.14,0.15
A609,A54,Visualization of the protein corona: Towards a biomolecular understanding of nanoparticle-cell-interactions,PS,COOH,70,-13.5,HS,77,10000,20000,60,4,other,sphere,water,0.126944444,buffer,1,37,1,47.74,0.65,0
A610,A54,Visualization of the protein corona: Towards a biomolecular understanding of nanoparticle-cell-interactions,PS,COOH,70,-13.5,HS,77,10000,20000,60,4,other,sphere,water,0.126944444,buffer,1,37,1,0.69,0.29,0
A611,A54,Visualization of the protein corona: Towards a biomolecular understanding of nanoparticle-cell-interactions,PS,NH2,74,-13.5,HS,77,10000,20000,60,4,other,sphere,water,0.126944444,buffer,1,37,1,49.31,0.55,0
A612,A54,Visualization of the protein corona: Towards a biomolecular understanding of nanoparticle-cell-interactions,PS,NH2,74,-13.5,HS,77,10000,20000,60,4,other,sphere,water,0.126944444,buffer,1,37,1,1.31,0.28,0.07
A613,A54,Visualization of the protein corona: Towards a biomolecular understanding of nanoparticle-cell-interactions,PS,N/A,73,-13.5,HS,77,10000,20000,60,4,other,sphere,water,0.126944444,buffer,1,37,1,40.84,1.03,0.08
A614,A54,Visualization of the protein corona: Towards a biomolecular understanding of nanoparticle-cell-interactions,PS,N/A,73,-13.5,HS,77,10000,20000,60,4,other,sphere,water,0.126944444,buffer,1,37,1,6.94,0.25,0.13
A615,A54,Visualization of the protein corona: Towards a biomolecular understanding of nanoparticle-cell-interactions,PS,N/A,73,-13.5,HS,77,10000,20000,60,4,other,sphere,water,0.126944444,buffer,1,37,1,3.54,0.22,0.13
A616,A54,Visualization of the protein corona: Towards a biomolecular understanding of nanoparticle-cell-interactions,PS,N/A,73,-13.5,HS,77,10000,20000,60,4,other,sphere,water,0.126944444,buffer,1,37,1,1.65,0.14,0.15
A617,A54,Visualization of the protein corona: Towards a biomolecular understanding of nanoparticle-cell-interactions,PS,COOH,70,-13.5,HS,77,10000,20000,60,4,other,sphere,water,0.126944444,buffer,1,37,1,47.74,0.65,0
A618,A54,Visualization of the protein corona: Towards a biomolecular understanding of nanoparticle-cell-interactions,PS,COOH,70,-13.5,HS,77,10000,20000,60,4,other,sphere,water,0.126944444,buffer,1,37,1,0.69,0.29,0
A619,A54,Visualization of the protein corona: Towards a biomolecular understanding of nanoparticle-cell-interactions,PS,NH2,74,-13.5,HS,77,10000,20000,60,4,other,sphere,water,0.126944444,buffer,1,37,1,49.31,0.55,0
A620,A54,Visualization of the protein corona: Towards a biomolecular understanding of nanoparticle-cell-interactions,PS,NH2,74,-13.5,HS,77,10000,20000,60,4,other,sphere,water,0.126944444,buffer,1,37,1,1.31,0.28,0.07
A621,A55,Zeolite Nanoparticles for Selective Sorption of Plasma Proteins,zeolite,EMT,10,-44,HP,10,40000,24000,30,25,other,sphere,water,0.126944444,buffer,1,37,1,5.32,2.84,1.32
A622,A55,Zeolite Nanoparticles for Selective Sorption of Plasma Proteins,zeolite,EMT,10,-44,HP,10,40000,24000,30,25,other,sphere,water,0.126944444,buffer,1,37,1,5.85,3.33,0
A623,A55,Zeolite Nanoparticles for Selective Sorption of Plasma Proteins,zeolite,EMT,10,-44,HP,10,80000,24000,30,25,other,sphere,water,0.126944444,buffer,1,37,1,5.32,2.84,1.32
A624,A55,Zeolite Nanoparticles for Selective Sorption of Plasma Proteins,zeolite,EMT,10,-44,HP,10,80000,24000,30,25,other,sphere,water,0.126944444,buffer,1,37,1,5.34,3.09,0
A625,A55,Zeolite Nanoparticles for Selective Sorption of Plasma Proteins,zeolite,EMT,10,-44,HP,10,120000,24000,30,25,other,sphere,water,0.126944444,buffer,1,37,1,5.81,4.39,1.29
A626,A55,Zeolite Nanoparticles for Selective Sorption of Plasma Proteins,zeolite,EMT,10,-44,HP,10,120000,24000,30,25,other,sphere,water,0.126944444,buffer,1,37,1,8.43,4.61,0
A627,A55,Zeolite Nanoparticles for Selective Sorption of Plasma Proteins,zeolite,EMT,10,-44,HP,100,40000,24000,30,25,other,sphere,water,0.126944444,buffer,1,37,1,12.52,1.86,0
A628,A55,Zeolite Nanoparticles for Selective Sorption of Plasma Proteins,zeolite,EMT,10,-44,HP,100,40000,24000,30,25,other,sphere,water,0.126944444,buffer,1,37,1,13.67,3.38,0
A629,A55,Zeolite Nanoparticles for Selective Sorption of Plasma Proteins,zeolite,EMT,10,-44,HP,100,80000,24000,30,25,other,sphere,water,0.126944444,buffer,1,37,1,9.87,3.1,0
A630,A55,Zeolite Nanoparticles for Selective Sorption of Plasma Proteins,zeolite,EMT,10,-44,HP,100,80000,24000,30,25,other,sphere,water,0.126944444,buffer,1,37,1,15.85,3.4,0
A631,A55,Zeolite Nanoparticles for Selective Sorption of Plasma Proteins,zeolite,EMT,10,-44,HP,100,120000,24000,30,25,other,sphere,water,0.126944444,buffer,1,37,1,9.5,2.88,0
A632,A55,Zeolite Nanoparticles for Selective Sorption of Plasma Proteins,zeolite,EMT,10,-44,HP,100,120000,24000,30,25,other,sphere,water,0.126944444,buffer,1,37,1,10.74,2.74,0
A633,A55,Zeolite Nanoparticles for Selective Sorption of Plasma Proteins,zeolite,FAU,10,-50,HP,10,40000,24000,30,25,other,sphere,water,0.126944444,buffer,1,37,1,9.14,3.01,0
A634,A55,Zeolite Nanoparticles for Selective Sorption of Plasma Proteins,zeolite,FAU,10,-50,HP,10,40000,24000,30,25,other,sphere,water,0.126944444,buffer,1,37,1,12.13,4.18,0
A635,A55,Zeolite Nanoparticles for Selective Sorption of Plasma Proteins,zeolite,FAU,10,-50,HP,10,80000,24000,30,25,other,sphere,water,0.126944444,buffer,1,37,1,14.25,4.56,0
A636,A55,Zeolite Nanoparticles for Selective Sorption of Plasma Proteins,zeolite,FAU,10,-50,HP,10,80000,24000,30,25,other,sphere,water,0.126944444,buffer,1,37,1,19.5,6.53,0
A637,A55,Zeolite Nanoparticles for Selective Sorption of Plasma Proteins,zeolite,FAU,10,-50,HP,10,120000,24000,30,25,other,sphere,water,0.126944444,buffer,1,37,1,14.12,3.36,0
A638,A55,Zeolite Nanoparticles for Selective Sorption of Plasma Proteins,zeolite,FAU,10,-50,HP,10,120000,24000,30,25,other,sphere,water,0.126944444,buffer,1,37,1,16.34,5.21,0
A639,A55,Zeolite Nanoparticles for Selective Sorption of Plasma Proteins,zeolite,FAU,10,-50,HP,100,40000,24000,30,25,other,sphere,water,0.126944444,buffer,1,37,1,8.98,5.25,0
A640,A55,Zeolite Nanoparticles for Selective Sorption of Plasma Proteins,zeolite,FAU,10,-50,HP,100,40000,24000,30,25,other,sphere,water,0.126944444,buffer,1,37,1,10.57,5.76,0
A641,A55,Zeolite Nanoparticles for Selective Sorption of Plasma Proteins,zeolite,FAU,10,-50,HP,100,80000,24000,30,25,other,sphere,water,0.126944444,buffer,1,37,1,8.27,3.31,0
A642,A55,Zeolite Nanoparticles for Selective Sorption of Plasma Proteins,zeolite,FAU,10,-50,HP,100,80000,24000,30,25,other,sphere,water,0.126944444,buffer,1,37,1,9.62,3.09,0
A643,A55,Zeolite Nanoparticles for Selective Sorption of Plasma Proteins,zeolite,FAU,10,-50,HP,100,120000,24000,30,25,other,sphere,water,0.126944444,buffer,1,37,1,10.05,2.19,0
A644,A55,Zeolite Nanoparticles for Selective Sorption of Plasma Proteins,zeolite,FAU,10,-50,HP,100,120000,24000,30,25,other,sphere,water,0.126944444,buffer,1,37,1,9.21,2.73,0
A645,A56,In Vivo Formation of Protein Corona on Gold Nanoparticles. The effect of Size and Shape,Au,N/A,93.36,-18.88,RP,100,500,3000,20,4,metal,star,plasma,0.388,water,0.166666667,37,2,8.19,2.94,0
A646,A56,In Vivo Formation of Protein Corona on Gold Nanoparticles. The effect of Size and Shape,Au,N/A,75.67,-20.32,RP,100,500,3000,20,4,metal,rod,plasma,0.388,water,0.166666667,37,2,7.52,3.78,0
A647,A56,In Vivo Formation of Protein Corona on Gold Nanoparticles. The effect of Size and Shape,Au,N/A,21.25,-28.57,RP,100,500,3000,20,4,metal,rod,water,0.786,water,0.166666667,37,2,5.16,1.49,0
A648,A56,In Vivo Formation of Protein Corona on Gold Nanoparticles. The effect of Size and Shape,Au,N/A,24.91,-28.77,RP,100,500,3000,20,4,metal,rod,water,0.378,water,0.166666667,37,2,7.52,3.78,0
A649,A56,In Vivo Formation of Protein Corona on Gold Nanoparticles. The effect of Size and Shape,Au,N/A,82.09,-29.33,RP,100,500,3000,20,4,metal,star,water,0.245,water,0.166666667,37,2,3.71,1.33,0
A650,A56,In Vivo Formation of Protein Corona on Gold Nanoparticles. The effect of Size and Shape,Au,N/A,79.98,-31.78,RP,100,500,3000,20,4,metal,star,plasma,0.232,water,0.166666667,37,2,3.71,1.33,0
A651,A56,In Vivo Formation of Protein Corona on Gold Nanoparticles. The effect of Size and Shape,Au,N/A,122,-33.63,RP,100,500,3000,20,4,metal,star,water,0.101,water,0.166666667,37,2,8.19,2.94,0
A652,A56,In Vivo Formation of Protein Corona on Gold Nanoparticles. The effect of Size and Shape,Au,N/A,83.28,-36.76,RP,100,500,3000,20,4,metal,rod,plasma,0.315,water,0.166666667,37,2,5.16,1.49,0
A653,A57,Correlating Corona Composition and Cell Uptake to Identify Proteins Affecting Nanoparticle Entry into Endothelial Cells,Silica,No Modification,101,-15,HP,100,1000,16000,60,15,Inorganic,Sphere,PBS,0.06,N/A,1,37,4,1.312279006,1.094400849,2.036439773
A654,A57,Correlating Corona Composition and Cell Uptake to Identify Proteins Affecting Nanoparticle Entry into Endothelial Cells,Silica,No Modification,165,-12,HP,100,1000,16000,60,15,Inorganic,Sphere,PBS,0.05,N/A,1,37,4,2.393414679,1.13760959,2.09742119
A655,A57,Correlating Corona Composition and Cell Uptake to Identify Proteins Affecting Nanoparticle Entry into Endothelial Cells,Silica,NH2,100,-11,HP,100,1000,16000,60,15,Inorganic,Sphere,PBS,0.04,N/A,1,37,4,1.159255341,1.2174314,0.799543279
A656,A57,Correlating Corona Composition and Cell Uptake to Identify Proteins Affecting Nanoparticle Entry into Endothelial Cells,Silica,NH2,192,-7,HP,100,1000,16000,60,15,Inorganic,Sphere,PBS,0.04,N/A,1,37,4,7.269000416,1.182662757,1.573993294
A657,A57,Correlating Corona Composition and Cell Uptake to Identify Proteins Affecting Nanoparticle Entry into Endothelial Cells,Silica,COOH,105,-15,HP,100,1000,16000,60,15,Inorganic,Sphere,PBS,0.02,N/A,1,37,4,2.023527193,1.445927905,1.03593541
A658,A57,Correlating Corona Composition and Cell Uptake to Identify Proteins Affecting Nanoparticle Entry into Endothelial Cells,Silica,COOH,203,-13,HP,100,1000,16000,60,15,Inorganic,Sphere,PBS,0.05,N/A,1,37,4,3.573451306,1.455768918,0.799337636
A659,A58,Impact of protein pre-coating on the protein corona composition and nanoparticle cellular uptake,Silica,COOH,94.1,-29.83,HP,55,500,N/A,N/A,4,Inorganic,Sphere,PBS,0.086,PBS,1,37,2,1.23,0.83,0
A660,A58,Impact of protein pre-coating on the protein corona composition and nanoparticle cellular uptake,Silica,COOH-HSA,343.9,-17.03,HP,55,500,N/A,N/A,4,Inorganic,Sphere,PBS,0.338,PBS,1,37,2,4.46,0.78,0
A661,A58,Impact of protein pre-coating on the protein corona composition and nanoparticle cellular uptake,Silica,COOH-GG,749.2,-12.79,HP,55,500,N/A,N/A,4,Inorganic,Sphere,PBS,0.336,PBS,1,37,2,1.56,2.72,0
A662,A59,Nano-bio interface between human plasma and niosomes with different formulations indicates protein corona patterns for nanoparticle cell targeting and uptake,Polyoxyethylene (20) sorbitan monolaurate,No Modification,87.5,-22.8089,HP,100,1670,15000,10,N/A,Organic,Sphere,HEPES,0.1208,N/A,1,37,2,13.43462903,0,0
A663,A59,Nano-bio interface between human plasma and niosomes with different formulations indicates protein corona patterns for nanoparticle cell targeting and uptake,Polyoxyethylene (20) sorbitan monolaurate,No Modification,109.26,-20.337,HP,100,1670,15000,10,N/A,Organic,Sphere,HEPES,0.08,N/A,1,37,2,14.3937344,0,0
A664,A59,Nano-bio interface between human plasma and niosomes with different formulations indicates protein corona patterns for nanoparticle cell targeting and uptake,Polyoxyethylene (80) sorbitan monooleate,No Modification,44.82,-20.224,HP,100,1670,15000,10,N/A,Organic,Sphere,HEPES,0.13011,N/A,1,37,2,22.15397222,0,0
A665,A59,Nano-bio interface between human plasma and niosomes with different formulations indicates protein corona patterns for nanoparticle cell targeting and uptake,Polyoxyethylene (80) sorbitan monooleate,No Modification,88.95,-20.337,HP,100,1670,15000,10,N/A,Organic,Sphere,HEPES,0.15148,N/A,1,37,2,24.59048525,0,0
A666,A59,Nano-bio interface between human plasma and niosomes with different formulations indicates protein corona patterns for nanoparticle cell targeting and uptake,Polyoxyethylene (21) sorbitan monooleate,No Modification,123.277,-23.82,HP,100,1670,15000,10,N/A,Organic,Sphere,HEPES,0.1013,N/A,1,37,2,14.78875105,0,0
A667,A59,Nano-bio interface between human plasma and niosomes with different formulations indicates protein corona patterns for nanoparticle cell targeting and uptake,Polyoxyethylene (21) sorbitan monooleate,No Modification,149.88,-25.95505,HP,100,1670,15000,10,N/A,Organic,Sphere,HEPES,0.1598,N/A,1,37,2,20.03203979,0,0
A668,A59,Nano-bio interface between human plasma and niosomes with different formulations indicates protein corona patterns for nanoparticle cell targeting and uptake,Polyoxyethylene (21) sorbitan monooleate:Polyoxyethylene (80) sorbitan monooleate,No Modification,90.35,-26.5168,HP,100,1670,15000,10,N/A,Organic,Sphere,HEPES,0.19981,N/A,1,37,2,20.46643413,0,0
A669,A59,Nano-bio interface between human plasma and niosomes with different formulations indicates protein corona patterns for nanoparticle cell targeting and uptake,Polyoxyethylene (21) sorbitan monooleate:Polyoxyethylene (80) sorbitan monooleate,No Modification,126.77,-26.3774,HP,100,1670,15000,10,N/A,Organic,Sphere,HEPES,0.14126,N/A,1,37,2,33.67584332,0,0
A670,A59,Nano-bio interface between human plasma and niosomes with different formulations indicates protein corona patterns for nanoparticle cell targeting and uptake,Polyoxyethylene (20) sorbitan monolaurate,No Modification,87.5,-22.8089,HP,100,1670,15000,10,N/A,Organic,Sphere,HEPES,0.1208,N/A,1,37,2,13.43462903,0,0
A671,A59,Nano-bio interface between human plasma and niosomes with different formulations indicates protein corona patterns for nanoparticle cell targeting and uptake,Polyoxyethylene (20) sorbitan monolaurate,No Modification,109.26,-20.337,HP,100,1670,15000,10,N/A,Organic,Sphere,HEPES,0.08,N/A,1,37,2,14.3937344,0,0
A672,A59,Nano-bio interface between human plasma and niosomes with different formulations indicates protein corona patterns for nanoparticle cell targeting and uptake,Polyoxyethylene (80) sorbitan monooleate,No Modification,44.82,-20.224,HP,100,1670,15000,10,N/A,Organic,Sphere,HEPES,0.13011,N/A,1,37,2,22.15397222,0,0
A673,A59,Nano-bio interface between human plasma and niosomes with different formulations indicates protein corona patterns for nanoparticle cell targeting and uptake,Polyoxyethylene (80) sorbitan monooleate,No Modification,88.95,-20.337,HP,100,1670,15000,10,N/A,Organic,Sphere,HEPES,0.15148,N/A,1,37,2,24.59048525,0,0
A674,A59,Nano-bio interface between human plasma and niosomes with different formulations indicates protein corona patterns for nanoparticle cell targeting and uptake,Polyoxyethylene (21) sorbitan monooleate,No Modification,123.277,-23.82,HP,100,1670,15000,10,N/A,Organic,Sphere,HEPES,0.1013,N/A,1,37,2,14.78875105,0,0
A675,A59,Nano-bio interface between human plasma and niosomes with different formulations indicates protein corona patterns for nanoparticle cell targeting and uptake,Polyoxyethylene (21) sorbitan monooleate,No Modification,149.88,-25.95505,HP,100,1670,15000,10,N/A,Organic,Sphere,HEPES,0.1598,N/A,1,37,2,20.03203979,0,0
A676,A59,Nano-bio interface between human plasma and niosomes with different formulations indicates protein corona patterns for nanoparticle cell targeting and uptake,Polyoxyethylene (21) sorbitan monooleate:Polyoxyethylene (80) sorbitan monooleate,No Modification,90.35,-26.5168,HP,100,1670,15000,10,N/A,Organic,Sphere,HEPES,0.19981,N/A,1,37,2,20.46643413,0,0
A677,A59,Nano-bio interface between human plasma and niosomes with different formulations indicates protein corona patterns for nanoparticle cell targeting and uptake,Polyoxyethylene (21) sorbitan monooleate:Polyoxyethylene (80) sorbitan monooleate,No Modification,126.77,-26.3774,HP,100,1670,15000,10,N/A,Organic,Sphere,HEPES,0.14126,N/A,1,37,2,33.67584332,0,0
A678,A59,Nano-bio interface between human plasma and niosomes with different formulations indicates protein corona patterns for nanoparticle cell targeting and uptake,Polyoxyethylene (20) sorbitan monolaurate,No Modification,87.5,-22.8089,HP,100,1670,15000,10,N/A,Organic,Sphere,HEPES,0.1208,N/A,1,37,2,13.43462903,0,0
A679,A59,Nano-bio interface between human plasma and niosomes with different formulations indicates protein corona patterns for nanoparticle cell targeting and uptake,Polyoxyethylene (20) sorbitan monolaurate,No Modification,109.26,-20.337,HP,100,1670,15000,10,N/A,Organic,Sphere,HEPES,0.08,N/A,1,37,2,14.3937344,0,0
A680,A59,Nano-bio interface between human plasma and niosomes with different formulations indicates protein corona patterns for nanoparticle cell targeting and uptake,Polyoxyethylene (80) sorbitan monooleate,No Modification,44.82,-20.224,HP,100,1670,15000,10,N/A,Organic,Sphere,HEPES,0.13011,N/A,1,37,2,22.15397222,0,0
A681,A59,Nano-bio interface between human plasma and niosomes with different formulations indicates protein corona patterns for nanoparticle cell targeting and uptake,Polyoxyethylene (80) sorbitan monooleate,No Modification,88.95,-20.337,HP,100,1670,15000,10,N/A,Organic,Sphere,HEPES,0.15148,N/A,1,37,2,24.59048525,0,0
A682,A59,Nano-bio interface between human plasma and niosomes with different formulations indicates protein corona patterns for nanoparticle cell targeting and uptake,Polyoxyethylene (21) sorbitan monooleate,No Modification,123.277,-23.82,HP,100,1670,15000,10,N/A,Organic,Sphere,HEPES,0.1013,N/A,1,37,2,14.78875105,0,0
A683,A59,Nano-bio interface between human plasma and niosomes with different formulations indicates protein corona patterns for nanoparticle cell targeting and uptake,Polyoxyethylene (21) sorbitan monooleate,No Modification,149.88,-25.95505,HP,100,1670,15000,10,N/A,Organic,Sphere,HEPES,0.1598,N/A,1,37,2,20.03203979,0,0
A684,A59,Nano-bio interface between human plasma and niosomes with different formulations indicates protein corona patterns for nanoparticle cell targeting and uptake,Polyoxyethylene (21) sorbitan monooleate:Polyoxyethylene (80) sorbitan monooleate,No Modification,90.35,-26.5168,HP,100,1670,15000,10,N/A,Organic,Sphere,HEPES,0.19981,N/A,1,37,2,20.46643413,0,0
A685,A59,Nano-bio interface between human plasma and niosomes with different formulations indicates protein corona patterns for nanoparticle cell targeting and uptake,Polyoxyethylene (21) sorbitan monooleate:Polyoxyethylene (80) sorbitan monooleate,No Modification,126.77,-26.3774,HP,100,1670,15000,10,N/A,Organic,Sphere,HEPES,0.14126,N/A,1,37,2,33.67584332,0,0
A686,A60,Corona Composition Can Affect the Mechanisms Cells Use to Internalize Nanoparticles,Silica,No Modification,47,-40,HP,10,300,16000,60,15,Inorganic,Sphere,water,0.07,MEM + PBS,1,37,1,1.277000474,0.886913337,3.232276501
A687,A60,Corona Composition Can Affect the Mechanisms Cells Use to Internalize Nanoparticles,Silica,No Modification,47,-40,HP,50,300,16000,60,15,Inorganic,Sphere,water,0.07,MEM + PBS,1,37,1,1.253469757,0.774341709,1.852550051
A688,A60,Corona Composition Can Affect the Mechanisms Cells Use to Internalize Nanoparticles,Silica,No Modification,35.8,-40,HP,10,300,16000,60,15,Inorganic,Sphere,PBS,0.07,MEM + PBS,1,37,1,1.277000474,0.886913337,3.232276501
A689,A60,Corona Composition Can Affect the Mechanisms Cells Use to Internalize Nanoparticles,Silica,No Modification,35.8,-40,HP,50,300,16000,60,15,Inorganic,Sphere,PBS,0.07,MEM + PBS,1,37,1,1.253469757,0.774341709,1.852550051
A690,A61,Peptide ligands on the PEGylated nanoparticle surface and human serum composition are key factors for the interaction between immune cells and nanoparticles,Iron Oxide,PEG,166,-12.8,HP,100,36,N/A,720,4,Inorganic,Sphere,water,0.06,N/A,1,37,1,52.0936088,2.186109057,1.977770994
A691,A61,Peptide ligands on the PEGylated nanoparticle surface and human serum composition are key factors for the interaction between immune cells and nanoparticles,Iron Oxide,pHILP,169,-17.3,HP,100,36,N/A,720,4,Inorganic,Sphere,water,0.04,N/A,1,37,1,36.67970453,4.272523376,0
A692,A62,Stealth Effect of Biomolecular Corona on Nanoparticle Uptake by Immune Cells,DOPG,No Modification,136,-25.6,HP,100,1000,14000,15,N/A,Organic,Sphere,water,0.04,N/A,1,37,3,5.81370288,1.38997813,1.76757061
A693,A63,Ligand Size and Conformation Affect the Behavior of Nanoparticles Coated with in Vitro and in Vivo Protein Corona,Polystyrene,PEG,80.77,2.11,HP,100,40000,N/A,N/A,N/A,Organic,Sphere,PBS,0.15,N/A,1,37,1,0.0522,0,0.0023
A694,A63,Ligand Size and Conformation Affect the Behavior of Nanoparticles Coated with in Vitro and in Vivo Protein Corona,Polystyrene,CHAIYPRH (LT7) peptide,89.5,16.2,HP,100,40000,N/A,N/A,N/A,Organic,Sphere,PBS,0.12,N/A,1,37,1,0.0474,0,0.0057
A695,A63,Ligand Size and Conformation Affect the Behavior of Nanoparticles Coated with in Vitro and in Vivo Protein Corona,Polystyrene,"hrpyiahc, all D-form amino acids (DT7)",83.61,17.1,HP,100,40000,N/A,N/A,N/A,Organic,Sphere,PBS,0.15,N/A,1,37,1,0.071,0,0.0121
A696,A63,Ligand Size and Conformation Affect the Behavior of Nanoparticles Coated with in Vitro and in Vivo Protein Corona,Polystyrene,Transferrin,92.47,1.25,HP,100,40000,N/A,N/A,N/A,Organic,Sphere,PBS,0.15,N/A,1,37,1,0.038,0,0.0208
A697,A64,Effect of Glucose on Liposome每Plasma Protein Interactions: Relevance for the Physiological Response of Clinically Approved Liposomal Formulations,HSPC-Chol,DPSE-MPEG,109.2,-24,HP,50,N/A,14000,15,N/A,Organic,Sphere,water,N/A,N/A,0.016666667,37,3,5.7,0,1.3
A698,A64,Effect of Glucose on Liposome每Plasma Protein Interactions: Relevance for the Physiological Response of Clinically Approved Liposomal Formulations,HSPC-Chol,DPSE-MPEG,102.5,-23.9,HP,50,N/A,14000,15,N/A,Organic,Sphere,water,N/A,N/A,0.016666667,37,3,4.6,1.4,1.4
A699,A64,Effect of Glucose on Liposome每Plasma Protein Interactions: Relevance for the Physiological Response of Clinically Approved Liposomal Formulations,HSPC-Chol,DPSE-MPEG,106,-23.5,HP,50,N/A,14000,15,N/A,Organic,Sphere,water,N/A,N/A,0.016666667,37,3,4.7,0,1.4
A700,A64,Effect of Glucose on Liposome每Plasma Protein Interactions: Relevance for the Physiological Response of Clinically Approved Liposomal Formulations,DSPC-Chol,DSPE-MPEG,171.2,-16.8,HP,50,N/A,14000,15,N/A,Organic,Sphere,water,N/A,N/A,0.016666667,37,3,2.9,1.1,1.4
A701,A64,Effect of Glucose on Liposome每Plasma Protein Interactions: Relevance for the Physiological Response of Clinically Approved Liposomal Formulations,DSPC-Chol,DSPE-MPEG,174.1,-16.9,HP,50,N/A,14000,15,N/A,Organic,Sphere,water,N/A,N/A,0.016666667,37,3,3,0,1.3
A702,A65,Probing the glycans accessibility in the nanoparticle biomolecular corona,Au,Citrate,60,N/A,HP,10,N/A,6000,15,4,Inorganic,Sphere,PBS,N/A,PBS,1,37,2,12.80538929,7.409921688,0.090321265
A703,A65,Probing the glycans accessibility in the nanoparticle biomolecular corona,Au,Citrate,60,N/A,HP,80,N/A,6000,15,4,Inorganic,Sphere,PBS,N/A,PBS,1,37,2,17.59919245,5.330938306,0.087023698
A704,A65,Nanoparticles Surface Chemistry Influence on Protein Corona Composition and Inflammatory Responses,Silica,No Modification,20,-30,HP,100,N/A,20000,60,4,Inorganic,Sphere,N/A,N/A,N/A,1,37,4,3.168,1.079,0.625
A705,A65,Nanoparticles Surface Chemistry Influence on Protein Corona Composition and Inflammatory Responses,Silica,Acrylic Acid,20,-29,HP,100,N/A,20000,60,4,Inorganic,Sphere,N/A,N/A,N/A,1,37,4,2.958,1.192,0.512
A706,A65,Nanoparticles Surface Chemistry Influence on Protein Corona Composition and Inflammatory Responses,Silica,2-Methyl-2-Oxazoline,20,-18,HP,100,N/A,20000,60,4,Inorganic,Sphere,N/A,N/A,N/A,1,37,4,7.244,0.596,1.475
A707,A65,Nanoparticles Surface Chemistry Influence on Protein Corona Composition and Inflammatory Responses,Silica,"1,7-Octadiene",20,-15,HP,100,N/A,20000,60,4,Inorganic,Sphere,N/A,N/A,N/A,1,37,4,12.013,0.537,1.168
A708,A65,Nanoparticles Surface Chemistry Influence on Protein Corona Composition and Inflammatory Responses,Silica,Allylamine,20,2,HP,100,N/A,20000,60,4,Inorganic,Sphere,N/A,N/A,N/A,1,37,4,6.058,0.633,1.272
A709,A65,Nanoparticles Surface Chemistry Influence on Protein Corona Composition and Inflammatory Responses,Silica,No Modification,20,-30,HP,100,N/A,20000,60,4,Inorganic,Sphere,N/A,N/A,N/A,1,37,4,4.6,0.746,1.175
A710,A65,Nanoparticles Surface Chemistry Influence on Protein Corona Composition and Inflammatory Responses,Silica,Acrylic Acid,20,-29,HP,100,N/A,20000,60,4,Inorganic,Sphere,N/A,N/A,N/A,1,37,4,2.367,1.195,0.659
A711,A65,Nanoparticles Surface Chemistry Influence on Protein Corona Composition and Inflammatory Responses,Silica,2-Methyl-2-Oxazoline,20,-18,HP,100,N/A,20000,60,4,Inorganic,Sphere,N/A,N/A,N/A,1,37,4,7.724,0.792,0.919
A712,A65,Nanoparticles Surface Chemistry Influence on Protein Corona Composition and Inflammatory Responses,Silica,"1,7-Octadiene",20,-15,HP,100,N/A,20000,60,4,Inorganic,Sphere,N/A,N/A,N/A,1,37,4,7.013,0.642,0.986
A713,A66,Protein Corona of Nanoparticles: Distinct Proteins Regulate the Cellular Uptake,Polystyrene,COOH,102,-27,HP,100,500,20000,30,N/A,Organic,Sphere,N/A,N/A,N/A,1,37,3,0,0,0
A714,A66,Protein Corona of Nanoparticles: Distinct Proteins Regulate the Cellular Uptake,Polystyrene,NH2,100,8,HP,100,500,20000,30,N/A,Organic,Sphere,N/A,N/A,N/A,1,37,3,0,0,0
A715,A66,Protein Corona of Nanoparticles: Distinct Proteins Regulate the Cellular Uptake,Polystyrene,Sulfonate,119,-33,HP,100,500,20000,30,N/A,Organic,Sphere,N/A,N/A,N/A,1,37,3,0,0,0
A716,A66,Protein Corona of Nanoparticles: Distinct Proteins Regulate the Cellular Uptake,Polystyrene,Phosphonate,104,-60,HP,100,500,20000,30,N/A,Organic,Sphere,N/A,N/A,N/A,1,37,3,0,0,0
A717,A66,Protein Corona of Nanoparticles: Distinct Proteins Regulate the Cellular Uptake,Polystyrene,phosphonate-Lutensol AT50,109,-50,HP,100,500,20000,30,N/A,Organic,Sphere,N/A,N/A,N/A,1,37,3,0,0,0
A718,A66,Protein Corona of Nanoparticles: Distinct Proteins Regulate the Cellular Uptake,Polystyrene,phosphonate-SDS,104,-61,HP,100,500,20000,30,N/A,Organic,Sphere,N/A,N/A,N/A,1,37,3,0,0,0
A719,A67,Denaturation via Surfactants Changes Composition of Protein Corona,Polystyrene,Lutensol AT50,60,-8,HP,100,500,20000,60,4,Organic,Sphere,N/A,N/A,N/A,1,37,3,8.343002585,0.283623173,1.178467872
A720,A67,Denaturation via Surfactants Changes Composition of Protein Corona,Polystyrene,Lutensol AT50 + 0.01% CTMA-Cl,60,-8,HP,100,500,20000,60,4,Organic,Sphere,N/A,N/A,N/A,1,37,3,1.946578013,0.350532577,1.13343279
A721,A67,Denaturation via Surfactants Changes Composition of Protein Corona,Polystyrene,Lutensol AT50 + 0.1% CTMA-Cl,60,-8,HP,100,500,20000,60,4,Organic,Sphere,N/A,N/A,N/A,1,37,3,2.739320842,0.29846987,0.986817353
A722,A67,Denaturation via Surfactants Changes Composition of Protein Corona,Polystyrene,Lutensol AT50 + 0.2% CTMA-Cl,60,-8,HP,100,500,20000,60,4,Organic,Sphere,N/A,N/A,N/A,1,37,3,0.837527712,0.148230833,4.748068193
A723,A67,Denaturation via Surfactants Changes Composition of Protein Corona,Polystyrene,Lutensol AT50 + 0.3% CTMA-Cl,60,-8,HP,100,500,20000,60,4,Organic,Sphere,N/A,N/A,N/A,1,37,3,0.590099497,0.110252051,3.830800899
A724,A67,Denaturation via Surfactants Changes Composition of Protein Corona,Polystyrene,PEG,57,13,HP,100,500,20000,60,4,Organic,Sphere,N/A,N/A,N/A,1,37,3,3.681745173,0.062598648,0.419336441
A725,A67,Denaturation via Surfactants Changes Composition of Protein Corona,Polystyrene,PEG + 0.3% CTMA-Cl,57,13,HP,100,500,20000,60,4,Organic,Sphere,N/A,N/A,N/A,1,37,3,4.669812175,0.071503619,0.949719855
A726,A68,Brain Targeting by Liposome每Biomolecular Corona Boosts Anticancer Efficacy of Temozolomide in Glioblastoma Cells,DOTAP,Cholesterol,251.16,-20.1,HP,100,N/A,N/A,15,N/A,Organic,Sphere,water,0.25,N/A,1,37,3,4.2996,3.55759,2.13535
A727,A68,Brain Targeting by Liposome每Biomolecular Corona Boosts Anticancer Efficacy of Temozolomide in Glioblastoma Cells,DOTAP,DOPE,24.42,-17.8,HP,100,N/A,N/A,15,N/A,Organic,Sphere,water,0.15,N/A,1,37,3,10.6697,0,0.95272
A728,A68,Brain Targeting by Liposome每Biomolecular Corona Boosts Anticancer Efficacy of Temozolomide in Glioblastoma Cells,DC-Chol,DOPE,288.37,-25.17,HP,100,N/A,N/A,15,N/A,Organic,Sphere,water,0.16,N/A,1,37,3,4.58331,2.61681,0.69786
A729,A68,Brain Targeting by Liposome每Biomolecular Corona Boosts Anticancer Efficacy of Temozolomide in Glioblastoma Cells,DC-Chol,Cholesterol,364.341,-21.93,HP,100,N/A,N/A,15,N/A,Organic,Sphere,water,0.19,N/A,1.016666667,37,3,5.5898,2.53395,3.39154
A730,A69,Timing of Heparin Addition to the Biomolecular Corona Influences the Cellular Uptake of Nanocarriers,Polystyrene,No Modification,100,0,HP,100,500,N/A,N/A,N/A,Organic,Sphere,water,N/A,N/A,1,37,N/A,23.07837664,0.131070481,1.643804824
A731,A69,Timing of Heparin Addition to the Biomolecular Corona Influences the Cellular Uptake of Nanocarriers,Polystyrene,No Modification,100,1,HP,100,500,N/A,N/A,N/A,Organic,Sphere,water,N/A,N/A,1,37,N/A,25.38264777,0.127063,2.145630416
A732,A69,Timing of Heparin Addition to the Biomolecular Corona Influences the Cellular Uptake of Nanocarriers,Polystyrene,Citrate,100,0.6,HP,100,500,N/A,N/A,N/A,Organic,Sphere,water,N/A,N/A,1,37,N/A,21.31250683,0.116602375,1.892929096
A733,A69,Timing of Heparin Addition to the Biomolecular Corona Influences the Cellular Uptake of Nanocarriers,Polystyrene,Citrate,100,0.3,HP,100,500,N/A,N/A,N/A,Organic,Sphere,water,N/A,N/A,1,37,N/A,31.28245766,0.089281055,1.165084693
A734,A70,Influence of Poly(ethylene glycol) Molecular Architecture on Particle Assembly and Ex Vivo Particle每Immune Cell Interactions in Human Blood,Silica,PEG,N/A,-13.4,HP,100,N/A,N/A,N/A,N/A,Inorganic,Sphere,N/A,N/A,N/A,1,37,6,0.391,0.178,7.3227
A735,A70,Influence of Poly(ethylene glycol) Molecular Architecture on Particle Assembly and Ex Vivo Particle每Immune Cell Interactions in Human Blood,Silica,PEG,N/A,-15.6,HP,100,N/A,N/A,N/A,N/A,Inorganic,Sphere,N/A,N/A,N/A,1,37,6,0.2609,0.2091,3.2443
A736,A70,Influence of Poly(ethylene glycol) Molecular Architecture on Particle Assembly and Ex Vivo Particle每Immune Cell Interactions in Human Blood,Silica,PEG,N/A,-17.8,HP,100,N/A,N/A,N/A,N/A,Inorganic,Sphere,N/A,N/A,N/A,1,37,6,0.2383,0.2475,0.7043
A737,A70,Influence of Poly(ethylene glycol) Molecular Architecture on Particle Assembly and Ex Vivo Particle每Immune Cell Interactions in Human Blood,Silica,PEG,N/A,-26.8,HP,100,N/A,N/A,N/A,N/A,Inorganic,Sphere,N/A,N/A,N/A,1,37,6,1.3566,0.2601,0.2517
A738,A70,Influence of Poly(ethylene glycol) Molecular Architecture on Particle Assembly and Ex Vivo Particle每Immune Cell Interactions in Human Blood,PEG,No Modification,N/A,-37.8,HP,100,N/A,N/A,N/A,N/A,Organic,Sphere,N/A,N/A,N/A,1,37,6,18.6015,1.0465,0.4988
A739,A70,Influence of Poly(ethylene glycol) Molecular Architecture on Particle Assembly and Ex Vivo Particle每Immune Cell Interactions in Human Blood,PEG,No Modification,N/A,-37.8,HP,100,N/A,N/A,N/A,N/A,Organic,Sphere,N/A,N/A,N/A,1,37,6,25.7672,1.0442,0.8204
A740,A70,Influence of Poly(ethylene glycol) Molecular Architecture on Particle Assembly and Ex Vivo Particle每Immune Cell Interactions in Human Blood,PEG,No Modification,N/A,-38.6,HP,100,N/A,N/A,N/A,N/A,Organic,Sphere,N/A,N/A,N/A,1,37,6,27.2205,1.0162,1.1616
A741,A70,Influence of Poly(ethylene glycol) Molecular Architecture on Particle Assembly and Ex Vivo Particle每Immune Cell Interactions in Human Blood,PEG,No Modification,N/A,-36.4,HP,100,N/A,N/A,N/A,N/A,Organic,Sphere,N/A,N/A,N/A,1,37,6,13.5832,0.9184,1.1745
A742,A71,Sulfidation of Ag and ZnO Nanomaterials Significantly Affects Protein Corona Composition: Implications for Human Exposure to Environmentally Aged Nanomaterials,Ag,No Modification,49.3,-8.05,Human BALF,100,1000,16000,20,4,Inorganic,Sphere,N/A,N/A,N/A,1,37,3,6.012887958,0.018490889,0
A743,A71,Sulfidation of Ag and ZnO Nanomaterials Significantly Affects Protein Corona Composition: Implications for Human Exposure to Environmentally Aged Nanomaterials,Ag,Sulfide,55.6,-19.55,Human BALF,100,1000,16000,20,4,Inorganic,Sphere,N/A,N/A,N/A,1,37,3,8.571185082,0.044653872,0
A744,A71,Sulfidation of Ag and ZnO Nanomaterials Significantly Affects Protein Corona Composition: Implications for Human Exposure to Environmentally Aged Nanomaterials,Zinc Oxide,No Modification,41.9,-22.24,Human BALF,100,1000,16000,20,4,Inorganic,Sphere,N/A,N/A,N/A,1,37,3,4.416585191,0.034514066,0
A745,A71,Sulfidation of Ag and ZnO Nanomaterials Significantly Affects Protein Corona Composition: Implications for Human Exposure to Environmentally Aged Nanomaterials,Zinc Oxide,Sulfide,71.4,-26.4,Human BALF,100,1000,16000,20,4,Inorganic,Sphere,N/A,N/A,N/A,1,37,3,7.892783431,0.059459852,0
A746,A71,Sulfidation of Ag and ZnO Nanomaterials Significantly Affects Protein Corona Composition: Implications for Human Exposure to Environmentally Aged Nanomaterials,Ag,No Modification,71.8,-8.05,Human BALF,100,1000,16000,20,4,Inorganic,Sphere,PBS,N/A,N/A,1,37,3,6.012887958,0.018490889,0
A747,A71,Sulfidation of Ag and ZnO Nanomaterials Significantly Affects Protein Corona Composition: Implications for Human Exposure to Environmentally Aged Nanomaterials,Ag,Sulfide,223.4,-19.55,Human BALF,100,1000,16000,20,4,Inorganic,Sphere,PBS,N/A,N/A,1,37,3,8.571185082,0.044653872,0
A748,A71,Sulfidation of Ag and ZnO Nanomaterials Significantly Affects Protein Corona Composition: Implications for Human Exposure to Environmentally Aged Nanomaterials,Zinc Oxide,No Modification,558.5,-22.24,Human BALF,100,1000,16000,20,4,Inorganic,Sphere,PBS,N/A,N/A,1,37,3,4.416585191,0.034514066,0
A749,A71,Sulfidation of Ag and ZnO Nanomaterials Significantly Affects Protein Corona Composition: Implications for Human Exposure to Environmentally Aged Nanomaterials,Zinc Oxide,Sulfide,654.3,-26.4,Human BALF,100,1000,16000,20,4,Inorganic,Sphere,PBS,N/A,N/A,1,37,3,7.892783431,0.059459852,0
A750,A72,Biological recognition of graphene nanoflakes,Graphite,No Modification,250,N/A,HP,100,N/A,1700,60,N/A,Carbon-Based,Flakes,N/A,N/A,N/A,1,37,3,10.02047216,2.414117269,2.534513073
